Price,Close,High,Low,Open,Volume
Ticker,MSFT,MSFT,MSFT,MSFT,MSFT
Date,,,,,
1987-01-02,0.10202644020318985,0.10416297795428771,0.10149230118060978,0.10309470907873877,12643200
1987-01-05,0.1079019233584404,0.10897019232234555,0.10149230957500951,0.10202644864176807,48499200
1987-01-06,0.1095043271780014,0.11003846626894652,0.10736778915344568,0.1079019282443908,40032000
1987-01-07,0.11538039892911911,0.11538039892911911,0.10950430177585643,0.10950430177585643,60998400
1987-01-08,0.1191193163394928,0.12018820846983241,0.11591451054867286,0.11591451054867286,61488000
1987-01-09,0.12392719089984894,0.12446132998537725,0.11858523152860376,0.11911936144451978,63705600
1987-01-12,0.1319398283958435,0.13300809740567865,0.12285892286341024,0.12392719187324538,128793600
1987-01-13,0.1282002478837967,0.13087153893988188,0.12606371019791873,0.13087153893988188,76320000
1987-01-14,0.1282002478837967,0.1287343777204607,0.1255295711916438,0.1282002478837967,69465600
1987-01-15,0.13514459133148193,0.13834939753279688,0.12820023478290168,0.12820023478290168,117014400
1987-01-16,0.1319398283958435,0.1351446262557366,0.12926853692242116,0.1351446262557366,65433600
1987-01-19,0.13674700260162354,0.13674700260162354,0.12926850690531155,0.13193979775844028,88243200
1987-01-20,0.13888351619243622,0.1420889362892818,0.13621284016341034,0.13674697903705899,95760000
1987-01-21,0.1447596549987793,0.14849860094471115,0.136212888952206,0.1388835659378162,108489600
1987-01-22,0.15918250381946564,0.15971663366295702,0.14048657468599854,0.14475964094276286,116035200
1987-01-23,0.14422552287578583,0.1655921304802007,0.14422552287578583,0.15918251681727041,317894400
1987-01-26,0.1468961387872696,0.14849854622206085,0.14048653655693025,0.14529374052208688,116553600
1987-01-27,0.15277230739593506,0.1549088363741668,0.14689620854049065,0.14689620854049065,114105600
1987-01-28,0.15330642461776733,0.15544296246040598,0.14849859552304717,0.15277228557230185,76723200
1987-01-29,0.1468961387872696,0.1549087628161736,0.1436913422569042,0.15330637372059946,79228800
1987-01-30,0.15624414384365082,0.1565111995733375,0.14475962877466952,0.1468961663082658,104169600
1987-02-02,0.1559770554304123,0.15918247579991074,0.1559770554304123,0.15624412947475821,46915200
1987-02-03,0.15330642461776733,0.15757950030304463,0.1506357477296632,0.15597709233625984,59328000
1987-02-04,0.15384060144424438,0.15437473148310943,0.1517040629495554,0.15330647140537934,31737600
1987-02-05,0.15277230739593506,0.1549088363741668,0.15116990836985802,0.15384057646985738,42652800
1987-02-06,0.1471632570028305,0.15357348469169843,0.14636205304481392,0.15277228073368185,45619200
1987-02-09,0.14582793414592743,0.14689620318087315,0.14502673924692755,0.14689620318087315,136080000
1987-02-10,0.1463620364665985,0.1463620364665985,0.1426231003687105,0.1458278974985515,44668800
1987-02-11,0.15330642461776733,0.15330642461776733,0.14689618755626238,0.14689618755626238,60307200
1987-02-12,0.16398969292640686,0.16479089678228787,0.15330640021909123,0.15330640021909123,185731200
1987-02-13,0.1623874008655548,0.16612632998128296,0.15864845341059539,0.16398979119833917,81763200
1987-02-17,0.163455531001091,0.16398966068693127,0.15864832715009544,0.16238727162941052,70732800
1987-02-18,0.15330642461776733,0.16612625686796503,0.15277228557230185,0.1634555891494725,128592000
1987-02-19,0.1468961387872696,0.1527722348524662,0.14529374052208688,0.1527722348524662,317750400
1987-02-20,0.14529377222061157,0.1468961708353872,0.14315723462117041,0.1468961708353872,87897600
1987-02-23,0.15437465906143188,0.15651119655380852,0.14208895870119476,0.14529376493975968,125913600
1987-02-24,0.16185306012630463,0.16238720794187114,0.1543745689065549,0.1543745689065549,120816000
1987-02-25,0.15918250381946564,0.16479091302418056,0.15811362059893164,0.16185317137614472,65001600
1987-02-26,0.1650579273700714,0.1698657544332163,0.15597702642726138,0.159182446200728,145209600
1987-02-27,0.16398969292640686,0.1661262304290161,0.1613190256329504,0.16505797084732163,37555200
1987-03-02,0.15918250381946564,0.1639897090893324,0.15811362059893164,0.1639897090893324,79516800
1987-03-03,0.15918250381946564,0.16078491168916192,0.15704534257272673,0.15918250381946564,81100800
1987-03-04,0.17039990425109863,0.17093403396447,0.15864833532744158,0.1591824650408129,98179200
1987-03-05,0.17841249704360962,0.18215144105636394,0.17039987420483665,0.17039987420483665,128188800
1987-03-06,0.17787842452526093,0.17948083223643307,0.1736047259881258,0.17841255431591155,63561600
1987-03-09,0.17467297613620758,0.17841252594889542,0.17360469838553874,0.17787839624316967,38275200
1987-03-10,0.18001505732536316,0.18215159595824942,0.1741389479662988,0.17467309637894285,74102400
1987-03-11,0.18268564343452454,0.18375390309836348,0.18054910576762495,0.18268564343452454,43862400
1987-03-12,0.18348684906959534,0.18482218283150464,0.17841256977080688,0.1826856451446054,71337600
1987-03-13,0.17680956423282623,0.18482219067799577,0.17307061853721287,0.18348685685939584,105120000
1987-03-16,0.17574124038219452,0.17627537010261382,0.17039990649956563,0.17627537010261382,88473600
1987-03-17,0.1816173791885376,0.18268563882542468,0.17520714281602934,0.1757412726344729,54547200
1987-03-18,0.19123242795467377,0.19283481753689805,0.1826856532923488,0.1826856532923488,119347200
1987-03-19,0.19497132301330566,0.19497132301330566,0.1880275809565426,0.19123239626841457,62812800
1987-03-20,0.19283491373062134,0.1949714525786003,0.1917666534762478,0.1949714525786003,38246400
1987-03-23,0.19149945676326752,0.19550545766384658,0.18962999334417466,0.19283479039679388,67478400
1987-03-24,0.19283491373062134,0.19390319232422676,0.18695882211922074,0.18695882211922074,69609600
1987-03-25,0.19203364849090576,0.19390313085223604,0.19069831442665616,0.19283485259730074,33840000
1987-03-26,0.19069825112819672,0.19230065880909958,0.19016412134763575,0.19203358474920912,33379200
1987-03-27,0.19603955745697021,0.2003132365605717,0.19176648354748305,0.19176648354748305,120873600
1987-03-30,0.20672360062599182,0.2067236006259918,0.18909593554972295,0.19603968042331588,186134400
1987-03-31,0.20672360062599182,0.21153080720469253,0.20405230880846234,0.20405230880846234,125337600
1987-04-01,0.19443722069263458,0.2109966214114449,0.19336894265811283,0.20672354595180234,259430400
1987-04-02,0.20298391580581665,0.20725761351468971,0.19764258225604453,0.19764258225604453,159955200
1987-04-03,0.21313324570655823,0.21420150583573772,0.20298405924939517,0.20298405924939517,155606400
1987-04-06,0.2120649218559265,0.21366733004600763,0.20832599386470496,0.2131332000957225,98956800
1987-04-07,0.2008475363254547,0.2120649644236936,0.2008475363254547,0.2120649644236936,73728000
1987-04-08,0.20672360062599182,0.208860138920884,0.20084751053573757,0.20084751053573757,106214400
1987-04-09,0.20298391580581665,0.20672348382755584,0.20138152674441503,0.20672348382755584,71568000
1987-04-10,0.20431925356388092,0.20458630921958182,0.2024497722778972,0.20298390192851448,43372800
1987-04-13,0.19764260947704315,0.2040522216230853,0.1965737264221912,0.2040522216230853,50256000
1987-04-14,0.2008475363254547,0.2040523350096899,0.19443729708395385,0.19764271930199007,87379200
1987-04-15,0.2051205188035965,0.20725768011143736,0.20244985117056238,0.20244985117056238,95961600
1987-04-16,0.2104625254869461,0.21473558329611414,0.20458641766444258,0.20512054759818543,188092800
1987-04-20,0.20458641648292542,0.21259904399412624,0.20405228655226723,0.21046252427149353,100310400
1987-04-21,0.20779190957546234,0.2093943182590881,0.2003134094167266,0.20458648701357435,113184000
1987-04-22,0.2104625254869461,0.21099665542068896,0.20779183913978144,0.20779183913978144,74678400
1987-04-23,0.2104625254869461,0.21259904522191753,0.2072577092060386,0.2104625254869461,48326400
1987-04-24,0.2115306407213211,0.21259889985838948,0.2077916970631564,0.21046238158425268,54172800
1987-04-27,0.2115306407213211,0.21313304776613634,0.2077916970631564,0.21153064072132108,53107200
1987-04-28,0.2270219624042511,0.22755611079925814,0.20939429512138402,0.2115308336837241,111081600
1987-04-29,0.22061163187026978,0.23289733227664078,0.22061163187026975,0.2270218495657371,85161600
1987-04-30,0.2222139835357666,0.2270218110445548,0.21740677956036175,0.22061159443677644,88041600
1987-05-01,0.22435058653354645,0.22488473472923048,0.219543381146948,0.22221404876847797,37843200
1987-05-04,0.22862428426742554,0.2302266921667119,0.2232823255218715,0.22435058522858078,34531200
1987-05-05,0.24732013046741486,0.24732013046741488,0.2291583284613382,0.2291583284613382,110995200
1987-05-06,0.24144409596920013,0.24945673999596646,0.24037583635101722,0.24732020242037978,153504000
1987-05-07,0.25266149640083313,0.2531956261236963,0.23984166782261698,0.24144405699120647,289699200
1987-05-08,0.27028918266296387,0.27402875134944915,0.25319565419487844,0.25319565419487844,150048000
1987-05-11,0.26281070709228516,0.27028920315966926,0.26254365135060326,0.27028920315966926,127382400
1987-05-12,0.25372982025146484,0.26548199671180284,0.2499908748341659,0.26281070573987486,148464000
1987-05-13,0.26013997197151184,0.2612082496780191,0.25533276814027067,0.25533276814027067,73382400
1987-05-14,0.26227664947509766,0.26708447941394153,0.26014011125734127,0.26014011125734127,59961600
1987-05-15,0.25479856133461,0.2617423001379295,0.25479856133461,0.2617423001379295,84326400
1987-05-18,0.24625203013420105,0.2547988076376365,0.2393076794241122,0.2547988076376365,172598400
1987-05-19,0.23770521581172943,0.24625197299270538,0.23770521581172943,0.24625197299270538,78336000
1987-05-20,0.23396554589271545,0.23663683619210127,0.2291583420460376,0.23663683619210127,228355200
1987-05-21,0.2382393479347229,0.2409100158704777,0.23449979662671636,0.23449979662671636,93312000
1987-05-22,0.23129482567310333,0.23930746599197592,0.2302265665492633,0.23823918852892345,64627200
1987-05-26,0.23396554589271545,0.23503382360265315,0.2307607494413358,0.2312948791266963,46886400
1987-05-27,0.23396554589271545,0.2393075212973371,0.23289728652199446,0.23396554589271548,48758400
1987-05-28,0.24838851392269135,0.2489226621825782,0.23343151904152196,0.23396564896218405,108662400
1987-05-29,0.24625203013420105,0.2526616456114437,0.2457179000959047,0.24838856862661526,80380800
1987-06-01,0.24144409596920013,0.24625192446297597,0.2414440959692001,0.24625192446297597,30326400
1987-06-02,0.24037590622901917,0.24518373612044572,0.23717110810360512,0.24144416615774844,51552000
1987-06-03,0.24197807908058167,0.24518349762166247,0.24144393129657551,0.24144393129657551,21628800
1987-06-04,0.24037590622901917,0.24197831446133933,0.23877349799669903,0.24197831446133933,20390400
1987-06-05,0.23343156278133392,0.2414441916439667,0.22862435591616348,0.2403759316024747,59270400
1987-06-08,0.2344997376203537,0.23503386740525847,0.2296925328777705,0.23343145971132404,111571200
1987-06-09,0.23289737105369568,0.23503390890982545,0.23182909295601914,0.23449977903059885,25833600
1987-06-10,0.22114579379558563,0.23396562585512015,0.2163385883059497,0.23289736611930015,176256000
1987-06-11,0.20832593739032745,0.22595359641304552,0.207791789245617,0.22488471326855936,268704000
1987-06-12,0.20992833375930786,0.21687270001182965,0.20779179612736948,0.2083259442897701,196156800
1987-06-15,0.20992833375930786,0.2131331493768261,0.20565465330112503,0.20992833375930783,125222400
1987-06-16,0.21420139074325562,0.21687268150393296,0.2093941860664461,0.20992831584404276,73526400
1987-06-17,0.22167986631393433,0.2222139960436626,0.21526964934534015,0.21526964934534015,71078400
1987-06-18,0.22408337891101837,0.2243504344886512,0.21794084387652227,0.22114563918258673,56188800
1987-06-19,0.22328227758407593,0.22702182762747747,0.22221399976749912,0.22488468513933194,40809600
1987-06-22,0.22167986631393433,0.22435053330179394,0.22007747712474948,0.22435053330179394,87436800
1987-06-23,0.21954345703125,0.2216799955348043,0.21473562644927813,0.2216799955348043,100771200
1987-06-24,0.22381645441055298,0.22648774553859782,0.2206116569650157,0.2206116569650157,82684800
1987-06-25,0.22328227758407593,0.2243505370614343,0.22114574029014078,0.22328227758407596,44035200
1987-06-26,0.22381645441055298,0.22488473245188031,0.22167991666712067,0.223816454410553,21945600
1987-06-29,0.22274817526340485,0.22381643487225492,0.21900922995398797,0.22381643487225492,25632000
1987-06-30,0.2179410308599472,0.2238164970184813,0.21740688256798657,0.22328236706574653,38332800
1987-07-01,0.21900922060012817,0.22061162828418543,0.2168726831344585,0.21740681291607092,21945600
1987-07-02,0.21366730332374573,0.2195433922541174,0.21099663556710097,0.2195433922541174,56880000
1987-07-06,0.20832593739032745,0.2158038096848451,0.20725765944012733,0.213133142318176,65491200
1987-07-07,0.19283491373062134,0.2077919143950069,0.19123252334906102,0.2077919143950069,197078400
1987-07-08,0.19924505054950714,0.20244984799097038,0.18909588650196238,0.19443722168414188,193449600
1987-07-09,0.20458641648292542,0.2093942460709521,0.1992450804978935,0.20031334035920983,92707200
1987-07-10,0.2072577029466629,0.20832598112111078,0.20084748372323627,0.2035181516505191,75830400
1987-07-13,0.2120649218559265,0.21259905180621164,0.20512055395086687,0.20725771562490897,48326400
1987-07-14,0.22435058653354645,0.22488473472923048,0.2125990144617147,0.2136672925138602,152812800
1987-07-15,0.21847504377365112,0.2259535376569982,0.2184750437736511,0.22435050678464724,96768000
1987-07-16,0.2179410308599472,0.2200775690101121,0.21366733102593866,0.21900929076541673,72979200
1987-07-17,0.21847504377365112,0.22221396977904428,0.2174067661012416,0.21794091410705438,51264000
1987-07-20,0.2125990241765976,0.21794100153655238,0.21206489429572864,0.21794100153655238,42019200
1987-07-21,0.2120649218559265,0.21580386818637384,0.21046253200507117,0.21259905180621164,36547200
1987-07-22,0.21366730332374573,0.21473556309071423,0.21046250568361669,0.21206489533406947,53366400
1987-07-23,0.20886002480983734,0.2136672287621136,0.2008474008024023,0.2136672287621136,148492800
1987-07-24,0.2104625254869461,0.21259904522191753,0.20886011734649235,0.2093942472802352,57744000
1987-07-27,0.21313324570655823,0.21313324570655823,0.20725775997838186,0.21046257704437976,41817600
1987-07-28,0.2125990241765976,0.21740685331646,0.21206489429572864,0.21420143215842793,38160000
1987-07-29,0.2120649218559265,0.2131332000957225,0.20886012381499008,0.21259905180621164,27676800
1987-07-30,0.2072577029466629,0.21206490888361687,0.20512054140335398,0.21206490888361687,55555200
1987-07-31,0.2008475363254547,0.20618887357892315,0.19657383565318712,0.20618887357892315,186624000
1987-08-03,0.19603955745697021,0.2019156438614333,0.19497127980999063,0.2008473845536693,116352000
1987-08-04,0.20031332969665527,0.20031332969665527,0.1960396486059972,0.1960396486059972,135072000
1987-08-05,0.20779190957546234,0.21046259682791577,0.2003134094167266,0.20084755787075612,211190400
1987-08-06,0.2158038467168808,0.21713980416297307,0.20832597313915674,0.20832597313915674,152553600
1987-08-07,0.22114579379558563,0.2232823316064486,0.21526970503655,0.21580383490446,171014400
1987-08-10,0.22114579379558563,0.22221405353140564,0.21900925598472268,0.22167992366349565,56448000
1987-08-11,0.2168726772069931,0.2232822894288175,0.2158037941395035,0.22221401155557038,68544000
1987-08-12,0.21366730332374573,0.2174068543809569,0.21366730332374573,0.21687272449747264,42364800
1987-08-13,0.2200775295495987,0.22328232703060402,0.21366729271479853,0.21366729271479853,80640000
1987-08-14,0.22114579379558563,0.22167992366349565,0.21900925598472268,0.22007753405976563,50832000
1987-08-17,0.22274817526340485,0.22274817526340482,0.22007750790205882,0.22114576751090892,33667200
1987-08-18,0.21900922060012817,0.2222140176290227,0.2168726831344585,0.22114575806579784,46944000
1987-08-19,0.21900922060012817,0.2195433503817406,0.21473552213530986,0.21900922060012817,48902400
1987-08-20,0.22488471865653992,0.2259536018266353,0.2190092356377214,0.2190092356377214,82051200
1987-08-21,0.22862428426742554,0.23129495187342122,0.22435058522858078,0.22435058522858078,68976000
1987-08-24,0.2387734353542328,0.23984171334192445,0.22541885098519052,0.22862427180335132,97747200
1987-08-25,0.24518372118473053,0.2494567973177996,0.23823935351964523,0.2409100215180071,185961600
1987-08-26,0.24678605794906616,0.2521273924010794,0.24411476718958552,0.24518365027777425,114105600
1987-08-27,0.24732013046741486,0.24838838977480857,0.24411471067268858,0.24678600081371804,72432000
1987-08-28,0.2569352388381958,0.25907177643842766,0.24785433508849736,0.24785433508849736,114796800
1987-08-31,0.25372982025146484,0.25693524104322946,0.2494567450143293,0.25586696306433493,84326400
1987-09-01,0.24251244962215424,0.2537298943439977,0.24144417133130813,0.2521274860773418,93859200
1987-09-02,0.24571779370307922,0.24625192351010383,0.23984170561385798,0.24037583542088262,78393600
1987-09-03,0.24625203013420105,0.251593385534851,0.2430466080314155,0.24838856862661526,70934400
1987-09-04,0.23930753767490387,0.24678603233277566,0.23877338961377104,0.24625188427164282,48355200
1987-09-08,0.2382393479347229,0.23930762611255962,0.23129498043243082,0.23877347785402891,96336000
1987-09-09,0.24090991914272308,0.24358058600617827,0.23823925227926787,0.23930753002818034,60710400
1987-09-10,0.24464885890483856,0.2473201492487238,0.24144404406085504,0.24197819209433027,58176000
1987-09-11,0.24838851392269135,0.2489226621825782,0.24358068442464184,0.24464896260519073,41040000
1987-09-14,0.25479856133461,0.25640096823974867,0.24892247638127746,0.24892247638127746,94464000
1987-09-15,0.2518603801727295,0.2553328756203291,0.24838850825875697,0.2553328756203291,39052800
1987-09-16,0.2494567334651947,0.2564010993527539,0.24945673346519467,0.2521274007799548,57715200
1987-09-17,0.24785438179969788,0.2510591796344186,0.24304655234436873,0.24999091980258656,69436800
1987-09-18,0.24571779370307922,0.24785433127039855,0.2435806326022512,0.24785433127039855,31651200
1987-09-21,0.22862428426742554,0.2446489317761847,0.2264877465147845,0.22862428426742554,85550400
1987-09-22,0.24464885890483856,0.24678601955446555,0.22648767905294498,0.22862421616919498,82008000
1987-09-23,0.2574692964553833,0.2580034261208584,0.24678600625567385,0.24678600625567385,107697600
1987-09-24,0.261742502450943,0.2702892599595543,0.2564011664241939,0.2564011664241939,118440000
1987-09-25,0.26494789123535156,0.2777677416581683,0.2617424701490732,0.262810729886898,82454400
1987-09-28,0.27349400520324707,0.2788359633760087,0.2638789719833847,0.26494785510904556,95544000
1987-09-29,0.2745629847049713,0.27883606125199134,0.27189169291417586,0.2756312630113398,57412800
1987-09-30,0.28310897946357727,0.2847119920514814,0.27349394824611606,0.27349394824611606,85680000
1987-10-01,0.292724072933197,0.2937929560635691,0.2820407617348609,0.2831090396709549,127224000
1987-10-02,0.3098175525665283,0.31088584873488495,0.2937929266489915,0.2948612044781294,131644800
1987-10-05,0.3375944197177887,0.3375944197177887,0.3140912784098545,0.3140912784098545,184320000
1987-10-06,0.31515955924987793,0.3386626627292383,0.31355715161302095,0.3375944031974799,203040000
1987-10-07,0.3119541108608246,0.3215691432416559,0.3055444988494917,0.3162278090684879,125640000
1987-10-08,0.30768120288848877,0.31729624047875404,0.2969979052204934,0.3130231634893761,96940800
1987-10-09,0.30661284923553467,0.321569219328371,0.30661284923553467,0.3087493687389501,93888000
1987-10-12,0.3055446147918701,0.31195422923540406,0.2948613188581946,0.30768115293971476,117187200
1987-10-13,0.3130231201648712,0.31622793663295096,0.30340808390539165,0.3087494202332228,96811200
1987-10-14,0.3044763207435608,0.3194326729564932,0.3023391593016995,0.3130230775709576,114220800
1987-10-15,0.30127090215682983,0.310885956116729,0.2991343640997998,0.30127090215682983,128822400
1987-10-16,0.2766993045806885,0.31836421631495604,0.27456276799353935,0.30127069489053016,210240000
1987-10-19,0.19336888194084167,0.27135740867231634,0.19230062258097252,0.26281063690313683,146880000
1987-10-20,0.2051205188035965,0.2222140497256866,0.18375391233296276,0.19657376251216277,324000000
1987-10-21,0.24197807908058167,0.2585374673099428,0.21366712783654185,0.22114561861442159,262080000
1987-10-22,0.22755593061447144,0.2478542504427113,0.21794090033319122,0.24251229390257883,223200000
1987-10-23,0.20618881285190582,0.22648776637370466,0.2029839967723281,0.22435060490011013,112766400
1987-10-26,0.16772867739200592,0.20512054072387756,0.15918252538163094,0.19871094505532091,148320000
1987-10-27,0.17627538740634918,0.18375388277739285,0.16772863248960318,0.17413884997572493,234720000
1987-10-28,0.17627538740634918,0.1816173636859883,0.164523817174057,0.17093405299939843,149760000
1987-10-29,0.20405226945877075,0.2083259687581307,0.17627542471975718,0.17627542471975718,167040000
1987-10-30,0.2125990241765976,0.22328233702368894,0.20725768868946104,0.2125990241765976,168480000
1987-11-02,0.21473552286624908,0.21794096177875355,0.20725765088056125,0.21046246625958465,84772800
1987-11-03,0.2051205188035965,0.21366729343425286,0.18695872816398182,0.21046249594245642,116150400
1987-11-04,0.20832593739032745,0.21687269282933128,0.19657374290643725,0.20084744156230297,95342400
1987-11-05,0.2158038467168808,0.2190092679725981,0.20832597313915674,0.20939423293344991,81432000
1987-11-06,0.20298391580581665,0.2158037618656985,0.2008473970572812,0.21473548415221402,75355200
1987-11-09,0.2008475363254547,0.20298405655545854,0.19443729708395385,0.19977925787122336,86587200
1987-11-10,0.2008475363254547,0.2072577572277261,0.19443729708395385,0.19871099775622142,91166400
1987-11-11,0.20939424633979797,0.210462524541711,0.2019157487496535,0.20298400861234142,54619200
1987-11-12,0.21366730332374573,0.22221406001076216,0.2093942275774247,0.21687272449747264,99172800
1987-11-13,0.20618881285190582,0.21473556980620767,0.2061888128519058,0.21366731000583114,58492800
1987-11-16,0.20405226945877075,0.21259902618466636,0.20298399134771916,0.2083259687581307,59472000
1987-11-17,0.1997791826725006,0.20298398015042055,0.1933689458438719,0.1997791826725006,69321600
1987-11-18,0.2051205188035965,0.20512051880359652,0.19230068696361913,0.2029839810293247,89308800
1987-11-19,0.19764260947704315,0.2072576420599513,0.1965737264221912,0.20618875900509936,75024000
1987-11-20,0.20298391580581665,0.20405219351930112,0.191232365798636,0.1944371622606559,82468800
1987-11-23,0.20405226945877075,0.2083259687581307,0.20084747180406312,0.20191573157589113,44640000
1987-11-24,0.20298391580581665,0.2093941506024419,0.1944371622606559,0.20725761351468971,72230400
1987-11-25,0.19657373428344727,0.20405222978341675,0.19657373428344727,0.2029839518800782,32155200
1987-11-27,0.19336888194084167,0.19764257959211154,0.19230062258097252,0.1965736966988821,18316800
1987-11-30,0.19123242795467377,0.1923006876761566,0.17307061890854095,0.18909589017248535,164160000
1987-12-01,0.1869587004184723,0.19550545544152922,0.1837538850630622,0.19016412096813895,73540800
1987-12-02,0.18802756071090698,0.19123237567770443,0.18268560335180054,0.18589039997938034,68515200
1987-12-03,0.1725364327430725,0.19123236554880405,0.17200230305663644,0.1890958284638431,127670400
1987-12-04,0.17948085069656372,0.18108324023332606,0.17093407627672227,0.17200235430711933,121752000
1987-12-07,0.1848221719264984,0.1869587094873362,0.18054909680482284,0.18375389397646913,66211200
1987-12-08,0.20298391580581665,0.20298391580581665,0.18375385328852628,0.18482213100201073,112521600
1987-12-09,0.19764260947704315,0.20618875900509936,0.1965737264221912,0.20191568424107126,83793600
1987-12-10,0.20298391580581665,0.2115306876901941,0.1890958287108838,0.1944371622606559,165600000
1987-12-11,0.2051205188035965,0.20725768011143736,0.19977918353752824,0.2040522590860719,72475200
1987-12-14,0.2168726772069931,0.21794095508024022,0.20405222403563988,0.20512048356966756,95112000
1987-12-15,0.21900922060012817,0.22167988784741027,0.21366726257208501,0.21900922060012817,112219200
1987-12-16,0.23182910680770874,0.23396564479149576,0.2147355742093768,0.2158038523708825,105537600
1987-12-17,0.2222139835357666,0.23396555215783038,0.22114572413643982,0.23396555215783038,94017600
1987-12-18,0.2222139835357666,0.22969249622130608,0.22221398353576663,0.22435052067363737,52488000
1987-12-21,0.2200775295495987,0.22862428581225402,0.2168727137293708,0.22435058674453162,51163200
1987-12-22,0.22435058653354645,0.22648774783218129,0.2136672925138602,0.22007752934263203,41774400
1987-12-23,0.22755593061447144,0.22969246748504527,0.22328223334001843,0.22755593061447144,60710400
1987-12-24,0.22755593061447144,0.22969246748504527,0.22648765300957707,0.22755593061447144,12672000
1987-12-28,0.21900922060012817,0.22755599399628584,0.21366726257208501,0.22648771609384102,50716800
1987-12-29,0.23289737105369568,0.23503390890982545,0.21580383947669496,0.2190092606248709,79459200
1987-12-30,0.2382393479347229,0.23930762611255962,0.23182911035173684,0.2328973885295736,70704000
1987-12-31,0.23182910680770874,0.23823934429269994,0.22969258716314617,0.23610280630891295,61545600
1988-01-04,0.23930753767490387,0.2414440565625635,0.2328973024608619,0.23396556190469173,110347200
1988-01-05,0.2435806691646576,0.24785436847430384,0.2414441312766356,0.2446489472782804,155520000
1988-01-06,0.24999086558818817,0.2553328238009468,0.24358062943604553,0.24464890737542952,121680000
1988-01-07,0.25853756070137024,0.2590716903391115,0.24571771582697982,0.24785425271715972,90676800
1988-01-08,0.23930753767490387,0.26387893534198753,0.23770513016994121,0.25746932366135483,145440000
1988-01-11,0.24732013046741486,0.24785426012111172,0.233965532023041,0.23823922946437653,143568000
1988-01-12,0.24251244962215424,0.2499909478348762,0.23182913487612059,0.2478544095924106,168480000
1988-01-13,0.24251244962215424,0.2499909478348762,0.23396567311858618,0.23930765142806917,96148800
1988-01-14,0.24037590622901917,0.24785440428149516,0.2393076463002899,0.24464898262238877,40608000
1988-01-15,0.24678605794906616,0.25319565195579413,0.24678605794906613,0.2521273924010794,92174400
1988-01-18,0.24464885890483856,0.24785427894298206,0.24037578467233853,0.24785427894298206,30038400
1988-01-19,0.24464885890483856,0.24892255667071556,0.23823924755608852,0.23930752528382201,47419200
1988-01-20,0.23076079785823822,0.24464890616020088,0.22435056173793674,0.24251236863126618,208800000
1988-01-21,0.23503383994102478,0.24037579737777579,0.2318290249276458,0.2318290249276458,125107200
1988-01-22,0.23022665083408356,0.23984168335873127,0.22541882280503428,0.23770514598966316,75297600
1988-01-25,0.2382393479347229,0.24037588595117168,0.23182911035173684,0.23182911035173684,75499200
1988-01-26,0.23289737105369568,0.23877345993722798,0.23182909295601914,0.23503390890982545,43560000
1988-01-27,0.2382393479347229,0.24037588595117168,0.23396564836818562,0.23396564836818562,100411200
1988-01-28,0.24144409596920013,0.2425123739266039,0.23930757673283434,0.23930757673283434,29318400
1988-01-29,0.2382393479347229,0.2435806838062325,0.2328973885295736,0.2414441457897837,66700800
1988-02-01,0.23610273003578186,0.24358060139369325,0.23503384702517371,0.24251234191651383,48729600
1988-02-02,0.2382393479347229,0.23930762611255962,0.23396564836818562,0.23610280991827412,60753600
1988-02-03,0.22541888058185577,0.23823933680994144,0.22328234266517438,0.23823933680994144,75801600
1988-02-04,0.2179410308599472,0.22755606689975508,0.21259905278124328,0.2264877886550597,114710400
1988-02-05,0.2200775295495987,0.22862428581225402,0.21900925149644854,0.2222140489774539,94104000
1988-02-08,0.22114579379558563,0.2243505913422686,0.21687271817385972,0.21687271817385972,72878400
1988-02-09,0.22541888058185577,0.22648776390419514,0.22221406453722178,0.22328234266517438,49939200
1988-02-10,0.2296924740076065,0.2307607333036213,0.22435049897656345,0.2264876594411314,77025600
1988-02-11,0.23396554589271545,0.23396554589271548,0.2296924900706148,0.2307607494413358,69436800
1988-02-12,0.23610273003578186,0.2403758046229365,0.2328973097315964,0.2339655692087758,80222400
1988-02-16,0.24571779370307922,0.2467860716563493,0.23289733957136666,0.235033877138686,67334400
1988-02-17,0.24571779370307922,0.25105912845176714,0.24464891055552132,0.24785433127039855,101318400
1988-02-18,0.24785438179969788,0.25212745780547524,0.24358068226028473,0.24464896043134138,84153600
1988-02-19,0.25105923414230347,0.25105923414230347,0.24678617554801985,0.24892271401477595,53164800
1988-02-22,0.25105923414230347,0.2521275125452958,0.2478544356117836,0.25105923414230347,52228800
1988-02-23,0.25426405668258667,0.2564012187307763,0.25105923974136524,0.25105923974136524,91728000
1988-02-24,0.2558669149875641,0.2596058597023244,0.2542639022957328,0.2542639022957328,79560000
1988-02-25,0.24838851392269135,0.258537697645036,0.2473202540813672,0.25533288144261396,61560000
1988-02-26,0.24892258644104004,0.2510591054735938,0.24464888816404276,0.24892258644104007,29923200
1988-02-29,0.25372982025146484,0.2542639500713015,0.24785433721559813,0.2499908748341659,39326400
1988-03-01,0.25212737917900085,0.2564010773856519,0.249990841842396,0.25533279954774,43300800
1988-03-02,0.25426405668258667,0.25960601733276883,0.25105923974136524,0.252127518168182,67896000
1988-03-03,0.26067426800727844,0.26281080644453164,0.25533293108375965,0.2564012094720004,83664000
1988-03-04,0.2596057951450348,0.26174233183085066,0.25533272177340305,0.26067405431833607,68356800
1988-03-07,0.2676186263561249,0.26815277469885984,0.25960599775209336,0.26067425775910813,78004800
1988-03-08,0.2729599177837372,0.27669946880958995,0.2681527121942433,0.2692209719522538,96897600
1988-03-09,0.27349400520324707,0.2756311662602933,0.2702891897483113,0.2713574676796967,81734400
1988-03-10,0.26815280318260193,0.27776784115771225,0.266550394662641,0.27456302411779054,97948800
1988-03-11,0.2670844793319702,0.2692210175490709,0.2606742411469698,0.2670844793319702,84297600
1988-03-14,0.2718915641307831,0.27242569386135945,0.2628106618206922,0.2660161004160064,46281600
1988-03-15,0.2670844793319702,0.27242581570510876,0.26601621939303305,0.27242581570510876,43761600
1988-03-16,0.2766993045806885,0.2766993045806885,0.26494773898775187,0.2681525530380818,54547200
1988-03-17,0.2729599177837372,0.27990426642284477,0.2724257695655086,0.27776774690682376,125308800
1988-03-18,0.24892258644104004,0.2734939857745024,0.24892258644104007,0.2724257079190064,169920000
1988-03-21,0.25105923414230347,0.25105923414230347,0.24251247508073656,0.2499909740785397,198720000
1988-03-22,0.2574692964553833,0.25960583345649973,0.2510590619186907,0.2510590619186907,115833600
1988-03-23,0.25212737917900085,0.26655023951355206,0.251059101341089,0.2638789488941594,151200000
1988-03-24,0.24144409596920013,0.2510591294232408,0.23823929877543054,0.2510591294232408,159840000
1988-03-25,0.23984168469905853,0.24625190203631728,0.2382392770784978,0.24251235184051362,47332800
1988-03-28,0.24304644763469696,0.24358057732049837,0.23503382379665888,0.23717098441244827,67147200
1988-03-29,0.24144409596920013,0.24892261018687503,0.24037583635101722,0.2446489115021906,80712000
1988-03-30,0.23396554589271545,0.24358057711943779,0.23182900881205679,0.2425123177487168,100713600
1988-03-31,0.24144409596920013,0.2414440959692001,0.23289734047256322,0.23289734047256322,50256000
1988-04-04,0.23610273003578186,0.24144406410011593,0.2328973097315964,0.2393075451457571,47721600
1988-04-05,0.23930753767490387,0.23930753767490387,0.2328973024608619,0.2371710004480263,41760000
1988-04-06,0.24838851392269135,0.2489226621825782,0.2382393485395715,0.2393076267201204,75297600
1988-04-07,0.24464885890483856,0.2510590754477486,0.24464885890483853,0.24892255667071556,74923200
1988-04-08,0.24785438179969788,0.24999091980258656,0.24411483051542535,0.2457178437968092,57974400
1988-04-11,0.24571779370307922,0.24999086883771793,0.2435806326022512,0.24999086883771793,40406400
1988-04-12,0.2382393479347229,0.24678612353415771,0.23503392654602237,0.24464896198406924,52444800
1988-04-13,0.2435806691646576,0.24358066916465762,0.2371710738398152,0.23930761172783718,42206400
1988-04-14,0.22648769617080688,0.24144406230911394,0.22541881316812756,0.23717100609287478,110030400
1988-04-15,0.23182910680770874,0.23503392295300146,0.22541888766194199,0.22755604917935918,114220800
1988-04-18,0.23396554589271545,0.23610270650674076,0.2296924900706148,0.2307607494413358,48052800
1988-04-19,0.23182910680770874,0.24358068008255523,0.23076084698542748,0.23396564479149576,75772800
1988-04-20,0.23289737105369568,0.23503390890982545,0.22969257343911267,0.23182909295601914,65404800
1988-04-21,0.23236317932605743,0.23717100717143066,0.22969251230155596,0.23503384635055888,63979200
1988-04-22,0.23610273003578186,0.23823926732935918,0.2328973097315964,0.2328973097315964,33926400
1988-04-25,0.235568568110466,0.2382392347777286,0.2339655372410785,0.23610269777607532,23385600
1988-04-26,0.2382393479347229,0.2414441457897837,0.23610280991827412,0.2382393479347229,46454400
1988-04-27,0.2371709942817688,0.2393075314530981,0.23182901865044378,0.23823925369782473,47894400
1988-04-28,0.2366369217634201,0.23823932973817205,0.23503390859429932,0.23717106998115295,28468800
1988-04-29,0.23289737105369568,0.23503390890982545,0.23182909295601914,0.23503390890982545,64771200
1988-05-02,0.23503383994102478,0.23610272291941578,0.22862422825348475,0.23289730271184478,49262400
1988-05-03,0.24144409596920013,0.2435806335447868,0.23610276119984386,0.23610276119984386,62740800
1988-05-04,0.24411484599113464,0.24678613761292215,0.2393076397646874,0.24251243780257697,75153600
1988-05-05,0.2435806691646576,0.2446489472782804,0.2403758715022364,0.2425124093902584,24883200
1988-05-06,0.24464885890483856,0.24785427894298206,0.24251232178858853,0.24251232178858853,43977600
1988-05-09,0.24464885890483856,0.24892255667071556,0.24251232178858853,0.24464885890483853,34790400
1988-05-10,0.2435806691646576,0.24625196047348144,0.2403758715022364,0.2446489472782804,46828800
1988-05-11,0.2382393479347229,0.2414441457897837,0.23503392654602237,0.2414441457897837,59486400
1988-05-12,0.23930753767490387,0.2414440565625635,0.2371710004480263,0.23823925989185613,26409600
1988-05-13,0.24251244962215424,0.24358070957377373,0.24037591137968864,0.24144417133130813,17913600
1988-05-16,0.24892258644104004,0.25159325357095136,0.2425123507922699,0.2425123507922699,59788800
1988-05-17,0.24785438179969788,0.2531957176373073,0.24785438179969788,0.25212745780547524,70430400
1988-05-18,0.24251244962215424,0.24945681785906645,0.24144417133130813,0.2478544095924106,81374400
1988-05-19,0.2435806691646576,0.2446489472782804,0.2382393336142144,0.23930761172783718,57729600
1988-05-20,0.24037590622901917,0.24678614435276588,0.2393076463002899,0.24464898262238877,42523200
1988-05-23,0.23503383994102478,0.24144405682275683,0.23289730271184478,0.24037579737777579,50227200
1988-05-24,0.24251244962215424,0.24251244962215426,0.23396567311858618,0.2350339514094323,55324800
1988-05-25,0.2382393479347229,0.2435806838062325,0.23717108809611084,0.2414441457897837,53582400
1988-05-26,0.23984168469905853,0.24358061136140793,0.2382392770784978,0.23930755493861136,43387200
1988-05-27,0.2371709942817688,0.24037579086915403,0.2371709942817688,0.24037579086915403,33148800
1988-05-31,0.24785438179969788,0.2489226599707545,0.23610280841978662,0.23717108659084327,44049600
1988-06-01,0.2531956136226654,0.2564010520134285,0.24678602058633242,0.24892255771151575,95788800
1988-06-02,0.25212737917900085,0.2564010773856519,0.251059101341089,0.2542639165156057,63230400
1988-06-03,0.25426405668258667,0.25533294030395953,0.25105923974136524,0.252127518168182,34833600
1988-06-06,0.2596057951450348,0.26067405431833607,0.25319556155433587,0.2542638390668504,81748800
1988-06-07,0.26067426800727844,0.2649479684155473,0.25800359954551905,0.26067426800727844,82166400
1988-06-08,0.26494789123535156,0.2670844290502242,0.25960593233420054,0.25960593233420054,66283200
1988-06-09,0.2638790011405945,0.26868683004851285,0.26334487128549355,0.26601616243378556,69264000
1988-06-10,0.2660160958766937,0.2681526331017595,0.2617423978931534,0.2638789351182192,45014400
1988-06-13,0.266550213098526,0.26922087991981525,0.2660160834021115,0.2670843427949404,31118400
1988-06-14,0.2692209780216217,0.27135751592503254,0.2681527182395282,0.2692209780216217,60379200
1988-06-15,0.27349400520324707,0.27349400520324707,0.2670843926325959,0.26815267056398134,51033600
1988-06-16,0.2713574171066284,0.2724256764997011,0.2692208799812659,0.2702891393743386,73713600
1988-06-17,0.2692209780216217,0.2745629371441437,0.2681527182395282,0.27135751592503254,42105600
1988-06-20,0.26815280318260193,0.2692210633030895,0.26494798614268017,0.26815280318260193,28137600
1988-06-21,0.27349400520324707,0.27349400520324707,0.2670843926325959,0.2670843926325959,39715200
1988-06-22,0.2863144278526306,0.2884509651432132,0.27509698812844857,0.2777676734960907,127324800
1988-06-23,0.28204086422920227,0.287382842706018,0.2809726042441205,0.286314564381709,41054400
1988-06-24,0.2788359820842743,0.28310905741807346,0.27776772242043535,0.2820407794150128,28555200
1988-06-27,0.27349400520324707,0.2788359633760087,0.27349400520324707,0.2788359633760087,23630400
1988-06-28,0.2809724807739258,0.28204074028957293,0.2724257077584208,0.2734939856132871,32140800
1988-06-29,0.2809724807739258,0.2841779011935376,0.2799042029190595,0.28204074028957293,49809600
1988-06-30,0.2863144278526306,0.2863144278526306,0.2820407297380375,0.28310900755293805,31550400
1988-07-01,0.29058754444122314,0.29058754444122314,0.2852462096122308,0.28631446924234083,42940800
1988-07-05,0.2975318729877472,0.2980660027353019,0.28631443305956406,0.28845097038900186,48096000
1988-07-06,0.2937929034233093,0.30127077427923993,0.29272402048445406,0.2980659777236175,89380800
1988-07-07,0.2937929034233093,0.294861181167995,0.28951920558961436,0.2916557427397684,68428800
1988-07-08,0.292724072933197,0.2937929560635691,0.2895192574641355,0.2905875354002295,40089600
1988-07-11,0.2852461636066437,0.29379291782025224,0.2852461636066437,0.29379291782025224,65764800
1988-07-12,0.28043845295906067,0.2873828208862422,0.2766995066167026,0.2863145426430431,90000000
1988-07-13,0.2852461636066437,0.2852461636066437,0.27776766885085225,0.2799041877664864,57427200
1988-07-14,0.2863144278526306,0.2863144278526306,0.2820407297380375,0.2852461683769485,34848000
1988-07-15,0.2863144278526306,0.28738270566753116,0.28310900755293805,0.2863144278526306,31579200
1988-07-18,0.28845104575157166,0.2895193055257816,0.2863145078639282,0.2873827859773617,20102400
1988-07-19,0.28204086422920227,0.28845110269109975,0.2809726042441205,0.287382842706018,36460800
1988-07-20,0.27349400520324707,0.28417792154877025,0.27242572727186165,0.28417792154877025,111096000
1988-07-21,0.26067426800727844,0.27349412216456,0.2585377479092536,0.27242584377631923,128937600
1988-07-22,0.2638790011405945,0.2670844221439875,0.25853766591113997,0.2596059256213419,68817600
1988-07-25,0.25853756070137024,0.26708431345618583,0.2574692830866728,0.26494777656600593,52704000
1988-07-26,0.24785438179969788,0.25212745780547524,0.2425124224284527,0.24785438179969788,228960000
1988-07-27,0.24625203013420105,0.25212751557314733,0.2457179000959047,0.2489227170041404,68140800
1988-07-28,0.24892258644104004,0.2499908459573169,0.24358061030854675,0.24571777121377117,57945600
1988-07-29,0.25426405668258667,0.2564012187307763,0.24892271956618955,0.24999097965377737,59385600
1988-08-01,0.24999086558818817,0.2564011017403308,0.24999086558818817,0.2553328238009468,51825600
1988-08-02,0.24571779370307922,0.25105912845176714,0.24251237298820197,0.24999086883771793,65476800
1988-08-03,0.24037590622901917,0.24571786608481036,0.23717110810360512,0.24464898262238877,91987200
1988-08-04,0.2371709942817688,0.24144405028520996,0.2371709942817688,0.24037579086915403,53496000
1988-08-05,0.22862428426742554,0.23717105881155234,0.22114578776923047,0.23717105881155234,201600000
1988-08-08,0.22755593061447144,0.22969246748504527,0.22541877021059228,0.22969246748504527,148320000
1988-08-09,0.22114579379558563,0.2275560307617542,0.21794099624890267,0.22648775268671126,138830400
1988-08-10,0.2158038467168808,0.2211458059004084,0.2136673087890705,0.2190092679725981,113169600
1988-08-11,0.22114579379558563,0.22221405353140564,0.21366729709359705,0.21794099624890267,123105600
1988-08-12,0.2222139835357666,0.22328226127431056,0.22007746473711304,0.22114572413643982,58262400
1988-08-15,0.2168726772069931,0.2232822894288175,0.2136672567322287,0.22221401155557038,41083200
1988-08-16,0.22435058653354645,0.22541886458569196,0.2147355522267832,0.2158038302789287,90878400
1988-08-17,0.22435058653354645,0.23022669350585676,0.219543381146948,0.22435058653354645,59112000
1988-08-18,0.22541888058185577,0.22755604203214774,0.22435060245390315,0.22541888058185577,32025600
1988-08-19,0.2158038467168808,0.226487765083936,0.21473556858336368,0.22541888175602898,67377600
1988-08-22,0.2051205188035965,0.2158038312085247,0.2040522590860719,0.21473555315177748,110174400
1988-08-23,0.2109965980052948,0.21259898737048877,0.20405223220497345,0.2061887696977856,88315200
1988-08-24,0.2200775295495987,0.2206116594065625,0.2104624952337932,0.2115307549477208,102585600
1988-08-25,0.2168726772069931,0.22007749248751504,0.2136672567322287,0.21473551626625637,72633600
1988-08-26,0.21954345703125,0.22114586549372295,0.2168727884866143,0.2168727884866143,24451200
1988-08-29,0.22274817526340485,0.22435056467668,0.22114576751090892,0.22221402711975902,35035200
1988-08-30,0.21900922060012817,0.22328229553146753,0.21794096103690333,0.2222140176290227,20966400
1988-08-31,0.21366730332374573,0.22114580024379363,0.21046250568361669,0.22007754047682512,71884800
1988-09-01,0.20886002480983734,0.2125989510287094,0.20512045671836793,0.21153069163452226,82382400
1988-09-02,0.2200775295495987,0.2211457892635263,0.2115307549477208,0.2125990146616484,115329600
1988-09-06,0.2222139835357666,0.22435052067363737,0.21900918699856908,0.22007746473711304,67752000
1988-09-07,0.22114579379558563,0.22541886941731154,0.21687271817385972,0.2232823316064486,72115200
1988-09-08,0.2222139835357666,0.22755595908343534,0.21900918699856908,0.22007746473711304,69206400
1988-09-09,0.23076079785823822,0.23396559498203,0.22007750501928788,0.22114576461414498,111124800
1988-09-12,0.2296924740076065,0.2350338071661112,0.22862419637237635,0.2296924740076065,43257600
1988-09-13,0.23076079785823822,0.23182905745309532,0.22541883967201434,0.22755600073444646,40608000
1988-09-14,0.23076079785823822,0.23610275604446213,0.22969253826338115,0.23449974311867908,79214400
1988-09-15,0.22328227758407593,0.231829031954027,0.22221399976749912,0.23076077247666865,72921600
1988-09-16,0.2222139835357666,0.22435052067363737,0.22114572413643982,0.22328226127431056,48700800
1988-09-19,0.22114579379558563,0.2243505913422686,0.21794099624890267,0.2243505913422686,44697600
1988-09-20,0.22755593061447144,0.22755593061447144,0.22114569646944457,0.22221395573512406,53625600
1988-09-21,0.2296924740076065,0.2307607333036213,0.22862419637237635,0.22862419637237635,16056000
1988-09-22,0.23289737105369568,0.23503390890982545,0.22969257343911267,0.2307608331975659,59688000
1988-09-23,0.2296924740076065,0.23289727023486623,0.2296924740076065,0.23289727023486623,35092800
1988-09-26,0.22381645441055298,0.23076082102546247,0.2211457868160682,0.22969256132335747,50212800
1988-09-27,0.2222139835357666,0.22328226127431056,0.22007746473711304,0.22221398353576663,35366400
1988-09-28,0.22648769617080688,0.22648769617080688,0.22114573861267006,0.2232822758903988,25516800
1988-09-29,0.22648769617080688,0.22862423344853564,0.22435053535965402,0.22541881316812756,56462400
1988-09-30,0.22328227758407593,0.2264876978887983,0.22114574029014078,0.22541881487801113,37252800
1988-10-03,0.21954345703125,0.22114586549372295,0.21580390487066972,0.21900932699016862,41097600
1988-10-04,0.21847504377365112,0.22221396977904428,0.2174067661012416,0.22007745111265734,29260800
1988-10-05,0.21473552286624908,0.21900922134561468,0.21366726329938798,0.21900922134561468,67089600
1988-10-06,0.21366730332374573,0.21687272449747264,0.21366730332374573,0.21473556309071423,33609600
1988-10-07,0.2125990241765976,0.2147355620392969,0.20458639741229795,0.21366730227755895,208065600
1988-10-10,0.2104625254869461,0.21366732342862843,0.20405228773069972,0.21366732342862843,106358400
1988-10-11,0.2125990241765976,0.21580384014025825,0.20939422655216036,0.2125990241765976,65952000
1988-10-12,0.2163386195898056,0.22114582577459224,0.20939425175152998,0.2115307898713491,137534400
1988-10-13,0.2200775295495987,0.22328232703060402,0.21473555242872613,0.2152697006249125,82468800
1988-10-14,0.21900922060012817,0.22328229553146753,0.21794096103690333,0.2222140176290227,56764800
1988-10-17,0.2222139835357666,0.22435052067363737,0.21900918699856908,0.21900918699856908,25675200
1988-10-18,0.22435058653354645,0.22541886458569196,0.2190092512904865,0.221145789055555,37224000
1988-10-19,0.22755593061447144,0.22969246748504527,0.22328223334001843,0.22862418988015093,80683200
1988-10-20,0.22862428426742554,0.23076082202006656,0.2254188632745125,0.2254188632745125,73296000
1988-10-21,0.22648769617080688,0.22862423344853564,0.22435053535965402,0.22648769617080688,24264000
1988-10-24,0.2222139835357666,0.22755595908343534,0.22167985383610322,0.22755595908343534,28627200
1988-10-25,0.2158038467168808,0.22328234382821868,0.2136673087890705,0.22221406569470156,74548800
1988-10-26,0.2125990241765976,0.21580384014025825,0.20725768868946104,0.2147355620392969,157420800
1988-10-27,0.2115306407213211,0.21153064072132108,0.20405214821097412,0.21046238158425268,114336000
1988-10-28,0.2115306407213211,0.21259889985838948,0.20725756749462218,0.21046238158425268,46540800
1988-10-31,0.20939424633979797,0.210462524541711,0.20725770827519704,0.210462524541711,41284800
1988-11-01,0.20832593739032745,0.21259899417346556,0.20832593739032745,0.2093941970013068,53280000
1988-11-02,0.20191572606563568,0.20832596307294063,0.19977918824106192,0.20832596307294063,221803200
1988-11-03,0.20191572606563568,0.20405226389020942,0.1971085205451505,0.20191572606563568,118339200
1988-11-04,0.19871093332767487,0.20405226884930866,0.19871093332767487,0.19871093332767487,106603200
1988-11-07,0.1997791826725006,0.20084746072462228,0.19657376166101437,0.1987109229596015,55065600
1988-11-08,0.20779190957546234,0.2093943182590881,0.20084755787075612,0.20191581810035236,56606400
1988-11-09,0.2125990241765976,0.21366730227755895,0.20405226753142897,0.20512052729316693,124732800
1988-11-10,0.20939424633979797,0.21580386053360076,0.20939424633979797,0.2125990442670868,78796800
1988-11-11,0.20351815223693848,0.20939424155968486,0.2029840039785631,0.20725770354385745,54936000
1988-11-14,0.2072577029466629,0.20832598112111078,0.2029840033936828,0.20512054140335398,34329600
1988-11-15,0.2008475363254547,0.2072577572277261,0.19871099775622142,0.2072577572277261,93902400
1988-11-16,0.19764260947704315,0.20191568424107126,0.19443718904017715,0.20138155448037254,199008000
1988-11-17,0.19657373428344727,0.19977915484850248,0.1955054563801087,0.19764261738104533,65865600
1988-11-18,0.19924505054950714,0.19977918039988063,0.19550548138488885,0.19764264265916437,34430400
1988-11-21,0.19657373428344727,0.19764261738104533,0.19336891891265154,0.19657373428344727,47102400
1988-11-22,0.19657373428344727,0.19871089528438388,0.19443719681599012,0.19657373428344727,30312000
1988-11-23,0.20031332969665527,0.20084747793810614,0.196573778508224,0.1976426618462973,56548800
1988-11-25,0.1981768161058426,0.19871096441294403,0.1955055243935444,0.1976426861379675,11462400
1988-11-28,0.2008475363254547,0.20298405655545854,0.19764271930199007,0.19764271930199007,58737600
1988-11-29,0.20298391580581665,0.20298391580581665,0.19977911934379672,0.2008473970572812,21873600
1988-11-30,0.20191572606563568,0.20405226389020942,0.20191572606563568,0.20191572606563568,35193600
1988-12-01,0.20939424633979797,0.2115307844043989,0.20084748888696558,0.20298400861234142,82008000
1988-12-02,0.2125990241765976,0.2147355620392969,0.20725768868946104,0.20725768868946104,91497600
1988-12-05,0.2115306407213211,0.21580371394801998,0.20832584497090323,0.21259889985838948,70142400
1988-12-06,0.2125990241765976,0.2125990241765976,0.20939422655216036,0.21153076441485966,44366400
1988-12-07,0.2104625254869461,0.21366732342862843,0.20992837721397806,0.21153078535443182,30888000
1988-12-08,0.20939424633979797,0.2115307844043989,0.20832598647711006,0.210462524541711,40176000
1988-12-09,0.20939424633979797,0.210462524541711,0.20725770827519704,0.20832598647711006,22305600
1988-12-12,0.202449768781662,0.20939413267073245,0.202449768781662,0.20832587338794634,38894400
1988-12-13,0.20405226945877075,0.20405226945877075,0.20191573157589113,0.20191573157589113,39168000
1988-12-14,0.20672360062599182,0.20832600893196773,0.2029840304914027,0.20405230880846234,28008000
1988-12-15,0.20939424633979797,0.210462524541711,0.20725770827519704,0.20939424633979797,23198400
1988-12-16,0.2125990241765976,0.2147355620392969,0.2083259667904224,0.2083259667904224,51796800
1988-12-19,0.2168726772069931,0.22007749248751504,0.2158037941395035,0.21633854743997927,83534400
1988-12-20,0.21900922060012817,0.22435055509469237,0.21794096103690333,0.2195433503817406,92188800
1988-12-21,0.22328227758407593,0.2243505370614343,0.2190092029962056,0.22007748081278244,46440000
1988-12-22,0.2222139835357666,0.2264876813448914,0.22114572413643982,0.22435052067363737,74592000
1988-12-23,0.2222139835357666,0.22221398353576663,0.22007746473711304,0.22114572413643982,17121600
1988-12-27,0.22114579379558563,0.2243505913422686,0.22114579379558563,0.22221405353140564,30772800
1988-12-28,0.22328227758407593,0.22328227758407596,0.22114574029014078,0.22221399976749912,21268800
1988-12-29,0.22755593061447144,0.22862418988015093,0.22221395573512406,0.22221395573512406,38275200
1988-12-30,0.22755593061447144,0.23182898601640428,0.22755593061447144,0.22862418988015093,63820800
1989-01-03,0.22915837168693542,0.22969251978060293,0.22541882153312984,0.22862424193248695,51825600
1989-01-04,0.23182910680770874,0.23449979304186083,0.22862430900164046,0.22862430900164046,53899200
1989-01-05,0.2280900776386261,0.23396554072628287,0.22755594796506026,0.23396554072628287,47246400
1989-01-06,0.22648769617080688,0.2296925112570092,0.22648769617080688,0.22862423344853564,59054400
1989-01-09,0.22435058653354645,0.2275560258843268,0.22274819696416198,0.22648774783218129,46008000
1989-01-10,0.2222139835357666,0.22435052067363737,0.22114572413643982,0.22328226127431056,54129600
1989-01-11,0.22435058653354645,0.22435058653354645,0.22007752934263203,0.22167991891201647,48297600
1989-01-12,0.22435058653354645,0.22969256364939528,0.22328232682062346,0.22328232682062346,54590400
1989-01-13,0.22648769617080688,0.22755597397928043,0.22435053535965402,0.22435053535965402,35568000
1989-01-16,0.2270219624042511,0.23129503952893127,0.22541894870311904,0.22755611079925814,27532800
1989-01-17,0.2200775295495987,0.2259536181882125,0.21900925149644854,0.22488473494071798,41745600
1989-01-18,0.2200775295495987,0.2211457892635263,0.21473555242872613,0.2211457892635263,63633600
1989-01-19,0.22862428426742554,0.22969256231335727,0.2232823255218715,0.2232823255218715,84297600
1989-01-20,0.23129482567310333,0.23236310313615582,0.22755590040045076,0.2286241595242908,61027200
1989-01-23,0.22648769617080688,0.23076077072626439,0.22595356643617928,0.23076077072626439,52228800
1989-01-24,0.22541888058185577,0.22862430182087654,0.22435060245390315,0.22648776390419514,56217600
1989-01-25,0.22648769617080688,0.22755597397928043,0.22435053535965402,0.22648769617080688,49046400
1989-01-26,0.23182910680770874,0.23289738496921447,0.22435060950043628,0.22488475775080136,87134400
1989-01-27,0.2366369217634201,0.24144412734845272,0.22969257313075714,0.2312949627662858,166420800
1989-01-30,0.24999086558818817,0.25105912518835155,0.23610275721724003,0.23717103515662402,110088000
1989-01-31,0.25479856133461,0.2574692272837004,0.2499907354252292,0.25212727185234374,125092800
1989-02-01,0.2531956136226654,0.2553327742812283,0.25212735422968224,0.2542638913548656,131212800
1989-02-02,0.26013997197151184,0.26922087348371343,0.25319560753310816,0.2542638852396154,180028800
1989-02-03,0.26067426800727844,0.2670845068528005,0.2564012094720004,0.2585377479092536,91324800
1989-02-06,0.25853756070137024,0.2606740792523351,0.2553327461964929,0.25960581997685267,87580800
1989-02-07,0.26548200845718384,0.2670844163268083,0.2585376602801117,0.2590717901235791,127094400
1989-02-08,0.2670844793319702,0.27349409398327235,0.2628107793640705,0.26494794111486947,133315200
1989-02-09,0.2724257707595825,0.276699470022396,0.26387901410677445,0.2649478974030626,199036800
1989-02-10,0.2644137144088745,0.271357456489257,0.2633448313272931,0.26922091905381473,129038400
1989-02-13,0.261742502450943,0.2649479239328052,0.26067422424205805,0.2628107623206027,94075200
1989-02-14,0.2574692964553833,0.26601606799319233,0.2564010371244331,0.264413660657551,62956800
1989-02-15,0.2660160958766937,0.2660160958766937,0.2574693234430218,0.25853760122516367,81936000
1989-02-16,0.26815280318260193,0.2713576018832941,0.26174256390818373,0.2670845247228848,61387200
1989-02-17,0.2670844793319702,0.2702892774880081,0.26601621939303305,0.2692210175490709,29692800
1989-02-21,0.2638790011405945,0.26815270019341186,0.2628107230911701,0.26601616243378556,33753600
1989-02-22,0.25640109181404114,0.26387896374334896,0.25640109181404114,0.2628106858453222,95515200
1989-02-23,0.2580035626888275,0.25960597087266496,0.25319573294286735,0.25746943274062356,75945600
1989-02-24,0.25105923414230347,0.2596060115430989,0.25105923414230347,0.2574694730763428,76017600
1989-02-27,0.2553328275680542,0.25746936513912344,0.24999086927648184,0.251059128892406,68788800
1989-02-28,0.25426405668258667,0.2574694788183642,0.252127518168182,0.2564012187307763,43444800
1989-03-01,0.2531956136226654,0.25746931140641166,0.2531956136226654,0.2564010520134285,59889600
1989-03-02,0.2596057951450348,0.26067405431833607,0.25319556155433587,0.25319556155433587,92304000
1989-03-03,0.2638790011405945,0.2649478843843612,0.25853766591113997,0.2596059256213419,68947200
1989-03-06,0.26494789123535156,0.26601616931239935,0.26067419207202536,0.2638790079639458,56635200
1989-03-07,0.22862428426742554,0.25640112731322456,0.22755602456071625,0.2553328492672928,788688000
1989-03-08,0.22435058653354645,0.23289736112738674,0.22381645667708497,0.22969256364939528,253612800
1989-03-09,0.22114579379558563,0.22541886941731154,0.22007753405976563,0.22541886941731154,123307200
1989-03-10,0.22114579379558563,0.2243505913422686,0.21794099624890267,0.22007753405976563,66902400
1989-03-13,0.22541888058185577,0.22541888058185577,0.221145804748493,0.22221406453722178,60206400
1989-03-14,0.22541888058185577,0.22755604203214774,0.22328234266517438,0.22755604203214774,63720000
1989-03-15,0.21473552286624908,0.2254188337644414,0.21473552286624908,0.2254188337644414,104889600
1989-03-16,0.21900922060012817,0.220077498502573,0.21580380003775468,0.2168726831344585,102888000
1989-03-17,0.19871093332767487,0.21580384153403592,0.1965737719175778,0.21473556342617509,245577600
1989-03-20,0.19871093332767487,0.19871093332767487,0.19550549380971693,0.1981767851041327,238996800
1989-03-21,0.21313324570655823,0.21366737577114797,0.19764272192503826,0.19977926052262696,224467200
1989-03-22,0.20939424633979797,0.2125990442670868,0.20725770827519704,0.2115307844043989,167025600
1989-03-23,0.21473552286624908,0.21473552286624908,0.20832592878664238,0.20832592878664238,87811200
1989-03-27,0.2125990241765976,0.21633859355472204,0.21153076441485966,0.21366730227755895,75542400
1989-03-28,0.2125990241765976,0.21580384014025825,0.2104625046531217,0.2147355620392969,70804800
1989-03-29,0.2115306407213211,0.21259889985838948,0.21046238158425268,0.21259889985838948,30009600
1989-03-30,0.21313324570655823,0.21366737577114797,0.20992842864056033,0.21259909730273877,46742400
1989-03-31,0.21313324570655823,0.2147356359003275,0.21153083717355928,0.21366737577114797,29736000
1989-04-03,0.21473552286624908,0.21687268387267242,0.21206485560987628,0.21366726329938798,35049600
1989-04-04,0.21366730332374573,0.21473556309071423,0.21153076545058522,0.21473556309071423,25027200
1989-04-05,0.21526971459388733,0.2158038444855111,0.21259902845732087,0.2136673065797922,19641600
1989-04-06,0.21900922060012817,0.220077498502573,0.21473552213530986,0.21580380003775468,51681600
1989-04-07,0.21900922060012817,0.22114575806579784,0.21794096103690333,0.21900922060012817,29448000
1989-04-10,0.21954345703125,0.22328240399727725,0.21900932699016862,0.21900932699016862,28670400
1989-04-11,0.21954345703125,0.22221412557588566,0.21526977482958837,0.2200776054115602,28728000
1989-04-12,0.20565469563007355,0.22114582079312103,0.20351815755838149,0.22114582079312103,71020800
1989-04-13,0.20832593739032745,0.21526967987935544,0.20298396078426162,0.20405223873446174,92880000
1989-04-14,0.2168726772069931,0.2190092146142679,0.21046245979092623,0.21046245979092623,62625600
1989-04-17,0.2200775295495987,0.22381645688756782,0.2168727137293708,0.21900925149644854,51638400
1989-04-18,0.22755593061447144,0.22755593061447144,0.22221395573512406,0.22435049260569792,69336000
1989-04-19,0.2344997376203537,0.23823928798739002,0.23289732992641926,0.23503386740525847,168969600
1989-04-20,0.23930753767490387,0.2414440565625635,0.2328973024608619,0.23503383968773947,138801600
1989-04-21,0.23610273003578186,0.2393075451457571,0.23503384702517371,0.2393075451457571,58190400
1989-04-24,0.235568568110466,0.23717097544650995,0.23289727790985987,0.23503381491151312,29332800
1989-04-25,0.23396554589271545,0.23823924358739942,0.23289728652199446,0.23717098421667843,24897600
1989-04-26,0.23076079785823822,0.2350338729161076,0.2291583901267321,0.2350338729161076,44510400
1989-04-27,0.23396554589271545,0.23449969391729264,0.2307607494413358,0.2307607494413358,34588800
1989-04-28,0.2387734353542328,0.24037584316615956,0.22969254979104295,0.23396560672414524,69782400
1989-05-01,0.23343156278133392,0.23930767156098268,0.2318291543798677,0.23663698477879627,33739200
1989-05-02,0.23076079785823822,0.2350338729161076,0.22862426032930355,0.23396559498203,34372800
1989-05-03,0.23076079785823822,0.23396559498203,0.23076079785823822,0.23076079785823822,28857600
1989-05-04,0.22435058653354645,0.23182908307524122,0.22328232682062346,0.23182908307524122,37425600
1989-05-05,0.2222139835357666,0.22755595908343534,0.22114572413643982,0.22755595908343534,35827200
1989-05-08,0.2200775295495987,0.22328232703060402,0.21794099178252097,0.2222140489774539,49003200
1989-05-09,0.22648769617080688,0.22862423344853564,0.22007747914341486,0.22114573861267006,54590400
1989-05-10,0.23076079785823822,0.23396559498203,0.22755600073444646,0.22862426032930355,58752000
1989-05-11,0.23076079785823822,0.23182905745309532,0.22862426032930355,0.23182905745309532,34401600
1989-05-12,0.23182910680770874,0.23503392295300146,0.22862430900164046,0.23343151488035513,71092800
1989-05-15,0.23396554589271545,0.23503382360265315,0.2307607494413358,0.2312948791266963,74736000
1989-05-16,0.24037590622901917,0.24144416615774844,0.2328974081765432,0.23396566810527247,83433600
1989-05-17,0.24518372118473053,0.2478543891830924,0.2409100215180071,0.2409100215180071,89812800
1989-05-18,0.24892258644104004,0.25052497571545534,0.24464888816404276,0.24464888816404276,52574400
1989-05-19,0.24892258644104004,0.2542639207008626,0.24838843834368246,0.24838843834368246,62568000
1989-05-22,0.2531956136226654,0.2542638913548656,0.24678602058633242,0.24892255771151575,74275200
1989-05-23,0.24197807908058167,0.25212723542165866,0.24037567240697996,0.24892244041366363,97545600
1989-05-24,0.24571779370307922,0.2457177937030792,0.23823929785356326,0.23984170561385798,69364800
1989-05-25,0.24571779370307922,0.24999086883771793,0.2435806326022512,0.2457177937030792,33840000
1989-05-26,0.2515931725502014,0.25212730213633366,0.24678596959658466,0.24785422876884916,37886400
1989-05-30,0.25212737917900085,0.2547986697983935,0.249990841842396,0.25212737917900085,63907200
1989-05-31,0.25853756070137024,0.2606740792523351,0.2521273264975195,0.2521273264975195,80971200
1989-06-01,0.25640109181404114,0.25960588882968166,0.25533281391601437,0.25746935137284804,62798400
1989-06-02,0.24892258644104004,0.2574693411223639,0.24892258644104007,0.2569352113642255,54043200
1989-06-05,0.24251244962215424,0.2499909478348762,0.24144417133130813,0.2499909478348762,61416000
1989-06-06,0.24999086558818817,0.25052499538826983,0.24144409189649815,0.24251236983588215,53899200
1989-06-07,0.2553328275680542,0.2564011055231993,0.251059128892406,0.251059128892406,44928000
1989-06-08,0.2553328275680542,0.25746936513912344,0.2542639444186203,0.2553328275680542,29217600
1989-06-09,0.2553328275680542,0.25693523533116136,0.25319566646347524,0.2553328275680542,36144000
1989-06-12,0.25212737917900085,0.25746933688434487,0.25052497159174253,0.25533279954774,51681600
1989-06-13,0.24464885890483856,0.24999081605923207,0.24464885890483853,0.2494566863649738,40564800
1989-06-14,0.24678605794906616,0.24785431750378087,0.24144408162435907,0.24678605794906613,47304000
1989-06-15,0.24251244962215424,0.24678614964079112,0.24037591137968864,0.24678614964079112,52113600
1989-06-16,0.24251244962215424,0.24358070957377373,0.24037591137968864,0.2419783196463445,47361600
1989-06-19,0.24144409596920013,0.2435806335447868,0.23717103915724766,0.2435806335447868,27158400
1989-06-20,0.23289737105369568,0.24251240577026092,0.23289737105369568,0.24144412767258439,45806400
1989-06-21,0.23503383994102478,0.23930753793279474,0.2275559688085037,0.2275559688085037,80496000
1989-06-22,0.2371709942817688,0.2371709942817688,0.23503383357704646,0.23610271652649545,36072000
1989-06-23,0.2366369217634201,0.2393076078344145,0.2361027918849105,0.23717106998115295,33537600
1989-06-26,0.23396554589271545,0.23717098421667843,0.23182900881205679,0.23610270650674076,30240000
1989-06-27,0.23022665083408356,0.2361027383780573,0.2296925210766213,0.2339655774755384,35899200
1989-06-28,0.22541888058185577,0.2307608397375579,0.22221406453722178,0.2307608397375579,57456000
1989-06-29,0.2222139835357666,0.22595355164522798,0.21900918699856908,0.22595355164522798,77198400
1989-06-30,0.22648769617080688,0.22862423344853564,0.21900920133494128,0.22221399808192524,67248000
1989-07-03,0.23076079785823822,0.23182905745309532,0.2270218525977974,0.2270218525977974,14688000
1989-07-05,0.23610273003578186,0.23717100785217976,0.23076077243801907,0.2328973097315964,26539200
1989-07-06,0.22541888058185577,0.23930761493789404,0.22381647255953876,0.23823933680994144,94780800
1989-07-07,0.22862428426742554,0.23182908172677585,0.22488473342115786,0.2254188632745125,41457600
1989-07-10,0.2344997376203537,0.23503386740525847,0.22862425496874086,0.2296925328777705,27259200
1989-07-11,0.22862428426742554,0.23717105881155234,0.22755602456071625,0.23449976767199396,43488000
1989-07-12,0.22755593061447144,0.22862418988015093,0.22221395573512406,0.22648765300957707,52156800
1989-07-13,0.22648769617080688,0.2296925112570092,0.22435053535965402,0.2270218259054345,33408000
1989-07-14,0.22541888058185577,0.22862430182087654,0.221145804748493,0.22755604203214774,42768000
1989-07-17,0.22755593061447144,0.22862418988015093,0.22435049260569792,0.22541877021059228,31291200
1989-07-18,0.22862428426742554,0.23182908172677585,0.22755602456071625,0.22755602456071625,42984000
1989-07-19,0.23129482567310333,0.23289723269807586,0.22755590040045076,0.23076069611118333,29764800
1989-07-20,0.22862428426742554,0.23610278076562063,0.22862428426742554,0.23182908172677585,44524800
1989-07-21,0.23610273003578186,0.24144406410011593,0.22541881484025625,0.2264876978508644,99763200
1989-07-24,0.23610273003578186,0.23823926732935918,0.23182903191519846,0.2339655692087758,38361600
1989-07-25,0.2222139835357666,0.24358058364202342,0.22007746473711304,0.23503382989637434,326030400
1989-07-26,0.22541888058185577,0.22755604203214774,0.22221406453722178,0.22541888058185577,123638400
1989-07-27,0.2296924740076065,0.2307607333036213,0.22755593707636157,0.22915832602038375,45561600
1989-07-28,0.23182910680770874,0.23289738496921447,0.22755604917935918,0.23076084698542748,29217600
1989-07-31,0.23396554589271545,0.23503382360265315,0.2296924900706148,0.2307607494413358,33336000
1989-08-01,0.23182910680770874,0.23610280630891295,0.23076084698542748,0.23396564479149576,62136000
1989-08-02,0.23182910680770874,0.23396564479149576,0.23076084698542748,0.23076084698542748,28368000
1989-08-03,0.23503383994102478,0.23610272291941578,0.2318290249276458,0.23236317298935424,27590400
1989-08-04,0.2435806691646576,0.24571783058628185,0.23289737453016895,0.23396563430456815,178128000
1989-08-07,0.24678605794906616,0.24785431750378087,0.24358061907300835,0.24678605794906613,93571200
1989-08-08,0.25212737917900085,0.25319563867769385,0.2457177671691863,0.2457177671691863,110548800
1989-08-09,0.25105923414230347,0.25640121301257907,0.25105923414230347,0.2515933825134139,113774400
1989-08-10,0.24999086558818817,0.2521274031277355,0.24892260598802476,0.2521274031277355,48340800
1989-08-11,0.24678605794906616,0.2542639298497287,0.24678605794906613,0.2521273924010794,61473600
1989-08-14,0.2435806691646576,0.24678610869990464,0.24358066916465762,0.24678610869990464,68990400
1989-08-15,0.24571779370307922,0.24785433127039855,0.24197824318117733,0.2435806326022512,17856000
1989-08-16,0.2387734353542328,0.24785433925664407,0.2371710458815275,0.24678607960817386,46670400
1989-08-17,0.24144409596920013,0.2425123739266039,0.23610276119984386,0.23823929877543054,39960000
1989-08-18,0.24571779370307922,0.2467860716563493,0.24144409503493186,0.24144409503493186,24912000
1989-08-21,0.23984168469905853,0.24732017989643085,0.23930755493861136,0.2457177722758701,32097600
1989-08-22,0.2494567334651947,0.2510591228505185,0.2393075704677674,0.2393075704677674,64771200
1989-08-23,0.2531956136226654,0.2547986445847368,0.24785427997931556,0.25052494680099047,46094400
1989-08-24,0.25212737917900085,0.2585376147222567,0.248922582343703,0.2558669292970865,92764800
1989-08-25,0.2515931725502014,0.25319556130859816,0.24678596959658466,0.2510590246248559,85147200
1989-08-28,0.25266149640083313,0.2542639039086406,0.248922570001573,0.2510590888930257,28540800
1989-08-29,0.24999086558818817,0.2564011017403308,0.24945673578810645,0.2558669536010285,54417600
1989-08-30,0.2531956136226654,0.2547986445847368,0.24999081710449889,0.25105907649748205,40377600
1989-08-31,0.25105923414230347,0.2553329346095867,0.25105923414230347,0.25426405101205185,14198400
1989-09-01,0.2558669149875641,0.25746932248520676,0.25105908730044746,0.2521273650786152,44409600
1989-09-05,0.25640109181404114,0.2606741483884885,0.25479868413661094,0.25533281391601437,93340800
1989-09-06,0.2531956136226654,0.2564010520134285,0.25105907649748205,0.2553327742812283,42379200
1989-09-07,0.24892258644104004,0.2531956428453666,0.24785430858554403,0.2521273833290898,41904000
1989-09-08,0.25212737917900085,0.2542639165156057,0.24678604500709816,0.24785430450579116,39787200
1989-09-11,0.25372982025146484,0.2542639500713015,0.2499908748341659,0.25105913447383915,27907200
1989-09-12,0.2574692964553833,0.2606740927874499,0.2531955989198071,0.2542638765899733,67795200
1989-09-13,0.2660160958766937,0.27135742976974925,0.25853760122516367,0.26067412011101154,181022400
1989-09-14,0.2724257707595825,0.27563121025970316,0.26601617550497886,0.2681527133695879,78163200
1989-09-15,0.26815280318260193,0.2756313025775076,0.2670845247228848,0.27349414046349874,89150400
1989-09-18,0.2713574171066284,0.2713574171066284,0.26708434285590343,0.26708434285590343,39110400
1989-09-19,0.2670844793319702,0.27349409398327235,0.2670844793319702,0.27242581570510876,49204800
1989-09-20,0.27776774764060974,0.27776774764060974,0.26601617504174047,0.26815271290262893,72129600
1989-09-21,0.279904305934906,0.2852462840303095,0.2756312479604441,0.28097258418294097,89352000
1989-09-22,0.28204086422920227,0.28204086422920227,0.276699527625339,0.2799043259198115,43948800
1989-09-25,0.2863144278526306,0.29058750243379583,0.27990419244745485,0.2820407297380375,69940800
1989-09-26,0.2873828113079071,0.2884510711762758,0.2841779950243507,0.28631453310031324,39988800
1989-09-27,0.2847120463848114,0.28791686178391535,0.2809724960046654,0.28310903349099464,69235200
1989-09-28,0.29058754444122314,0.29058754444122314,0.2841779316428996,0.2841779316428996,41428800
1989-09-29,0.292724072933197,0.2969977715326306,0.2895192574641355,0.2905875354002295,64324800
1989-10-02,0.2975318729877472,0.29913426223041145,0.2905875077184397,0.29165576721354924,50428800
1989-10-03,0.2948613166809082,0.3012709127378872,0.29432716839347184,0.3012709127378872,68918400
1989-10-04,0.3226379454135895,0.3237062046448053,0.2927239727358343,0.2948611330707654,260020800
1989-10-05,0.3386625051498413,0.3514829706678268,0.3215690034930628,0.3226378860609315,284760000
1989-10-06,0.3407992720603943,0.3440047113716102,0.33438967718352447,0.3402651238713032,87609600
1989-10-09,0.34934595227241516,0.3504142116838666,0.33759436517775454,0.3397309206790922,58536000
1989-10-10,0.34720951318740845,0.3546880284653096,0.3450729936481491,0.35255147224760325,68299200
1989-10-11,0.3418682813644409,0.34400483823025857,0.3375945807774751,0.34293654145812064,106401600
1989-10-12,0.33545804023742676,0.34400481735902533,0.33438978020855975,0.3418682606228354,58881600
1989-10-13,0.3140912652015686,0.3333213306862559,0.31195412258988137,0.33225307114714475,102643200
1989-10-16,0.32370612025260925,0.3258426748364564,0.2948610561986566,0.3023389238852837,253065600
1989-10-17,0.33599206805229187,0.34827777054776143,0.3172961467713417,0.3215692224987476,177206400
1989-10-18,0.34400463104248047,0.34507289049276685,0.33545785854990423,0.33706026606455186,134784000
1989-10-19,0.3600294291973114,0.36750790915120296,0.342936499540126,0.3461413161078906,179424000
1989-10-20,0.3643031120300293,0.36537137194260333,0.35255151942267665,0.3589611522550245,93542400
1989-10-23,0.3552221953868866,0.36643963994641515,0.35255152720725547,0.3621665635233148,60912000
1989-10-24,0.34560710191726685,0.3525514689052947,0.3365262154102346,0.3525514689052947,157089600
1989-10-25,0.3407992720603943,0.3536197455596959,0.3386627159824746,0.3482777501705603,71481600
1989-10-26,0.3322530686855316,0.3429363608878356,0.33118418562087476,0.33652614348875687,135460800
1989-10-27,0.32904765009880066,0.3333213486980891,0.3258428713082891,0.3322530891012519,97041600
1989-10-30,0.3402651846408844,0.34079933292537157,0.3327873287287711,0.3333214403348071,45921600
1989-10-31,0.34934595227241516,0.3504142116838666,0.34186806303538547,0.34293632244683697,56563200
1989-11-01,0.35094907879829407,0.3546880431646221,0.34934608388304084,0.34934608388304084,74649600
1989-11-02,0.3258430063724518,0.34560719254787164,0.3247747463328135,0.34560719254787164,226051200
1989-11-03,0.33438968658447266,0.3365262060440133,0.3258429118558426,0.3269111715856129,98755200
1989-11-06,0.3301158547401428,0.34079914463341565,0.32691104016078626,0.33438955215313343,88027200
1989-11-07,0.34614112973213196,0.3520172349166728,0.3301158818114042,0.3311841411993157,131544000
1989-11-08,0.3557561933994293,0.3610981510355947,0.35041423576326386,0.35094897069990794,106488000
1989-11-09,0.35789284110069275,0.3610982809201144,0.35255150507671945,0.3589611376482478,111528000
1989-11-10,0.3610982596874237,0.36323481597845314,0.35789282005648293,0.35896111654122176,59169600
1989-11-13,0.3765886723995209,0.37712278381255415,0.35789271895083385,0.36109815767622966,178905600
1989-11-14,0.3696443438529968,0.3813965199957869,0.36750778795293826,0.37925937724066316,95241600
1989-11-15,0.3781909942626953,0.38139639558301497,0.3685759640114838,0.37071310606946467,94492800
1989-11-16,0.3739180266857147,0.3813965038568683,0.36857606864577064,0.38032824429126355,68054400
1989-11-17,0.37124741077423096,0.37712285753682334,0.3707132625783384,0.3744521899142509,31651200
1989-11-20,0.3696443438529968,0.3707132269973121,0.3610981936096457,0.3707132269973121,56937600
1989-11-21,0.3765886723995209,0.37819107999549645,0.3696443070691407,0.3696443070691407,67118400
1989-11-22,0.37712275981903076,0.3781910559340053,0.3739179815094138,0.37712275981903076,38232000
1989-11-24,0.3744521737098694,0.38032828043018546,0.3739180622155356,0.37979413225740816,17971200
1989-11-27,0.3707132935523987,0.3749863694412303,0.3664395941299485,0.3739181096386344,37281600
1989-11-28,0.37178143858909607,0.37712277263169725,0.36857603663717126,0.37178143858909607,56664000
1989-11-29,0.3653712868690491,0.376054580397863,0.36002932833787327,0.3739180610701851,85896000
1989-11-30,0.37178143858909607,0.3728497347403658,0.3578927083401059,0.3589610044913756,111211200
1989-12-01,0.3632347583770752,0.3749863112732401,0.3627006102194104,0.37231564384180116,52070400
1989-12-04,0.36857613921165466,0.3728498385042167,0.3605640992395709,0.3632348036825635,40536000
1989-12-05,0.3707132935523987,0.3728498498360386,0.3675078539325443,0.37071329355239874,44049600
1989-12-06,0.3643031120300293,0.3717815916301821,0.36109829561385537,0.36964444827135123,57384000
1989-12-07,0.3653712868690491,0.3685761025390093,0.3589610686740343,0.3589610686740343,40348800
1989-12-08,0.3621664345264435,0.3675077689832229,0.3546879574248536,0.365371249871887,107625600
1989-12-11,0.3546878695487976,0.36216634479755017,0.3504141721730458,0.36216634479755017,103377600
1989-12-12,0.3525514006614685,0.3578927351034973,0.3440046640278135,0.3578927351034973,93628800
1989-12-13,0.3418682813644409,0.3525515791919434,0.3386628408711549,0.34507309832393834,95788800
1989-12-14,0.333321213722229,0.34079910122885854,0.333321213722229,0.3375942870576707,61516800
1989-12-15,0.32904765009880066,0.3354579045702046,0.3205009131121635,0.3343896449733674,107164800
1989-12-18,0.33438968658447266,0.3375944657737836,0.3290476910451536,0.33011598745336956,78436800
1989-12-19,0.3434704840183258,0.3440046320843047,0.3322530445268434,0.33438960011232277,70473600
1989-12-20,0.3536197543144226,0.3546880140406075,0.34507297961447797,0.34720949906684784,111009600
1989-12-21,0.3568243980407715,0.3568243980407715,0.3472093672645525,0.35361962007876535,55022400
1989-12-22,0.36643946170806885,0.36857601721961203,0.35361965181915606,0.3568244300688184,54892800
1989-12-26,0.3653712868690491,0.3691102140317071,0.36216647119908885,0.3669736947040292,23817600
1989-12-27,0.36857613921165466,0.37178154205564085,0.3643030634526923,0.3675078427630788,62798400
1989-12-28,0.3643031120300293,0.3664396318551773,0.3546880759262766,0.3568245957514246,123091200
1989-12-29,0.37178143858909607,0.37712277263169725,0.364302962067403,0.3653712215402358,77630400
1990-01-02,0.379259318113327,0.379259318113327,0.36804187871904986,0.3728497247693037,53035200
1990-01-03,0.38139650225639343,0.3856695771793211,0.37819110003954987,0.38246479849595527,113774400
1990-01-04,0.3926139771938324,0.3931481253603,0.37925939274950715,0.3813965355920239,125740800
1990-01-05,0.38299891352653503,0.39314809468188305,0.3824648020801886,0.39101153886117673,69566400
1990-01-08,0.38887444138526917,0.38887444138526917,0.37819114754182903,0.3824648465350276,58982400
1990-01-09,0.3878062665462494,0.3931482264036271,0.3856697100097038,0.3888745264752959,70300800
1990-01-10,0.37712275981903076,0.3899432301596153,0.3765886484399791,0.3846012727650798,103766400
1990-01-11,0.3696443438529968,0.382464816285037,0.36323474950970425,0.37925937724066316,95774400
1990-01-12,0.3680419325828552,0.3728497793367488,0.35896104742653406,0.36376885750198645,148910400
1990-01-15,0.3680419325828552,0.3717814830577007,0.36430300564151047,0.36643952484272424,62467200
1990-01-16,0.379259318113327,0.38139646053526566,0.36109813731367635,0.3653712117691705,80092800
1990-01-17,0.3739180266857147,0.386737838363332,0.3717814708760652,0.3760545458169242,97588800
1990-01-18,0.4059678316116333,0.4059678316116333,0.382464731597272,0.38299884294518916,292363200
1990-01-19,0.4022289514541626,0.4102415762283694,0.39955828437390695,0.4070361742056853,99259200
1990-01-22,0.3878062665462494,0.401695002726597,0.3867379699387503,0.401695002726597,167688000
1990-01-23,0.38353317975997925,0.389943399372722,0.3813966232813225,0.3888745159389438,139348800
1990-01-24,0.3878062665462494,0.3878062665462494,0.37231574566679815,0.37605467375768736,180345600
1990-01-25,0.3878062665462494,0.3952847462617202,0.3867379699387503,0.3910116698670815,112752000
1990-01-26,0.3878062665462494,0.38994340993803495,0.3846014500806572,0.3867379699387503,68083200
1990-01-29,0.39101165533065796,0.39421647167710644,0.3856696956718753,0.39101165533065796,55080000
1990-01-30,0.3899432420730591,0.3952845760973766,0.3846012845153175,0.39207979768984813,73108800
1990-01-31,0.3952845633029938,0.3952845633029937,0.389943229451562,0.39314804443379525,112939200
1990-02-01,0.40062665939331055,0.4027632156806658,0.3952847001589748,0.3952847001589748,89193600
1990-02-02,0.40062665939331055,0.40810455138138174,0.39742125644633014,0.39742125644633014,71395200
1990-02-05,0.4027630090713501,0.4027630090713501,0.3984893118337886,0.4000923425909903,59731200
1990-02-06,0.4016950726509094,0.4027633327659113,0.3942165549551772,0.4016950726509094,81964800
1990-02-07,0.39848947525024414,0.4048996936294867,0.3974212155557037,0.39955835847834015,134150400
1990-02-08,0.4027630090713501,0.40596778684072427,0.3984893118337886,0.4000923425909903,95227200
1990-02-09,0.40383145213127136,0.4048997118739467,0.40169493264592065,0.402763192388596,62380800
1990-02-12,0.404899537563324,0.40810435209011264,0.40169475971496565,0.4038312782805379,56088000
1990-02-13,0.404899537563324,0.4070360928073265,0.4038312782805379,0.40596779684611006,58752000
1990-02-14,0.4059678316116333,0.4070361276643345,0.4038313128630978,0.4070361276643345,35870400
1990-02-15,0.41451478004455566,0.41878847957366644,0.40596800451996834,0.40596800451996834,89496000
1990-02-16,0.41878849267959595,0.42199330894610987,0.41771960928325425,0.41985675254228383,70876800
1990-02-20,0.4284035563468933,0.42947181627943287,0.41451482012113233,0.41771963659720357,132652800
1990-02-21,0.41077572107315063,0.4273344950448362,0.40917331350195907,0.42199316092648925,103348800
1990-02-22,0.4118438959121704,0.4198565189762392,0.4113097846171775,0.4134463031540087,60811200
1990-02-23,0.41665127873420715,0.417719538415661,0.4081045043921401,0.4091733876071419,56851200
1990-02-26,0.424129843711853,0.42733466009201526,0.4155830676167123,0.41665136419573406,69220800
1990-02-27,0.41878849267959595,0.4251980885341736,0.41878849267959595,0.4251980885341736,62020800
1990-02-28,0.4219931960105896,0.4262662709962139,0.41878838060176127,0.41878838060176127,39312000
1990-03-01,0.42733460664749146,0.4348130852283159,0.42092501136723337,0.42092501136723337,76867200
1990-03-02,0.44335973262786865,0.44603039961572827,0.4278692185578027,0.42840336662674916,100209600
1990-03-05,0.4497700035572052,0.45190652255821356,0.43694953244895685,0.44229149016335795,75528000
1990-03-06,0.44656455516815186,0.4487016976562974,0.4380184059924112,0.4476334381789391,68630400
1990-03-07,0.4390869140625,0.45083850853544505,0.43908691406249994,0.4476336916104991,47606400
1990-03-08,0.4540431499481201,0.45831684918223187,0.4348130805678187,0.44015507623589545,88977600
1990-03-09,0.4551112651824951,0.4615214813754579,0.44976993185307323,0.45297470984366717,75744000
1990-03-12,0.46258965134620667,0.46472620627231165,0.45297462234157404,0.4540428814654141,68875200
1990-03-13,0.4540431499481201,0.46579474082775435,0.4540431499481201,0.46365818463827085,85204800
1990-03-14,0.4609873294830322,0.4647262921248375,0.45297470602313744,0.4583166628408465,130968000
1990-03-15,0.47434160113334656,0.4775470045103947,0.4604534882431233,0.46098759987778753,81676800
1990-03-16,0.48716193437576294,0.4925032696248318,0.4775469000581829,0.4786151964507528,118900800
1990-03-19,0.4978451728820801,0.4999816919146338,0.4828881458735478,0.4860935846342682,81172800
1990-03-20,0.48288819193840027,0.4989134799919329,0.48075167270203445,0.49784522037375006,92145600
1990-03-21,0.48395615816116333,0.4935711850574426,0.4796830859243644,0.48235375148756165,69840000
1990-03-22,0.47540971636772156,0.4860936330176956,0.4711366411988544,0.4850247498615757,92419200
1990-03-23,0.47113651037216187,0.4839563558524212,0.4657945535305465,0.4786150225441463,53596800
1990-03-26,0.4764786958694458,0.48075177190234336,0.4716708847228272,0.4722049963029085,55929600
1990-03-27,0.48075181245803833,0.4828883323154969,0.4732732960663361,0.4748757042986563,52516800
1990-03-28,0.47434160113334656,0.479683561084411,0.46365826808646804,0.479683561084411,99532800
1990-03-29,0.4722047746181488,0.4818198055422519,0.4700682559439507,0.4716706632888154,64785600
1990-03-30,0.4732731282711029,0.4743414244995287,0.4668635342927454,0.4700683496211439,36691200
1990-04-02,0.4764786958694458,0.48021762364381265,0.46686366043139893,0.4690002167870724,74059200
1990-04-03,0.49570876359939575,0.4967770234312278,0.480751768851128,0.48182002868296003,84643200
1990-04-04,0.49998173117637634,0.5074602452679029,0.4935715133634543,0.4957086560972816,79646400
1990-04-05,0.4892983138561249,0.5005157520348569,0.4892983138561249,0.49944745602791923,66369600
1990-04-06,0.48823028802871704,0.49250332738636454,0.48395658845898,0.4903668077075408,72878400
1990-04-09,0.4892983138561249,0.4925030918416421,0.4860934991921757,0.4860934991921757,31176000
1990-04-10,0.5042547583580017,0.5042547583580017,0.4892983918075453,0.48983250321767297,45187200
1990-04-11,0.5170751214027405,0.5170751214027405,0.5053235358038325,0.506391795079315,70372800
1990-04-12,0.516007125377655,0.5213484615381456,0.512801722154758,0.5202802016417378,48254400
1990-04-16,0.5192115902900696,0.5277583605665844,0.5138696342118853,0.5213481086366721,39470400
1990-04-17,0.5298950672149658,0.5384418405286341,0.5106650014818003,0.518143515242554,66780000
1990-04-18,0.5181435942649841,0.5277586285979623,0.5021183047465344,0.5266903688821267,97797600
1990-04-19,0.5085287690162659,0.5234851447562588,0.506392212027693,0.5128018463149512,58003200
1990-04-20,0.5063919425010681,0.5170752719346442,0.5021182439432302,0.5128015733768063,44661600
1990-04-23,0.5042547583580017,0.5085284565646527,0.4892983918075453,0.5031864988593088,64879200
1990-04-24,0.49570876359939575,0.5106651348140278,0.4828882885147921,0.5106651348140278,47916000
1990-04-25,0.49570876359939575,0.5021183592688372,0.48716198805420524,0.497845319941509,53870400
1990-04-26,0.4903668165206909,0.5021183718559662,0.48929855666207966,0.4999818521387437,46296000
1990-04-27,0.48075181245803833,0.4892985887784698,0.47540985260224716,0.48823032884974055,57124800
1990-04-30,0.49570876359939575,0.49570876359939575,0.4764786928453506,0.480751768851128,51451200
1990-05-01,0.48823028802871704,0.5021183628316105,0.4850248482983918,0.5021183628316105,52473600
1990-05-02,0.4978451728820801,0.4999816919146338,0.48929839986153706,0.48929839986153706,33264000
1990-05-03,0.5042547583580017,0.5106649755620387,0.497845164687406,0.499981683684792,45892800
1990-05-04,0.5277586579322815,0.5277586579322815,0.5042548888845639,0.5085285881974636,47815200
1990-05-07,0.5469886064529419,0.5640821161709197,0.525621985224153,0.529895060056525,97351200
1990-05-08,0.5363056063652039,0.5427152037665882,0.5320319056709903,0.5363056063652039,50824800
1990-05-09,0.5363056063652039,0.5405786468471541,0.5298953487515561,0.5373738664856914,35164800
1990-05-10,0.5512617826461792,0.5555354817978235,0.5363054127885948,0.5405784517282142,48801600
1990-05-11,0.559808611869812,0.5640823117171806,0.5405785397300812,0.555535572234576,49168800
1990-05-14,0.5619449615478516,0.568355178853624,0.559808405838119,0.5662186598223297,47232000
1990-05-15,0.553398609161377,0.5619447555099736,0.5491249124538561,0.559808200583612,54122400
1990-05-16,0.553398609161377,0.553398609161377,0.5427146974983985,0.5512614673802178,38556000
1990-05-17,0.553398609161377,0.5576716823356753,0.5491249124538561,0.553398609161377,41731200
1990-05-18,0.5833123326301575,0.5918591080406322,0.5512618239751438,0.5523300837901377,101822400
1990-05-21,0.6004052758216858,0.6174987904169787,0.5875854241332001,0.5875854241332001,159595200
1990-05-22,0.6110892295837402,0.6174988256880484,0.5897220141827112,0.6068155297543728,142437600
1990-05-23,0.6484802961349487,0.6495492526702988,0.6142938968256979,0.6153621564706359,141184800
1990-05-24,0.653822124004364,0.6730521864750807,0.6495490865176421,0.6559586427477251,146649600
1990-05-25,0.6345922350883484,0.6516857834906205,0.6324557157606705,0.6345922350883484,104688000
1990-05-29,0.6431388854980469,0.6452754778932107,0.6324556300947205,0.6345921491330074,61480800
1990-05-30,0.645275354385376,0.6538220891145422,0.6388650649286972,0.6506172744920855,65073600
1990-05-31,0.6239089369773865,0.6452755984910851,0.619635237890194,0.6388653066094133,69436800
1990-06-01,0.6420709490776062,0.6431391723948331,0.6239090986912817,0.6260456920395546,69069600
1990-06-04,0.653822124004364,0.6602323404462476,0.6324555427902865,0.6399340552822838,59162400
1990-06-05,0.6271136999130249,0.6623690185427281,0.6217723650911677,0.6602324992853621,80258400
1990-06-06,0.6239089369773865,0.6367287871718246,0.619635237890194,0.6260455297718658,86292000
1990-06-07,0.6153624057769775,0.6303194406465877,0.6068156282644424,0.6260457401234305,90122400
1990-06-08,0.6281819939613342,0.6303191734229747,0.6110890697165829,0.615362144894392,63770400
1990-06-11,0.6399341225624084,0.6452754566608108,0.6239087998434613,0.6239087998434613,58240800
1990-06-12,0.6484802961349487,0.6495492526702988,0.6367287431502191,0.6452755538785776,46656000
1990-06-13,0.653822124004364,0.6645054512898362,0.6420705740256448,0.6484801302557277,80265600
1990-06-14,0.645275354385376,0.6559586077438924,0.6345920276699968,0.6538220891145422,58204800
1990-06-15,0.6495496034622192,0.6580956852370692,0.6367290870183672,0.6367290870183672,51552000
1990-06-18,0.6399341225624084,0.651685673776639,0.6367286472201221,0.6474119756287968,52790400
1990-06-19,0.6410022974014282,0.6452754083745157,0.6303190431490614,0.6388651183814984,41716800
1990-06-20,0.6634374260902405,0.6645057225764899,0.6410025396669327,0.6442073557687842,39564000
1990-06-21,0.6580953001976013,0.6645055913474464,0.6495492234229038,0.6623689987968898,34308000
1990-06-22,0.6474117636680603,0.6645053035961878,0.6452752453995642,0.660232193702345,34034400
1990-06-25,0.636728823184967,0.6538223734334023,0.6345923036265376,0.6463438580883994,68983200
1990-06-26,0.6388654112815857,0.646343927428892,0.636728891493948,0.6431391110689842,50198400
1990-06-27,0.6516860127449036,0.6538225328241802,0.6367289784086281,0.6388654984879046,35762400
1990-06-28,0.653822124004364,0.6602323404462476,0.6506173092108892,0.654890420054478,30052800
1990-06-29,0.6495496034622192,0.6538226443496442,0.6431393085618307,0.6538226443496442,34956000
1990-07-02,0.6303191184997559,0.6495491838520828,0.6292501620776592,0.6495491838520828,35474400
1990-07-03,0.6153624057769775,0.6281822602788907,0.6110893287875996,0.627113963522703,79257600
1990-07-05,0.6174986362457275,0.619635155398884,0.6046788244364215,0.6110890421078179,61855200
1990-07-06,0.6260454654693604,0.6324556833357341,0.6132256165916772,0.616430432097332,41803200
1990-07-09,0.6345922350883484,0.6388652737437042,0.6260454975656558,0.6281820168933336,37317600
1990-07-10,0.6303191184997559,0.6410023740292388,0.6281819392243396,0.6345921566267892,29700000
1990-07-11,0.645275354385376,0.6474118730147262,0.6260452929408307,0.6324555090406466,28922400
1990-07-12,0.6623688340187073,0.6645054260377417,0.6431387722787588,0.6431387722787588,89042400
1990-07-13,0.6698475480079651,0.6880093925662417,0.6623690335473718,0.6645056262100224,93628800
1990-07-16,0.6773250102996826,0.6901455124960899,0.6709154560914931,0.6730519741608896,48729600
1990-07-17,0.6645055413246155,0.6794624949782818,0.6580952506573261,0.6783942721402998,54475200
1990-07-18,0.6495496034622192,0.6645059801374578,0.6452759023624682,0.6602328658931077,41853600
1990-07-19,0.6559587717056274,0.6559587717056274,0.6303191479642183,0.6442072194166173,63136800
1990-07-20,0.6260454654693604,0.6687792976057056,0.6239088728943352,0.6580953077342173,87724800
1990-07-23,0.6153624057769775,0.6324559608020479,0.6089521850983601,0.6260457401234305,74203200
1990-07-24,0.5939955115318298,0.6196351342764245,0.570491747655656,0.6196351342764245,137102400
1990-07-25,0.6110892295837402,0.6132257860708107,0.5875854576956406,0.5982687536293162,60148800
1990-07-26,0.5875852704048157,0.6324556565364335,0.5640821295419411,0.6089518921400797,303321600
1990-07-27,0.5897217988967896,0.5982685352232928,0.5790384701847561,0.585448724161044,51019200
1990-07-30,0.5811750888824463,0.5897218628137291,0.5619450217596609,0.5854487876148466,87955200
1990-07-31,0.5683553814888,0.5865171935106699,0.5640823052242975,0.5833123771426801,42307200
1990-08-01,0.5704916715621948,0.5747653693647152,0.5448519788806017,0.5662185972930568,111117600
1990-08-02,0.5640822052955627,0.5704918368960581,0.5491252122913556,0.5598085062544844,91771200
1990-08-03,0.5405783653259277,0.5619449870683197,0.5160069648910507,0.5598084312615564,117180000
1990-08-06,0.5170751214027405,0.5298949295987009,0.49998157921467923,0.5256218558183411,113184000
1990-08-07,0.523485004901886,0.5320317807497225,0.51280170931473,0.523485004901886,91065600
1990-08-08,0.5427148342132568,0.5469885319973614,0.5298949879277022,0.5341686857118069,86263200
1990-08-09,0.556603729724884,0.5619450649645424,0.5405784402603317,0.5469886954242439,77054400
1990-08-10,0.5512617826461792,0.5619450768856984,0.5363054127885948,0.5566037415327284,73188000
1990-08-13,0.5555354952812195,0.5598085343245497,0.5405784648485882,0.5448521641039594,53942400
1990-08-14,0.5491251945495605,0.5630139273977662,0.5448521191801049,0.5576719688220148,33710400
1990-08-15,0.5491251945495605,0.5619450441914704,0.5491251945495605,0.5533988934525591,51408000
1990-08-16,0.5277586579322815,0.5512618034463964,0.5277586579322815,0.5469887276670995,53330400
1990-08-17,0.5149385929107666,0.5277584384508085,0.5128014507155227,0.5213481855748998,95227200
1990-08-20,0.47434160113334656,0.5170754468192048,0.4743416011333466,0.5149388902451886,113601600
1990-08-21,0.4636582136154175,0.4679319131166217,0.4337448479199578,0.46365821361541754,165650400
1990-08-22,0.459384948015213,0.47434131172803523,0.4561795099154149,0.47006823786554536,79236000
1990-08-23,0.44229158759117126,0.4593851371452343,0.43588136896422564,0.4487018062181169,107445600
1990-08-24,0.4892983138561249,0.49357138784857973,0.44656449294329814,0.44656449294329814,95443200
1990-08-27,0.5192115902900696,0.5234846636617013,0.5042546047620691,0.5042546047620691,110116800
1990-08-28,0.5373737215995789,0.5405785010969724,0.5128016914597409,0.514938834658306,79826400
1990-08-29,0.5170751214027405,0.5448519165573672,0.5128014240890697,0.5341686269123717,77954400
1990-08-30,0.5128014087677002,0.5330997281757399,0.5128014087677002,0.5192116244408128,65383200
1990-08-31,0.5256222486495972,0.5298953256235018,0.5063921735387011,0.5128018073387868,40737600
1990-09-04,0.5320315361022949,0.5341686783925366,0.5192116899924001,0.5213482087492706,47376000
1990-09-05,0.5042547583580017,0.5384418131990067,0.499981683684792,0.534168738525797,54676800
1990-09-06,0.49143490195274353,0.49998167467865173,0.4807516102679344,0.4957086000824127,115617600
1990-09-07,0.49357151985168457,0.5042548128841383,0.4828881901407892,0.48716188880956424,53704800
1990-09-10,0.4764786958694458,0.5128016944107695,0.4764786958694458,0.5021183624556612,74246400
1990-09-11,0.47434160113334656,0.48288834092775573,0.46579482466048433,0.4786153011366294,78868800
1990-09-12,0.4903668165206909,0.49357163277497473,0.4764787047897431,0.48075178090263815,75016800
1990-09-13,0.49143490195274353,0.49998167467865173,0.4871618273565045,0.4957086000824127,49867200
1990-09-14,0.5106650590896606,0.514938757995345,0.4818199572359115,0.48716191581502016,67672800
1990-09-17,0.5192115902900696,0.5277583605665844,0.5063917466419231,0.5085283016669522,70394400
1990-09-18,0.5277586579322815,0.5330999934867909,0.5106651077478884,0.5181436230648726,60638400
1990-09-19,0.5298950672149658,0.5405783596344631,0.5277585481091368,0.5384418405286341,52696800
1990-09-20,0.5106650590896606,0.5298951269921601,0.5106650590896606,0.5256220516200191,52444800
1990-09-21,0.5170751214027405,0.5192116399537053,0.49998157921467923,0.5106648688596748,79891200
1990-09-24,0.49998173117637634,0.512801579947161,0.4914349574846863,0.5085285048680663,81439200
1990-09-25,0.516007125377655,0.5170754219525142,0.5021183896216519,0.509596905787083,53308800
1990-09-26,0.5149385929107666,0.5192116669129995,0.50852837671329,0.517075148251099,39268800
1990-09-27,0.5063919425010681,0.5256220088383865,0.49784520559732576,0.5213483102805486,65728800
1990-09-28,0.5384419560432434,0.5427150318500651,0.49570874051904723,0.4978452967616818,97984800
1990-10-01,0.5736973881721497,0.5769022048026298,0.5512619111929784,0.5533990546947201,131623200
1990-10-02,0.5630138516426086,0.585448732211047,0.5598084128436643,0.5833121764745771,83469600
1990-10-03,0.5619449615478516,0.5758336923534818,0.5576718868068247,0.559808405838119,57600000
1990-10-04,0.5480571985244751,0.5619453145201365,0.5469889383378264,0.55767223709508,69292800
1990-10-05,0.553398609161377,0.5619447555099736,0.5320314093686427,0.5384416243241003,82101600
1990-10-08,0.5640822052955627,0.568355280803078,0.5512617683843357,0.5640822052955627,38678400
1990-10-09,0.5384419560432434,0.5640822448065462,0.5341688802364217,0.5576720259019308,66376800
1990-10-10,0.5085287690162659,0.5320319228874539,0.5042550681837561,0.5298953658988811,115596000
1990-10-11,0.49570876359939575,0.5149388343534409,0.48716198805420524,0.5106651348140278,83815200
1990-10-12,0.48716193437576294,0.5021183039424119,0.46152164724384215,0.49998178451416236,109252800
1990-10-15,0.48288819193840027,0.49570866445894246,0.4743414547809843,0.49357152168906565,130334400
1990-10-16,0.4668636620044708,0.4925033286770777,0.4615217025813221,0.485024849569506,300888000
1990-10-17,0.48288819193840027,0.4850247478532078,0.4572485306427797,0.46793182371500325,135820800
1990-10-18,0.5224165320396423,0.5256219338754163,0.4850246642842224,0.48716180668587294,123739200
1990-10-19,0.5298950672149658,0.5405783596344631,0.5170752556896395,0.5298950672149658,170337600
1990-10-22,0.5469886064529419,0.5533988238957448,0.5277585409795585,0.529895060056525,80294400
1990-10-23,0.5491251945495605,0.5619450441914704,0.5405784202771065,0.5448521191801049,71884800
1990-10-24,0.5587400197982788,0.5598082790720234,0.5405782183642809,0.5427147735902,54734400
1990-10-25,0.553398609161377,0.5662184522174945,0.5469883942059194,0.559808200583612,51501600
1990-10-26,0.5416466593742371,0.5512616923030995,0.5405783631359633,0.544852061587216,59126400
1990-10-29,0.5341689586639404,0.5491253313781173,0.5298952586960407,0.5448522549439158,67881600
1990-10-30,0.5459203124046326,0.5491250908174953,0.5298950265597219,0.5341687246554007,52567200
1990-10-31,0.5448521971702576,0.5576720486472011,0.5448521971702576,0.5512618294811377,61200000
1990-11-01,0.5427148342132568,0.5491250507835069,0.5363052411763863,0.5384417599625319,49442400
1990-11-02,0.5555354952812195,0.5619450905246615,0.5405784648485882,0.5427150210487,74764800
1990-11-05,0.5608769059181213,0.5640823091637189,0.5533990132334052,0.5576720895277499,50702400
1990-11-06,0.5491251945495605,0.5683552624399749,0.542714976301056,0.5619450441914704,59212800
1990-11-07,0.5448521971702576,0.5533989726660973,0.542715053985298,0.5448521971702576,63100800
1990-11-08,0.5427148342132568,0.5533987485676115,0.5384417599625319,0.5427148342132568,43466400
1990-11-09,0.553398609161377,0.559808200583612,0.5512614673802178,0.553398609161377,43344000
1990-11-12,0.588653564453125,0.5918590035442411,0.5640821625870033,0.5640821625870033,87660000
1990-11-13,0.5865170955657959,0.593995610483094,0.5790385806484978,0.5875853552839156,67658400
1990-11-14,0.5939955115318298,0.598268549692481,0.5833121825614189,0.5854487383201836,59724000
1990-11-15,0.5801067352294922,0.5918589096798479,0.5747654012662153,0.5897217672324947,63129600
1990-11-16,0.5811750888824463,0.5875853068750667,0.5747654944233439,0.576902013683564,67075200
1990-11-19,0.5939955115318298,0.5961320306121554,0.5811750399476278,0.5811750399476278,45554400
1990-11-20,0.5833123326301575,0.6025424030810949,0.5822440728151635,0.5918591080406322,68868000
1990-11-21,0.5875852704048157,0.5897218262108662,0.5726289029427426,0.5811750528100648,60739200
1990-11-23,0.5875852704048157,0.6004051187392783,0.5854487512772052,0.5918589688719561,22060800
1990-11-26,0.6004052758216858,0.6025424190419106,0.5790386484963289,0.5854489044466178,47577600
1990-11-27,0.6142937541007996,0.6174985322910158,0.5961319505757402,0.6025421671679887,63417600
1990-11-28,0.6014741063117981,0.621772435330609,0.6004052230288499,0.6174987361211328,77623200
1990-11-29,0.6089521646499634,0.6089521646499634,0.5961323105785363,0.600405387424426,65865600
1990-11-30,0.6174986362457275,0.634592183251714,0.6025422686048247,0.6089518994211748,72165600
1990-12-03,0.6313872337341309,0.6367285671609397,0.621772202696834,0.6260453134524002,68241600
1990-12-04,0.636728823184967,0.6431390420723079,0.6239089722654431,0.6281820847391968,54547200
1990-12-05,0.6431388854980469,0.6474119969314976,0.6345921491330074,0.6367286681712944,68630400
1990-12-06,0.6388654112815857,0.6559589633638362,0.6324558519186726,0.6516859237885608,108201600
1990-12-07,0.6345922350883484,0.643138972611041,0.6174986866860763,0.6345922350883484,81921600
1990-12-10,0.6324558258056641,0.6442073810430444,0.6217724937395462,0.6260456064952947,55526400
1990-12-11,0.616430401802063,0.6367286904791637,0.6153621055670532,0.6260454347015482,61768800
1990-12-12,0.6196351051330566,0.6217722843247687,0.6025422197256005,0.6132255481935412,71560800
1990-12-13,0.6217722296714783,0.628181859404467,0.6132254942915022,0.6239087484635184,50709600
1990-12-14,0.6292502880096436,0.6345922836278682,0.6196352534092213,0.6239089526034505,48636000
1990-12-17,0.6324558258056641,0.6345923455050886,0.6196353138280257,0.6239090134389706,27288000
1990-12-18,0.6431388854980469,0.6474119969314976,0.6345921491330074,0.6367286681712944,51876000
1990-12-19,0.6399341225624084,0.6474119756287968,0.6388651661881082,0.6442071604983806,34264800
1990-12-20,0.645275354385376,0.6495490518558418,0.6324555090406466,0.6345920276699968,46994400
1990-12-21,0.6474117636680603,0.6495489421482104,0.6431386537742175,0.6474117636680603,33472800
1990-12-24,0.6431388854980469,0.6452754778932107,0.6388651872095814,0.6452754778932107,13550400
1990-12-26,0.6410022974014282,0.6474119271826249,0.6367285995733891,0.6431388162095375,16214400
1990-12-27,0.6388654112815857,0.6431391110689842,0.636728891493948,0.6410025912813465,22629600
1990-12-28,0.6410022974014282,0.6431388162095375,0.6345920807652798,0.6367285995733891,20268000
1990-12-31,0.6431388854980469,0.6431388854980469,0.6367286681712944,0.6410023664597599,23702400
1991-01-02,0.6388654112815857,0.6431391110689842,0.6388654112815857,0.6410025912813465,38109600
1991-01-03,0.6431388854980469,0.6495491761816763,0.6388651872095814,0.6388651872095814,52826400
1991-01-04,0.6484802961349487,0.6538222912500506,0.6410024419419403,0.6410024419419403,58485600
1991-01-07,0.6399341225624084,0.6645055211532997,0.6388651661881082,0.6431388643359502,87552000
1991-01-08,0.6281819939613342,0.6431389491330328,0.6239088821050831,0.6388652504217088,76442400
1991-01-09,0.6324558258056641,0.6474121972706309,0.6281821261947191,0.6324558258056641,115624800
1991-01-10,0.6687793731689453,0.6730524120880266,0.6345922742544251,0.6345922742544251,123890400
1991-01-11,0.6666418313980103,0.6751885648058714,0.655958506334248,0.6709155282077724,62006400
1991-01-14,0.6559587717056274,0.6623689894077246,0.6452755156767523,0.6602324702443356,58658400
1991-01-15,0.6698475480079651,0.6794625817743231,0.6559588154181037,0.6559588154181037,83440800
1991-01-16,0.702965497970581,0.7083074177676383,0.6687790745336225,0.6709155930391263,139917600
1991-01-17,0.717922568321228,0.7371526318757702,0.7157853892456131,0.7350154528001551,163526400
1991-01-18,0.7286062240600586,0.7307427438852067,0.7029659321649744,0.7051024519901223,103032000
1991-01-21,0.7649297118186951,0.7692027507046264,0.723264098228553,0.723264098228553,154512000
1991-01-22,0.7595877647399902,0.7777495382653821,0.7467679136960997,0.7659979836895172,113716800
1991-01-23,0.7606559991836548,0.7713392564203745,0.7542457073999316,0.7542457073999316,77083200
1991-01-24,0.7734755277633667,0.7766810027332004,0.7585191631565393,0.7627922739528818,86083200
1991-01-25,0.7649297118186951,0.777749488688506,0.7606560127207469,0.7756129692455404,86889600
1991-01-28,0.7884328961372375,0.8033899274733014,0.7606560866848034,0.7606560866848034,130989600
1991-01-29,0.7905691266059875,0.8065943752270905,0.7692025441334527,0.788432607736789,146980800
1991-01-30,0.8226200938224792,0.8247566137217778,0.7820227679612054,0.7905695077705573,148586400
1991-01-31,0.8386445641517639,0.8503961187256521,0.8204827906294268,0.8247564899990789,111420000
1991-02-01,0.8525336384773254,0.8632169742004064,0.831166380175766,0.8461234169727029,117878400
1991-02-04,0.847191333770752,0.8610800674426067,0.8375762992553405,0.8546697754570627,88236000
1991-02-05,0.865352988243103,0.8717632059965884,0.8375761849036987,0.8482594410182173,88740000
1991-02-06,0.9038131237030029,0.9102233414752767,0.8589427730071969,0.8632164715926921,106351200
1991-02-07,0.8803101181983948,0.9315900322407599,0.873899826345927,0.9080862645414265,133466400
1991-02-08,0.8888559341430664,0.8952662241077134,0.8696258711746804,0.8803098589484522,74232000
1991-02-11,0.8909934163093567,0.8931299358349498,0.8738998663236338,0.889925193225007,152337600
1991-02-12,0.8824465274810791,0.8952663760169651,0.8760363097856116,0.882446527481079,96206400
1991-02-13,0.9016768932342529,0.9027451164912478,0.8696263076084211,0.8760366007901605,95493600
1991-02-14,0.8610799312591553,0.9016765823724766,0.8461229035382676,0.8995400632381674,133704000
1991-02-15,0.8824465274810791,0.8909932643377256,0.8653529804109048,0.8674894995720841,115452000
1991-02-19,0.8760366439819336,0.8845833840990479,0.8674898305079104,0.8739000506487914,66564000
1991-02-20,0.878173291683197,0.8888565533303606,0.8674899566791137,0.869626476966091,52552800
1991-02-21,0.8546698093414307,0.8845832104881662,0.8546698093414306,0.880310171374339,68277600
1991-02-22,0.8738998770713806,0.8931299468191995,0.8525332877716923,0.8525332877716923,105343200
1991-02-25,0.8803101181983948,0.8888561959098156,0.8674896078503493,0.88244663762625,88524000
1991-02-26,0.8696261048316956,0.8760363965187029,0.8589428477561604,0.8674895854589875,55540800
1991-02-27,0.8995400071144104,0.9038130451164271,0.8653529155370047,0.8738996517529183,87674400
1991-02-28,0.8867194652557373,0.9080860482254509,0.882446427417911,0.9059495293065378,55008000
1991-03-01,0.9038131237030029,0.9080861620765605,0.8717632085517447,0.8803100188676793,77724000
1991-03-04,0.9144964814186096,0.9187701801359516,0.8931298217540057,0.9038131515863077,47023200
1991-03-05,0.9529565572738647,0.9615032939741235,0.9144964255148998,0.9166329446369852,76356000
1991-03-06,0.9166330695152283,0.9657764637916271,0.912359957332027,0.9615034249653156,101088000
1991-03-07,0.8888559341430664,0.9187699848852243,0.8845828965457593,0.8909931131535377,165391200
1991-03-08,0.8760366439819336,0.9059499776426516,0.8696263504841436,0.893130124216162,134697600
1991-03-11,0.848259687423706,0.8760365721887203,0.8354398350478329,0.8696262792162684,160970400
1991-03-12,0.8183462619781494,0.845054773731632,0.8172779655221469,0.8397128513102516,152884800
1991-03-13,0.8589428067207336,0.8642847284308478,0.8204826722876399,0.8204826722876399,110268000
1991-03-14,0.8375765085220337,0.8674898425997086,0.8290296949288778,0.8674898425997086,100216800
1991-03-15,0.825824499130249,0.843986341303558,0.8226197572708839,0.8397126430412658,76932000
1991-03-18,0.848259687423706,0.8525333872381143,0.8204828760155949,0.8226200560288628,66218400
1991-03-19,0.8461225628852844,0.8632161028585403,0.8268925046378915,0.8397123478512184,92505600
1991-03-20,0.8461225628852844,0.8632161028585403,0.8439860446111476,0.8461225628852843,83217600
1991-03-21,0.809799075126648,0.8610797020414367,0.8033895194299313,0.8503957154332238,119188800
1991-03-22,0.8012529611587524,0.8162099231242163,0.7948433271414278,0.8076631820314165,95688000
1991-03-25,0.8397126197814941,0.8439863179254062,0.8033896700097746,0.8033896700097746,59824800
1991-03-26,0.898470938205719,0.8995398944626729,0.8439862260516791,0.8439862260516791,89928000
1991-03-27,0.9209066033363342,0.9337264510841936,0.8974028400154517,0.8974028400154517,91936800
1991-03-28,0.9070187211036682,0.9251805069509039,0.9059504239108574,0.9166337626236915,30492000
1991-04-01,0.9123597741127014,0.9209065836178584,0.8931297094751606,0.9059495569485212,59205600
1991-04-02,0.9593667387962341,0.9615032578380228,0.9123597987467889,0.9187700894409245,96256800
1991-04-03,0.9721866250038147,0.9978269085102746,0.9636398149304082,0.9636398149304082,91778400
1991-04-04,0.9721866250038147,0.9978269085102746,0.9636398149304082,0.9743231441299667,73850400
1991-04-05,0.9401365518569946,0.9764601584234754,0.9315897432281983,0.9743229794466378,108914400
1991-04-08,0.9518886804580688,0.9679139380370746,0.9358634228790632,0.9401371232182404,46526400
1991-04-09,0.9422730207443237,0.9679132985597511,0.9379999834404492,0.9529563475726458,60768000
1991-04-10,0.918769896030426,0.9422729943231203,0.9016763535138205,0.9379999571390611,74340000
1991-04-11,0.9486834406852722,0.9529565522638573,0.9230431573624157,0.9273161955841215,47937600
1991-04-12,0.9166330695152283,0.9401368370528536,0.886719670381246,0.9358631380145346,176731200
1991-04-15,0.9721866250038147,0.9764603234680375,0.8974028804656262,0.9059496171821528,88819200
1991-04-16,0.9593667387962341,0.9785968039529946,0.9401366736394737,0.9721865866157359,81331200
1991-04-17,0.9529565572738647,1.004236463977259,0.949751741912297,0.9743231422754326,128383200
1991-04-18,0.9401365518569946,0.9572300957577198,0.9230430079562695,0.9508198058939539,88084800
1991-04-19,0.9166330695152283,0.9358631380145346,0.897403001015922,0.908086258293708,96588000
1991-04-22,0.8728312253952026,0.9080858713617582,0.8696257507508572,0.9059493528589649,139708800
1991-04-23,0.8685576915740967,0.8803099026522097,0.8589426596125569,0.8738996123693182,103910400
1991-04-24,0.8803101181983948,0.8952664877622833,0.8589428699269166,0.8674896078503493,82130400
1991-04-25,0.8610799312591553,0.886719554651589,0.8589427519129246,0.8760362987681214,65707200
1991-04-26,0.8610799312591553,0.873899706276932,0.8439863844039583,0.8568062327786153,88372800
1991-04-29,0.8354395031929016,0.8674894148292674,0.8354395031929016,0.8653528958767993,71258400
1991-04-30,0.8461225628852844,0.8482590811594212,0.8204822896038256,0.8354392379460942,115178400
1991-05-01,0.8610799312591553,0.8610799312591552,0.8290293566830708,0.8418498652696491,111628800
1991-05-02,0.8589428067207336,0.8760363546666433,0.8568062874500965,0.8653530247446088,66888000
1991-05-03,0.865352988243103,0.865352988243103,0.852533139591186,0.8589427704896176,23047200
1991-05-06,0.878173291683197,0.882446992469429,0.8568066950319502,0.8589432153189274,44755200
1991-05-07,0.865352988243103,0.8867195738290219,0.865352988243103,0.8824465354679887,50904000
1991-05-08,0.8803101181983948,0.88244663762625,0.8568063504990614,0.8632165689946389,57592800
1991-05-09,0.9038131237030029,0.9059496428897816,0.878172839468963,0.882446538054458,76298400
1991-05-10,0.878173291683197,0.9144969241247592,0.8717636574653457,0.9080866296946303,52070400
1991-05-13,0.8813782334327698,0.8867195680275558,0.8653529825814303,0.8824465296944795,68745600
1991-05-14,0.865352988243103,0.8824465354679887,0.8610799498820698,0.8771045406263207,58816800
1991-05-15,0.8375765085220337,0.8589431023634628,0.825824878241402,0.8568065823574491,111160800
1991-05-16,0.8493276834487915,0.8546696045949581,0.8418498301125571,0.8482593872478107,70243200
1991-05-17,0.848259687423706,0.8503962072248465,0.8375764282058764,0.8461231676225656,44812800
1991-05-20,0.847191333770752,0.8546697754570627,0.8354397064262399,0.8503960763006193,65937600
1991-05-21,0.8717634081840515,0.8824467401332293,0.8503961574305058,0.8525333373186327,83570400
1991-05-22,0.9123597741127014,0.9123597741127014,0.8738996448376197,0.8781727561626983,88783200
1991-05-23,0.9358627796173096,0.9379999584240205,0.914496199887375,0.914496199887375,67752000
1991-05-24,0.9401365518569946,0.9615031332877807,0.9358628541151266,0.9401365518569946,67932000
1991-05-28,0.9465462565422058,0.9550930665108861,0.9401366992422878,0.9444097374422331,43941600
1991-05-29,0.9422730207443237,0.9572300450882926,0.9379999834404492,0.950819755563845,64202400
1991-05-30,0.9422730207443237,0.955092866224583,0.9315896939160017,0.9412047247399233,61833600
1991-05-31,0.9380002617835999,0.9486835184252188,0.923043233001267,0.9444098196413903,81784800
1991-06-03,0.9572301506996155,0.9593666695872751,0.9315897966984211,0.9358629078306121,46951200
1991-06-04,0.9657763838768005,0.9700500825614848,0.9444097977323533,0.9572303069313374,35035200
1991-06-05,0.9572301506996155,0.9764602144691142,0.9572301506996155,0.9615031884749348,41385600
1991-06-06,0.9497519731521606,0.9657765673597289,0.9444099771559531,0.9636400477174568,32680800
1991-06-07,0.9422730207443237,0.9422730207443237,0.9294531752640643,0.9379999834404492,51984000
1991-06-10,0.9444095492362976,0.9486832467964732,0.9379999932137032,0.9422730305620995,29498400
1991-06-11,0.9454779624938965,0.9657762495178173,0.9444096663458934,0.9486833644360201,41846400
1991-06-12,0.9497519731521606,0.9593670084329124,0.942273457513681,0.9465464967982252,51069600
1991-06-13,0.9486834406852722,0.9593667698083301,0.9444097422516523,0.9486834406852722,38001600
1991-06-14,0.9700502753257751,0.9721868683435994,0.9486836849354495,0.9508202045963754,46360800
1991-06-17,0.9700502753257751,0.9807336071993871,0.9615035364699873,0.9721868683435994,29419200
1991-06-18,0.9529565572738647,0.9700500306743822,0.9380001898504705,0.967913511552297,46850400
1991-06-19,0.8835150003433228,0.9380004723888398,0.880310257373323,0.9380004723888398,157039200
1991-06-20,0.8610799312591553,0.8696260077963922,0.8461229035382676,0.8632164503934644,187999200
1991-06-21,0.8738998770713806,0.8803101692959333,0.8653531386518529,0.8653531386518529,67680000
1991-06-24,0.8386445641517639,0.8674896691370386,0.8333032285263244,0.8632166299794451,79696800
1991-06-25,0.8439863920211792,0.856806240511539,0.837576174348476,0.848259430328363,97228800
1991-06-26,0.8610799312591553,0.867489488662083,0.8397126859234185,0.8461229035382676,96638400
1991-06-27,0.8717634081840515,0.874968224376558,0.8557381535111391,0.8685580051363551,56510400
1991-06-28,0.8733657598495483,0.8813783866682849,0.8397128445818852,0.8685579490162456,61526400
1991-07-01,0.9150305986404419,0.9182360010731307,0.8685578384896878,0.8813782745102887,72388800
1991-07-02,0.8733657598495483,0.9262481578849664,0.8717633518568315,0.9134283070880792,43920000
1991-07-03,0.820482611656189,0.8333030467565438,0.7916375129629436,0.8268928292063663,191630400
1991-07-05,0.791637659072876,0.8172779471508931,0.7884328431338027,0.8172779471508931,78758400
1991-07-08,0.8589428067207336,0.8621482091602106,0.7756129066857497,0.778817722270148,109185600
1991-07-09,0.8701609373092651,0.8813783800289354,0.8525332758118628,0.8653531265121792,76948800
1991-07-10,0.8365074992179871,0.8813778288939171,0.8333026852606994,0.8749676141245611,67310400
1991-07-11,0.8493276834487915,0.8557379007959389,0.8333030203634479,0.8429180529566608,51148800
1991-07-12,0.8717634081840515,0.8781730405690644,0.8461231180784297,0.8589429697036456,35174400
1991-07-15,0.8958004713058472,0.9006082812044663,0.8781728131026397,0.8813782153200652,36763200
1991-07-16,0.865352988243103,0.8974029033004222,0.865352988243103,0.8974029033004222,42734400
1991-07-17,0.8685576915740967,0.8685576915740967,0.8333029656184364,0.8429179975799761,40526400
1991-07-18,0.8589428067207336,0.887787907545554,0.8557379911363354,0.871763242768484,25656000
1991-07-19,0.8685576915740967,0.8717630934645954,0.8461228126154966,0.8653528765385761,24441600
1991-07-22,0.865352988243103,0.8813782391992895,0.852533139591186,0.8557379550404018,35136000
1991-07-23,0.8525336384773254,0.8749685334604086,0.8525336384773254,0.871763716135796,35596800
1991-07-24,0.8397126197814941,0.8621480862387636,0.8333029895265558,0.8589426842562994,54321600
1991-07-25,0.8461225628852844,0.8717628361667431,0.8445201558404691,0.8589424060986113,90211200
1991-07-26,0.9102232456207275,0.9198382778390627,0.8557378674318303,0.858942682552944,149294400
1991-07-29,0.9006087183952332,0.9134285729230811,0.8813786431758,0.9102237560049499,136468800
1991-07-30,0.9326582551002502,0.9358630706678033,0.8941981208693122,0.9038131544270467,78038400
1991-07-31,0.9422730207443237,0.9486832369119077,0.932657989920402,0.9358628045767398,111628800
1991-08-01,0.9390684366226196,0.9486834698069637,0.9358630343244698,0.9454780675088139,53942400
1991-08-02,0.9390684366226196,0.9582985029913078,0.9390684366226197,0.9454780675088139,81369600
1991-08-05,0.9262478947639465,0.9390683287740605,0.919838264613875,0.9390683287740605,28252800
1991-08-06,0.9550931453704834,0.9615033634115875,0.9262480444681358,0.9262480444681358,53097600
1991-08-07,0.9743232727050781,0.9807334911413677,0.9550932042513257,0.9582986068970287,69235200
1991-08-08,1.0127832889556885,1.0159886912195193,0.9743231566300922,0.9743231566300922,91852800
1991-08-09,1.0352189540863037,1.0512436210301497,1.003168446488296,1.0095786653789292,114806400
1991-08-12,1.0640637874603271,1.0736788199167306,1.0223982555792397,1.0223982555792397,56899200
1991-08-13,1.057653546333313,1.0736787956839675,1.05444873120518,1.0736787956839675,94497600
1991-08-14,1.057653546333313,1.0704733937008395,1.051243329222052,1.0608583614614457,67008000
1991-08-15,1.044833779335022,1.0672686606676467,1.0384235617306834,1.057653627688659,45460800
1991-08-16,1.0480384826660156,1.0560511071010656,1.0288084187638868,1.0352186356829223,52075200
1991-08-19,1.0288087129592896,1.0416285636083131,0.9871437582086035,0.9935533901055427,85425600
1991-08-20,1.0320134162902832,1.0496410757935553,1.0256037850927888,1.033616410944738,57326400
1991-08-21,1.0768839120864868,1.0832941309911024,1.048038807298456,1.051243623323184,73214400
1991-08-22,1.0768839120864868,1.092909165920446,1.0672688771571432,1.080088728111215,43627200
1991-08-23,1.0929089784622192,1.1089336426924323,1.0768837273769476,1.0768837273769476,43161600
1991-08-26,1.0929089784622192,1.0929089784622192,1.0704735095718272,1.0864987606570988,44136000
1991-08-27,1.0864990949630737,1.0897039114241978,1.0768840587244624,1.0864990949630737,34204800
1991-08-28,1.097716212272644,1.1121390557596453,1.083293955640707,1.0864987711466787,41558400
1991-08-29,1.0993186235427856,1.1089336569465276,1.089703590139044,1.1025240259140772,27974400
1991-08-30,1.0929089784622192,1.1057288272174015,1.083293945182068,1.099318609412281,22032000
1991-09-03,1.065666675567627,1.0897039741195036,1.0576540470985771,1.0897039741195036,33494400
1991-09-04,1.0592563152313232,1.0704737588612825,1.0384238360820857,1.0672689426399213,38467200
1991-09-05,1.0320134162902832,1.06406391969808,1.0256037850927888,1.06406391969808,58459200
1991-09-06,1.0352189540863037,1.0544490239030453,1.0288087351956705,1.0384237701040413,50788800
1991-09-09,1.0352189540863037,1.0448339889946745,1.0288087351956705,1.0352189540863037,31915200
1991-09-10,1.0256034135818481,1.0576533185249197,1.0256034135818481,1.051243102794358,65937600
1991-09-11,1.0512436628341675,1.0544490658345298,1.032013592252718,1.032013592252718,64032000
1991-09-12,1.097716212272644,1.09931862002563,1.0640638888947482,1.0640638888947482,53808000
1991-09-13,1.0640637874603271,1.0993185152304679,1.0576535702043888,1.0961137000300027,51360000
1991-09-16,1.0640637874603271,1.0704734178612574,1.0544487550039237,1.0640637874603271,21686400
1991-09-17,1.0832940340042114,1.0864988497420136,1.0512435292057623,1.0608585632742755,23366400
1991-09-18,1.0864990949630737,1.0961141312016849,1.0736792422633383,1.0768840587244624,26942400
1991-09-19,1.1057286262512207,1.118548472676396,1.0864985631859823,1.089703378078538,51364800
1991-09-20,1.1089338064193726,1.1153440251709206,1.10252417452297,1.1121392092227191,30316800
1991-09-23,1.0881012678146362,1.1089337440159217,1.083294044162853,1.105728928248066,49771200
1991-09-24,1.1281639337539673,1.1313693367219224,1.0929091959478647,1.0929091959478647,47625600
1991-09-25,1.124959111213684,1.1329717383050282,1.108933857030996,1.128163927308153,25766400
1991-09-26,1.1441888809204102,1.1538039135331868,1.1185485983346668,1.1217540004422708,48000000
1991-09-27,1.1313691139221191,1.147393778185466,1.1249588961037444,1.147393778185466,33273600
1991-09-30,1.1409839391708374,1.147393568965396,1.115343659427744,1.1313689076240465,27700800
1991-10-01,1.139382004737854,1.1441892290794973,1.1281639742302931,1.140984412851735,19627200
1991-10-02,1.1153439283370972,1.1602142819920118,1.1057288944721222,1.1345739960670471,67219200
1991-10-03,1.1217541694641113,1.1313692035256464,1.1057289170765177,1.108933732811994,34632000
1991-10-04,1.1297667026519775,1.1409841436577959,1.1217540771178052,1.1281637080610967,26457600
1991-10-07,1.1345739364624023,1.1393817465698597,1.112139054241105,1.1185486852442965,27187200
1991-10-08,1.1441888809204102,1.1473936961729965,1.1281636309474432,1.1281636309474432,37708800
1991-10-09,1.1473941802978516,1.169829657097304,1.1441893636930436,1.1473941802978516,60931200
1991-10-10,1.1505988836288452,1.160213914447875,1.134573636645493,1.160213914447875,42048000
1991-10-11,1.1489968299865723,1.1666239028683487,1.1249589521121863,1.1634190872271328,69921600
1991-10-14,1.1826494932174683,1.1826494932174683,1.1538043836267982,1.1538043836267982,50625600
1991-10-15,1.1714320182800293,1.1826494628009123,1.1634193902350438,1.1826494628009123,57854400
1991-10-16,1.1634191274642944,1.1730341615755695,1.1522016854769916,1.1730341615755695,100200000
1991-10-17,1.1441888809204102,1.1634189461459632,1.1345738483076335,1.1634189461459632,95563200
1991-10-18,1.1538041830062866,1.169829436721981,1.1505993670052097,1.1538041830062866,37843200
1991-10-21,1.1666240692138672,1.1730342882654023,1.1505994018677883,1.1538042179659695,28704000
1991-10-22,1.1714320182800293,1.1890596826079491,1.1698296100420806,1.173034426517978,32496000
1991-10-23,1.1570087671279907,1.179444235204639,1.150599136410409,1.1762388329908107,36724800
1991-10-24,1.1570087671279907,1.1602141693418189,1.1441889188377898,1.1602141693418189,26942400
1991-10-25,1.1473941802978516,1.1634194370324225,1.1441893636930436,1.157009216967541,28080000
1991-10-28,1.1570087671279907,1.1570087671279907,1.12495885297497,1.1473937341965808,37953600
1991-10-29,1.1634191274642944,1.1634191274642944,1.150599277600964,1.1570089091050746,36523200
1991-10-30,1.2114945650100708,1.2146993814684042,1.1634193838588776,1.1634193838588776,65592000
1991-10-31,1.2034815549850464,1.2211092136207684,1.1954689295274408,1.211494180442652,41092800
1991-11-01,1.1874570846557617,1.201879343348368,1.1794444578909147,1.1986745273844885,34296000
1991-11-04,1.1666240692138672,1.1858541395133,1.163419253115686,1.1826493234151187,28838400
1991-11-05,1.2018792629241943,1.2114942970275877,1.1666239422600482,1.1698293448645853,51739200
1991-11-06,1.2211095094680786,1.2243143256855546,1.1954692191626868,1.2050842546703093,38308800
1991-11-07,1.214699625968933,1.2275200680933034,1.2114948088655189,1.2243146641345324,20894400
1991-11-08,1.2211095094680786,1.2403395804833242,1.2179046932506026,1.2179046932506026,36494400
1991-11-11,1.2499544620513916,1.2563646805520805,1.2259171696702722,1.2307243934044472,40564800
1991-11-12,1.2804020643234253,1.2916195073589476,1.2563647702266152,1.2595695862781462,80035200
1991-11-13,1.2948240041732788,1.3044390324546282,1.2659789193292312,1.2755939476105804,57523200
1991-11-14,1.2723894119262695,1.3012345163794228,1.265979779951226,1.3012345163794228,44371200
1991-11-15,1.2179046869277954,1.2884147513325739,1.2146992838717658,1.2691846804171623,71592000
1991-11-18,1.2467492818832397,1.25315891165568,1.217904187342406,1.2211090022286262,72432000
1991-11-19,1.23392915725708,1.2483520015623937,1.2082894580444519,1.23392915725708,71976000
1991-11-20,1.2371346950531006,1.2499545460609798,1.23072447612158,1.2435443271294593,36441600
1991-11-21,1.2467492818832397,1.2467492818832397,1.2275192188560173,1.2339288486284574,35558400
1991-11-22,1.230724811553955,1.2499548867344856,1.2211097739636898,1.2435446660558682,38102400
1991-11-25,1.2259169816970825,1.2435440528747062,1.2211091718449798,1.2275193893627727,33724800
1991-11-26,1.2114945650100708,1.2339294539288814,1.1890596760912602,1.2323270456997146,58809600
1991-11-27,1.2211095094680786,1.2243143256855546,1.2050842546703093,1.20828965774298,15009600
1991-11-29,1.2467492818832397,1.25315891165568,1.214698785601235,1.214698785601235,20524800
1991-12-02,1.2980294227600098,1.3012342380620625,1.230724193431713,1.2339290087337658,55852800
1991-12-03,1.2996318340301514,1.3172594919505838,1.2755945454877646,1.2948246110636854,64996800
1991-12-04,1.307644248008728,1.3204640940375612,1.282003969096128,1.3044394332152534,36297600
1991-12-05,1.304439663887024,1.3108492946074266,1.2916192287361439,1.304439663887024,24892800
1991-12-06,1.3364895582199097,1.3493094063254987,1.2948246117354736,1.3012342423607537,51580800
1991-12-09,1.307644248008728,1.3300791252729196,1.2980292167733698,1.3236694956859698,57720000
1991-12-10,1.304439663887024,1.3076444792472253,1.2820041958005024,1.3076444792472253,46252800
1991-12-11,1.2916193008422852,1.3172595857204066,1.2755946362916457,1.3092469600175516,39134400
1991-12-12,1.307644248008728,1.3236694956859698,1.2884141855380116,1.294824401979895,36979200
1991-12-13,1.307644248008728,1.3172592792440865,1.3012340315668447,1.310849062802203,26193600
1991-12-16,1.3092471361160278,1.3108495441011145,1.291619474569777,1.3076447281309413,27225600
1991-12-17,1.3060423135757446,1.3268747909873697,1.2852098361641193,1.30764472155277,27480000
1991-12-18,1.318861722946167,1.3236695321236613,1.2980292525052413,1.30764428400528,33561600
1991-12-19,1.3172593116760254,1.3236695282757334,1.2980292487318499,1.3124520893674556,38116800
1991-12-20,1.3236699104309082,1.3461047947246125,1.310849473530119,1.3332849446789412,35356800
1991-12-23,1.3685396909713745,1.3685396909713745,1.3140548876600535,1.3236699219920658,46113600
1991-12-24,1.362130045890808,1.3781547117160922,1.3589246432416577,1.368539677478875,23995200
1991-12-26,1.3829622268676758,1.3877694495319246,1.3557195378719582,1.3621297549459481,24326400
1991-12-27,1.4150127172470093,1.4294355648484711,1.3813603842689848,1.3877700171094285,36657600
1991-12-30,1.4198201894760132,1.4262298207849184,1.4037949374935677,1.4166147869664694,35524800
1991-12-31,1.4262306690216064,1.4358457085585057,1.3941807328504217,1.4198210339006336,40512000
1992-01-02,1.4614851474761963,1.4711001813411713,1.4037949442863464,1.4198201963463362,74265600
1992-01-03,1.448664903640747,1.4646895644840183,1.4326396559425414,1.461484749686351,38246400
1992-01-06,1.4935357570648193,1.509561016553267,1.4406533397215282,1.451870786621295,63057600
1992-01-07,1.5384052991867065,1.5416101146083292,1.4839199158888277,1.4935349490087446,64363200
1992-01-08,1.592890977859497,1.6121210476652246,1.5223803306683903,1.52558573353945,90763200
1992-01-09,1.631351113319397,1.6537859990839332,1.5896855709429147,1.5928909738058172,88348800
1992-01-10,1.6057109832763672,1.6377609070846366,1.5896857279446255,1.6281458712566343,64641600
1992-01-13,1.629747986793518,1.6521828626669839,1.573660210254956,1.5896848700839041,52804800
1992-01-14,1.6441712379455566,1.6473760544868767,1.6153261285079155,1.6345562014663428,44006400
1992-01-15,1.685835599899292,1.7082710682626492,1.6441706522824135,1.6505808699369506,65294400
1992-01-16,1.637759804725647,1.6922451666958704,1.6345549905585113,1.682630137339644,58761600
1992-01-17,1.6217361688613892,1.6601963105193258,1.5864808433898843,1.6377608366487368,85027200
1992-01-20,1.570455551147461,1.6313511652180221,1.570455551147461,1.6313511652180221,58862400
1992-01-21,1.530393362045288,1.576866140834382,1.4871259869744402,1.5672511033902699,120019200
1992-01-22,1.6089153289794922,1.608915328979492,1.5255854340816375,1.53840528248399,56131200
1992-01-23,1.6025060415267944,1.6585938439427832,1.586480787449321,1.6089156736736492,75590400
1992-01-24,1.5976978540420532,1.6089152945106735,1.5896852288916015,1.5960954463829689,37756800
1992-01-27,1.5464192628860474,1.6089167388240666,1.5448168537884914,1.5993016973831748,46233600
1992-01-28,1.5480197668075562,1.5608396106659452,1.4871247749116654,1.5512245810584449,95539200
1992-01-29,1.5960955619812012,1.6121208134427434,1.5608402435078372,1.570455277013748,97344000
1992-01-30,1.5832761526107788,1.5993008216674003,1.557635860522855,1.5960960052271231,41923200
1992-01-31,1.5416094064712524,1.5864797360380634,1.5351997785722646,1.5832749220885696,49948800
1992-02-03,1.6025060415267944,1.6089156736736492,1.5063556907722901,1.5159707258477404,80265600
1992-02-04,1.5960955619812012,1.615325628993023,1.570455277013748,1.605710595487112,58440000
1992-02-05,1.631351113319397,1.6473757802132845,1.5832759389274222,1.5993006058213097,71212800
1992-02-06,1.6185302734375,1.6537855881837855,1.6121206430145463,1.621735675503987,62356800
1992-02-07,1.612120509147644,1.6345553874750596,1.5896850439652668,1.6185301390383562,36499200
1992-02-10,1.5960955619812012,1.615325628993023,1.564045645913189,1.6105184056676036,41371200
1992-02-11,1.570455551147461,1.5993006567003032,1.5576356998534784,1.5928910244808994,41078400
1992-02-12,1.612120509147644,1.6249403557840298,1.5207774146553805,1.5207774146553805,83342400
1992-02-13,1.570455551147461,1.6217361300337414,1.5576356998534784,1.608915691884584,97358400
1992-02-14,1.5191755294799805,1.570455520510706,1.5127653105304537,1.5672507044635242,82632000
1992-02-18,1.5159707069396973,1.5672506977507838,1.5127653040510813,1.5287905579286787,73694400
1992-02-19,1.475907802581787,1.5127649386288244,1.4550747428312631,1.5127649386288244,145372800
1992-02-20,1.5063555240631104,1.528790407804558,1.4839200534665595,1.4871254560404115,74323200
1992-02-21,1.4678949117660522,1.5191748809040013,1.4582798808742548,1.4999448191204063,91118400
1992-02-24,1.472701907157898,1.4935343730751716,1.4486646270548351,1.4678946858792143,59049600
1992-02-25,1.483919620513916,1.4935346517199564,1.4518697121120923,1.4743045893078757,57388800
1992-02-26,1.5640463829040527,1.5640463829040527,1.4871260786113183,1.4871260786113183,100670400
1992-02-27,1.6009032726287842,1.605710495655324,1.5736605815799505,1.5736605815799505,79579200
1992-02-28,1.5832761526107788,1.6217362973150469,1.567250896698922,1.602506224962913,58276800
1992-03-02,1.576865792274475,1.612121117394941,1.5608405377915027,1.5864808275932218,34876800
1992-03-03,1.5800703763961792,1.605710662432631,1.570455342489397,1.5832757789351712,27734400
1992-03-04,1.570455551147461,1.5928910244808994,1.5608405159631804,1.5800705863317417,33086400
1992-03-05,1.554431438446045,1.5800711501835978,1.528791139853108,1.5704561115681694,55689600
1992-03-06,1.5159707069396973,1.5640458817173286,1.4967406370286447,1.5480206278397313,61867200
1992-03-09,1.5255855321884155,1.5448155994561052,1.5159704985545706,1.5223801297404136,30427200
1992-03-10,1.5608402490615845,1.5736606850184645,1.5287903328795331,1.5319951484412158,45480000
1992-03-11,1.5416094064712524,1.5800695212842963,1.5287895638184974,1.5672496786315415,39532800
1992-03-12,1.5528285503387451,1.5576357747343978,1.5191756321483634,1.541610519705149,50025600
1992-03-13,1.5512255430221558,1.5768658334941184,1.544815910545564,1.570455614162328,36763200
1992-03-16,1.592890977859497,1.5928909778594968,1.5448158033451778,1.5512254353769819,55132800
1992-03-17,1.6409658193588257,1.6505808523104302,1.5993002853318479,1.6073129106006911,94473600
1992-03-18,1.6201337575912476,1.6537860880483586,1.6153259464658385,1.647375868832876,69230400
1992-03-19,1.6345549821853638,1.6698102852625356,1.618529737722137,1.6281447670291098,111576000
1992-03-20,1.6473751068115234,1.6537853230618516,1.6345552611657836,1.6345552611657836,35774400
1992-03-23,1.6473751068115234,1.6569901377595575,1.6377600758634896,1.6473751068115234,37843200
1992-03-24,1.6345549821853638,1.6650024771816412,1.621735138727672,1.653785040799309,70228800
1992-03-25,1.6473751068115234,1.6569901377595575,1.6281450449154555,1.6345552611657836,36739200
1992-03-26,1.6025060415267944,1.6537860329774738,1.592891006451344,1.6505812169040466,60403200
1992-03-27,1.554431438446045,1.6025066315231866,1.5319959571064559,1.5960964101611064,89971200
1992-03-30,1.5384052991867065,1.5640455831248345,1.5384052991867065,1.5576353654265402,40713600
1992-03-31,1.5191755294799805,1.5640458884163424,1.509560494483272,1.544815818422925,86702400
1992-04-01,1.5448156595230103,1.5480204752405442,1.4999453052020182,1.5031501209195521,74203200
1992-04-02,1.4999452829360962,1.557635486125946,1.496740467266136,1.5448156365910108,56918400
1992-04-03,1.5063555240631104,1.528790407804558,1.496740490051761,1.5063555240631104,59534400
1992-04-06,1.554431438446045,1.559238664326067,1.5095610626222513,1.5095610626222513,40123200
1992-04-07,1.487125039100647,1.5704549192660486,1.4839196374254817,1.5640452896255954,72758400
1992-04-08,1.5031495094299316,1.5063549106985936,1.4518695445348477,1.4839194492374173,105388800
1992-04-09,1.5384052991867065,1.5416101146083292,1.4951379435746048,1.51597041752525,70008000
1992-04-10,1.487125039100647,1.5640452896255954,1.461484759974018,1.5544302583099767,126446400
1992-04-13,1.5063555240631104,1.5143681502150854,1.4646899854438606,1.496740490051761,45552000
1992-04-14,1.4999452829360962,1.5416102340659563,1.4935350647410814,1.515970534996086,72806400
1992-04-15,1.6521830558776855,1.65699027833207,1.6217355531016844,1.6505806483928904,223305600
1992-04-16,1.6361587047576904,1.653786370469193,1.6281460760837996,1.653786370469193,66393600
1992-04-20,1.5143680572509766,1.6025057658018933,1.4807151468495887,1.5960955479028034,226118400
1992-04-21,1.488728404045105,1.519175924985597,1.4807157749859616,1.515971108104066,99244800
1992-04-22,1.5079578161239624,1.5191752571332808,1.4678952752956578,1.4935349727869403,61790400
1992-04-23,1.483919620513916,1.525585146976712,1.4390498661223492,1.5191749305543747,115334400
1992-04-24,1.4390501976013184,1.4967403981262477,1.435844795224333,1.4871253647054261,90393600
1992-04-27,1.4518698453903198,1.4935347888229276,1.4422548133016422,1.4422548133016422,99585600
1992-04-28,1.397384524345398,1.4678951537453788,1.371744828977232,1.458280121268564,199876800
1992-04-29,1.4278331995010376,1.4294356077592518,1.387770058769435,1.403795315062076,137308800
1992-04-30,1.4134105443954468,1.4454604745002562,1.407000323632353,1.4358454367832805,95870400
1992-05-01,1.4582805633544922,1.4614853795333187,1.4134102025749857,1.4166150187538122,62083200
1992-05-04,1.4614851474761963,1.487125433401161,1.4422550797462463,1.4550749292811815,73920000
1992-05-05,1.4935357570648193,1.506356199397724,1.451870786621295,1.4582810077877473,59246400
1992-05-06,1.487125039100647,1.5031497000567189,1.480714822605255,1.4999448852364923,50016000
1992-05-07,1.4743049144744873,1.4935349811278722,1.4646898811477949,1.487125350146785,40579200
1992-05-08,1.4678949117660522,1.4999448191204063,1.4518696646614189,1.4871249735496472,59822400
1992-05-11,1.4614851474761963,1.477510399536186,1.4518701136112213,1.4711001813411713,41112000
1992-05-12,1.4646904468536377,1.4775108874775607,1.4454603727730417,1.4711006671655993,49905600
1992-05-13,1.4454598426818848,1.4646899097102695,1.4230249601004603,1.4582802786041897,64320000
1992-05-14,1.4198201894760132,1.4486652909313606,1.400590121839115,1.4454598884218166,72307200
1992-05-15,1.4102050065994263,1.4294350722037137,1.4037947891129872,1.413409821915131,40814400
1992-05-18,1.4454598426818848,1.4550748761960772,1.4166147421393078,1.4198201445474206,37526400
1992-05-19,1.4678949117660522,1.4678949117660522,1.4518696646614189,1.4518696646614189,51240000
1992-05-20,1.4967402219772339,1.4999450371219825,1.4678951251095036,1.4678951251095036,58800000
1992-05-21,1.4951376914978027,1.49994491381975,1.4775100359407627,1.49994491381975,48566400
1992-05-22,1.483919620513916,1.499944868142294,1.4743045893078757,1.499944868142294,36969600
1992-05-26,1.480715036392212,1.4999451017999028,1.474304818971307,1.4871252538131166,38217600
1992-05-27,1.4743049144744873,1.4903301656373287,1.4711000989839438,1.4839199478011798,31166400
1992-05-28,1.5255855321884155,1.5319951633742586,1.4678953303853461,1.4711001459782675,62702400
1992-05-29,1.5512255430221558,1.5672507979240322,1.5319954718819837,1.535200874975478,89918400
1992-06-01,1.592890977859497,1.5928909778594968,1.5384055844582158,1.5448158033451778,68529600
1992-06-02,1.5752636194229126,1.59609610124847,1.5672509909849435,1.5928912846153906,42585600
1992-06-03,1.576865792274475,1.5928910467574473,1.5704555731102494,1.5704555731102494,28190400
1992-06-04,1.5720579624176025,1.5832754014921646,1.570454968102702,1.5800699997173207,41755200
1992-06-05,1.5512255430221558,1.5768658334941184,1.54802072678386,1.570455614162328,40939200
1992-06-08,1.5159707069396973,1.5512254438731865,1.5159707069396973,1.5480206278397313,40228800
1992-06-09,1.4743049144744873,1.5255854834535547,1.4614850656572513,1.519175265617406,84604800
1992-06-10,1.4422553777694702,1.480715521176656,1.4358451582498672,1.4775107048444625,65457600
1992-06-11,1.3845645189285278,1.4775100179008405,1.3781543023892482,1.4422547072172165,130732800
1992-06-12,1.4422553777694702,1.448665597289073,1.3957826066765846,1.4134102702140807,138028800
1992-06-15,1.4566779136657715,1.4999452723245104,1.4422550695427983,1.4422550695427983,54940800
1992-06-16,1.3989876508712769,1.4711001078274426,1.3941798407514978,1.4518700410584564,57376000
1992-06-17,1.3917765617370605,1.4086030208950118,1.374950102579109,1.394180173943852,70032000
1992-06-18,1.3893729448318481,1.4374481230811302,1.3653350622796057,1.4037952048790312,53356800
1992-06-19,1.4134105443954468,1.427833394398575,1.3989882812476475,1.4134105443954466,43110400
1992-06-22,1.4278331995010376,1.4326404242756803,1.3749502058484717,1.408603126691968,54080000
1992-06-23,1.4134105443954468,1.4566785075495026,1.3989882812476475,1.437448432115551,57420800
1992-06-24,1.3893729448318481,1.4182180517814174,1.3797579091819918,1.4182180517814174,34096000
1992-06-25,1.3461045026779175,1.3893724408343455,1.2787992775440216,1.3893724408343455,165340800
1992-06-26,1.2836074829101562,1.3412976936734178,1.2643774126557357,1.336489882682227,140982400
1992-06-29,1.3893729448318481,1.3989879804817047,1.3124526596329973,1.3172598840303238,90963200
1992-06-30,1.3461045026779175,1.4037946956498282,1.3364894705159323,1.3989874729963307,74048000
1992-07-01,1.3869682550430298,1.398987485494127,1.3364894824554054,1.350912324254724,45136000
1992-07-02,1.343700885772705,1.403794689821881,1.3220672102117996,1.398987467188341,80563200
1992-07-06,1.3364895582199097,1.3509124008368476,1.3028372368721026,1.3461045910128586,36224000
1992-07-07,1.307644248008728,1.3412971507599492,1.2932219945831576,1.3412971507599492,54396800
1992-07-08,1.3196630477905273,1.326874468791187,1.259569242113373,1.3076444040260973,93417600
1992-07-09,1.326874852180481,1.360527768670616,1.3124525928669755,1.326874852180481,61174400
1992-07-10,1.3364895582199097,1.3461045910128586,1.3004330385325937,1.3316823352509495,28905600
1992-07-13,1.3461045026779175,1.3701423765103753,1.317259406191962,1.34129728002442,35113600
1992-07-14,1.3677386045455933,1.3749500276280653,1.3509127331600563,1.3557199573115888,41116800
1992-07-15,1.3749499320983887,1.4086028462416498,1.36533489760819,1.3797577427710541,80172800
1992-07-16,1.3893729448318481,1.3893729448318481,1.3605278378822792,1.3653350622796057,42291200
1992-07-17,1.3509130477905273,1.3845653852544741,1.3412980103929268,1.3797581599833288,59865600
1992-07-20,1.3316820859909058,1.3509121479773816,1.3172592460735895,1.3364893080600653,48707200
1992-07-21,1.3797577619552612,1.398987831203034,1.3364898127202025,1.3461048473440889,45907200
1992-07-22,1.3461045026779175,1.3797574086723605,1.3364894705159323,1.3797574086723605,59008000
1992-07-23,1.3653342723846436,1.3893721410301147,1.3220669304196042,1.3412969905940357,68441600
1992-07-24,1.3989876508712769,1.418217717640263,1.3653347405980185,1.3677383522303757,76259200
1992-07-27,1.403794765472412,1.4134097981126341,1.389372509939589,1.3989875425798108,30512000
1992-07-28,1.4230247735977173,1.4326398058517558,1.3989874863901186,1.4134097413436786,45363200
1992-07-29,1.4230247735977173,1.4374476154062732,1.3845646445815627,1.4326398058517558,145273600
1992-07-30,1.4061989784240723,1.4326404762088587,1.4037953659496198,1.4134104027026995,32035200
1992-07-31,1.3989876508712769,1.413409907520484,1.3893726174867838,1.413409907520484,35312000
1992-08-03,1.4182182550430298,1.4278332920709307,1.384565332017733,1.398988180987228,31516800
1992-08-04,1.4206211566925049,1.4326398002493044,1.413409735816428,1.423024768032866,31430400
1992-08-05,1.3845645189285278,1.4182174221910677,1.370142265283827,1.4182174221910677,60150400
1992-08-06,1.3749499320983887,1.384564966588587,1.3509126393004587,1.3749499320983887,3705600
1992-08-07,1.3605273962020874,1.4182175913727408,1.3557195865103597,1.3749496515672444,55008000
1992-08-10,1.3629311323165894,1.3941798441792543,1.3605275206783227,1.365334743954856,42067200
1992-08-11,1.3725459575653076,1.3821609895152311,1.346104472989274,1.3701423462915712,33436800
1992-08-12,1.3653342723846436,1.3941793626462908,1.3605270507684675,1.379757110942899,30441600
1992-08-13,1.3629311323165894,1.3797575874945882,1.3557197105467231,1.3701425540864556,28227200
1992-08-14,1.3653342723846436,1.379757110942899,1.3605270507684675,1.3653342723846436,33942400
1992-08-17,1.3364895582199097,1.3653346565987565,1.3364895582199097,1.3605274336297966,63318400
1992-08-18,1.3364895582199097,1.3605274336297966,1.3076444598410626,1.3268745254269607,66313600
1992-08-19,1.3316820859909058,1.3557193700465409,1.3220670549976679,1.3364893080600653,27433600
1992-08-20,1.3533165454864502,1.3605279696359986,1.326875048174946,1.336490084755924,36534400
1992-08-21,1.3412973880767822,1.362931065470269,1.3268745452444326,1.3557196440540942,52710400
1992-08-24,1.326874852180481,1.3461049225019373,1.3220676280277035,1.3388934994175978,42800000
1992-08-25,1.3533165454864502,1.3605279696359986,1.3172600115939683,1.3220678233120873,37123200
1992-08-26,1.3773536682128906,1.3893729025508477,1.3509127611218301,1.3509127611218301,50016000
1992-08-27,1.4158142805099487,1.4230257061400442,1.384565551920043,1.384565551920043,88028800
1992-08-28,1.4302364587783813,1.4326400705722768,1.413410002510904,1.413410002510904,49468800
1992-08-31,1.432639479637146,1.4422545097018247,1.4134094195077882,1.4278322580322378,25651200
1992-09-01,1.432639479637146,1.4350430904396,1.40860219790288,1.423024449572467,30825600
1992-09-02,1.4494664669036865,1.456677888842282,1.4182177543098795,1.4326400113319904,61955200
1992-09-03,1.4735034704208374,1.485522700261365,1.4518697956758329,1.4566776049830372,85296000
1992-09-04,1.4614851474761963,1.4711001813411713,1.4518701136112213,1.466292957836231,28585600
1992-09-08,1.475907802581787,1.478311414026264,1.4470627046830065,1.4614849602048874,49376000
1992-09-09,1.5023488998413086,1.507156710217833,1.4711001863867368,1.4759079967632613,60982400
1992-09-10,1.5191755294799805,1.5191755294799805,1.4903304244898543,1.504753270412499,53302400
1992-09-11,1.5143680572509766,1.5239830906720777,1.4999452136917912,1.5095602471128924,30796800
1992-09-14,1.5720579624176025,1.5768651847974333,1.5335978359591287,1.5335978359591287,95100800
1992-09-15,1.5624432563781738,1.5720582899963316,1.5384053789052399,1.567250479759713,44614400
1992-09-16,1.5456171035766602,1.5720585979195278,1.5287906447352722,1.533598455913609,35708800
1992-09-17,1.5600382089614868,1.5672496269648923,1.543212349426553,1.548019570192317,23590400
1992-09-18,1.5360020399093628,1.5672507580023625,1.507156933933859,1.56244353376737,71683200
1992-09-21,1.5215785503387451,1.5287899704982253,1.5047526857732052,1.5143677170342003,31811200
1992-09-22,1.4951376914978027,1.521578587978413,1.4903298823209055,1.5191749768174392,30777600
1992-09-23,1.5215785503387451,1.5335977795561906,1.4903298454542449,1.4951376545122101,37654400
1992-09-24,1.5432132482528687,1.548020471818543,1.5239831802799675,1.5239831802799675,36953600
1992-09-25,1.5143680572509766,1.5456167691557887,1.4614850800073862,1.5432131575142802,41817600
1992-09-28,1.480715036392212,1.5047529115793374,1.4662927807639552,1.4711000036883664,52854400
1992-09-29,1.5143680572509766,1.5191752805339935,1.4807151468495887,1.4807151468495887,39392000
1992-09-30,1.5480197668075562,1.5480197668075562,1.5143674566087222,1.533597515823723,59843200
1992-10-01,1.5311940908432007,1.557635582318564,1.5287904789422941,1.5384055134010508,47804800
1992-10-02,1.5143680572509766,1.533598124093179,1.4999452136917912,1.5239830906720777,36803200
1992-10-05,1.5720579624176025,1.5720579624176025,1.4566775830421808,1.509559963495104,71347200
1992-10-06,1.5864804983139038,1.6057105649601329,1.562443208433648,1.5816732750798772,74316800
1992-10-07,1.5600382089614868,1.6201325765168546,1.5576345985786046,1.5864796837374677,58153600
1992-10-08,1.6033077239990234,1.6249414126608497,1.5720589973924581,1.581674035337197,59532800
1992-10-09,1.5840771198272705,1.6057108012743657,1.5672506623216864,1.6057108012743657,40182400
1992-10-12,1.6129217147827148,1.6153253259945615,1.591288040166171,1.5960952625898643,34700800
1992-10-13,1.6201337575912476,1.641767440517618,1.6009036867999875,1.6297487929868775,86643200
1992-10-14,1.6057109832763672,1.6345560907603738,1.5960959474483651,1.6225374426891745,47456000
1992-10-15,1.624940276145935,1.6297480851833008,1.591287960304107,1.6009029915239055,35942400
1992-10-16,1.6417666673660278,1.644170278369214,1.610517963759873,1.6297480254951855,47644800
1992-10-19,1.6898421049118042,1.6970535259848656,1.6345555214433503,1.6345555214433503,83280000
1992-10-20,1.6898421049118042,1.7258986234221012,1.6730156513596643,1.6970535259848656,84150400
1992-10-21,1.730705976486206,1.730705976486206,1.6874386205015777,1.6970536537042789,60396800
1992-10-22,1.725899338722229,1.7355143751862658,1.6970542293301187,1.730706563526621,49174400
1992-10-23,1.7042648792266846,1.7355141844417377,1.6970540428126153,1.7355141844417377,46006400
1992-10-26,1.730705976486206,1.7355137865150836,1.6874386205015777,1.7018608768781025,40121600
1992-10-27,1.6922451257705688,1.735513050254605,1.6826300966468724,1.7307052422653544,49116800
1992-10-28,1.701861023902893,1.7066688343471204,1.6778237322470713,1.6970538003137705,36172800
1992-10-29,1.730705976486206,1.730705976486206,1.7018608768781025,1.70666868690698,32774400
1992-10-30,1.7066683769226074,1.7307056621359103,1.7018605677669782,1.7283020509855693,24998400
1992-11-02,1.7234946489334106,1.730706070942777,1.6874387125967505,1.7114760034878573,31091200
1992-11-03,1.697054147720337,1.7258992557253126,1.6850349125768453,1.721091444296871,35267200
1992-11-04,1.701861023902893,1.7258989024138196,1.6922459898695434,1.6970538003137705,23657600
1992-11-05,1.7667627334594727,1.7739741560375237,1.6970538801519972,1.7114761384529673,90361600
1992-11-06,1.783589243888855,1.7932042786622313,1.7547441395687267,1.7643591743421028,61155200
1992-11-09,1.7667627334594727,1.7835891905232146,1.7403212419100398,1.7835891905232146,54796800
1992-11-10,1.7859923839569092,1.79320380484526,1.7595508986029522,1.7691659308357552,38710400
1992-11-11,1.802820086479187,1.8268573902921728,1.7739749697903633,1.7835900086866379,60748800
1992-11-12,1.798011302947998,1.8124341469339469,1.7691662018311853,1.8028191132283424,46960000
1992-11-13,1.7932045459747314,1.8028195821814184,1.7787816982370823,1.7980117706504564,25811200
1992-11-16,1.783589243888855,1.7980115026213446,1.7739742091154789,1.7883964678479682,19312000
1992-11-17,1.730705976486206,1.807626242107815,1.7162837201096812,1.785992564115501,56649600
1992-11-18,1.769166350364685,1.7787813848775367,1.7283026003988495,1.7403212468261304,33273600
1992-11-19,1.8076262474060059,1.8268563138677718,1.773973924525443,1.773973924525443,46857600
1992-11-20,1.8268558979034424,1.8268558979034424,1.8028186137269109,1.8076258358202484,41113600
1992-11-23,1.701861023902893,1.7643590385472183,1.6778237322470713,1.7355139364471692,309884800
1992-11-24,1.7595516443252563,1.7835895285223489,1.7162842743678308,1.754744419598984,145513600
1992-11-25,1.7523407936096191,1.7787822988194426,1.735514914708309,1.7691672593663645,53152000
1992-11-27,1.7643591165542603,1.778781374814379,1.7499362714390108,1.7595513058974668,17593600
1992-11-30,1.7908000946044922,1.7932042934590369,1.76435918890089,1.7787814477523862,35251200
1992-12-01,1.7908000946044922,1.7980115174578173,1.7691664128996707,1.7835892586063213,33593600
1992-12-02,1.745128870010376,1.7980112607217145,1.7403210598429428,1.7883962272419192,49881600
1992-12-03,1.7619551420211792,1.7787816011785615,1.7403214584503763,1.7451292697190022,26048000
1992-12-04,1.7643591165542603,1.778781374814379,1.754744082095804,1.7595513058974668,23548800
1992-12-07,1.7956076860427856,1.7980112977484648,1.7499361293594684,1.769166196715067,46422400
1992-12-08,1.7787812948226929,1.8076263969008988,1.7595512267705558,1.8028191733154166,26908800
1992-12-09,1.769166350364685,1.793204230074381,1.7547440920229747,1.7643591265358263,26048000
1992-12-10,1.7114759683609009,1.7643589462040836,1.7018609348307834,1.7307060354211357,89296000
1992-12-11,1.6609973907470703,1.7114761761963795,1.648978744088691,1.7018611414986469,112934400
1992-12-14,1.675419569015503,1.6970538361892131,1.6634009229335198,1.6682087334793834,51286400
1992-12-15,1.6609973907470703,1.6874388828796207,1.644170933312252,1.6778238481818883,45289600
1992-12-16,1.6730149984359741,1.6970528636799733,1.639362691320112,1.6633999697093307,73792000
1992-12-17,1.730705976486206,1.7355137865150836,1.6730157772699992,1.6778235872988767,51859200
1992-12-18,1.730705976486206,1.7355137865150836,1.7018608768781025,1.7114759100808037,74387200
1992-12-21,1.740321397781372,1.7691665038219473,1.7162841028418183,1.7258991381886768,64928000
1992-12-22,1.687438726425171,1.7595511865445328,1.6730158822882442,1.7499361527382784,56928000
1992-12-23,1.6778241395950317,1.6970542123304748,1.6537862552481044,1.6922464007189906,59974400
1992-12-24,1.6778241395950317,1.6778241395950317,1.6537862552481044,1.6778241395950317,32723200
1992-12-28,1.6826313734054565,1.6874391850428117,1.6537862641470773,1.6778241486233518,45731200
1992-12-29,1.6634008884429932,1.6826309565174786,1.6585936648519242,1.6778237329264096,60035200
1992-12-30,1.6513819694519043,1.6730156457434557,1.6393633256071545,1.6682084229475589,50860800
1992-12-31,1.6417666673660278,1.6585931180981541,1.6393630563628416,1.6537853092368704,30851200
1993-01-04,1.6369588375091553,1.648978066080751,1.6249401957924636,1.6345552265367977,72646400
1993-01-05,1.6634008884429932,1.668208698889167,1.629748562740196,1.634555786331265,71529600
1993-01-06,1.7114759683609009,1.7162837785534966,1.6682086109029095,1.673015834240431,87440000
1993-01-07,1.6778241395950317,1.7283029338117581,1.6730163279835475,1.7114764734544337,58748800
1993-01-08,1.675419569015503,1.6970538361892131,1.6585936992427734,1.6778237677159933,43977600
1993-01-11,1.7138795852661133,1.7162837837972935,1.658593582440327,1.677823649559316,58348800
1993-01-12,1.725899338722229,1.7547444481143395,1.7066692657941556,1.7114764905985473,85129600
1993-01-13,1.754744052886963,1.7739741214837783,1.6970538470965169,1.7210911394149757,83696000
1993-01-14,1.754744052886963,1.8076264481006448,1.7403212080117911,1.7739741214837783,121264000
1993-01-15,1.725899338722229,1.7499366364546947,1.6730163447424002,1.682631381206437,181958400
1993-01-18,1.716284155845642,1.7258991914894406,1.6970540845580449,1.72109138023994,50611200
1993-01-19,1.6994574069976807,1.7162838632192179,1.6970537952103477,1.711476052789449,52960000
1993-01-20,1.6994574069976807,1.711476052789449,1.6874387612059125,1.7018610187850138,47968000
1993-01-21,1.7210910320281982,1.7307060657266797,1.6682086401140916,1.6874387075110548,73363200
1993-01-22,1.7186882495880127,1.7355147133929303,1.7066695983796574,1.7258996750551727,49088000
1993-01-25,1.701861023902893,1.7355139364471692,1.6874387662804209,1.71628386838047,49609600
1993-01-26,1.6922451257705688,1.7307052422653544,1.6826300966468724,1.7018601548942651,42345600
1993-01-27,1.6585934162139893,1.6874385140015804,1.6441705738926855,1.6826307042761401,64192000
1993-01-28,1.6730149984359741,1.6754186089039398,1.6297476625934686,1.6585927487733991,77030400
1993-01-29,1.6634008884429932,1.6922459905547214,1.6489786308146814,1.6826309565174786,39424000
1993-02-01,1.6826313734054565,1.6922464098249164,1.6441712277276177,1.6585940757844324,42854400
1993-02-02,1.7114759683609009,1.7210910018910184,1.6778236444330268,1.6802272561017877,70371200
1993-02-03,1.6994574069976807,1.735513931228088,1.6922459847805786,1.721091086793884,71728000
1993-02-04,1.6345549821853638,1.6874379368011216,1.624939952878391,1.6874379368011216,124214400
1993-02-05,1.7114759683609009,1.7210910018910184,1.5816733091318527,1.6297484767824397,177216000
1993-02-08,1.648978590965271,1.711476017269476,1.6345557468303986,1.7018609834645915,92665600
1993-02-09,1.6129217147827148,1.6778233254873083,1.6057102942922128,1.6682082937849598,64550400
1993-02-10,1.6441712379455566,1.6585940860920043,1.6153261285079155,1.624941164987129,39193600
1993-02-11,1.6393636465072632,1.6634009389019848,1.62974861217835,1.6585937151650896,31635200
1993-02-12,1.608114242553711,1.639363542277203,1.6009034074068298,1.639363542277203,34752000
1993-02-16,1.5408084392547607,1.610517848183878,1.5335976067626746,1.5936913986592725,91180800
1993-02-17,1.5432132482528687,1.5624433162257698,1.4855230443341652,1.5576355058049935,121913600
1993-02-18,1.5696545839309692,1.5912888565009053,1.5191757883116448,1.5624437465962537,138553600
1993-02-19,1.5335986614227295,1.5768660335498137,1.5287908496001241,1.5744624210661473,97094400
1993-02-22,1.475907802581787,1.5576352865341563,1.4759078025817873,1.5335979983793486,76256000
1993-02-23,1.5287905931472778,1.5480206635013316,1.475908193101217,1.499945487616197,105974400
1993-02-24,1.6129217147827148,1.6153253259945615,1.5143677865473826,1.5191750089710756,77548800
1993-02-25,1.6225372552871704,1.6345559019702238,1.5864807283828644,1.5864807283828644,60806400
1993-02-26,1.6033077239990234,1.6345564506055885,1.5960962988266334,1.620134187116152,29833600
1993-03-01,1.5672502517700195,1.6105181901850323,1.5624430290877924,1.6105181901850323,26432000
1993-03-02,1.6273443698883057,1.6297485685475117,1.5624433300469824,1.5720583641184867,38380800
1993-03-03,1.629747986793518,1.644170239325061,1.6057101167677497,1.629747986793518,42352000
1993-03-04,1.610518455505371,1.6297485231122706,1.5720583202915723,1.6297485231122706,56659200
1993-03-05,1.5912892818450928,1.6345566648396077,1.5864814688149134,1.6057115472247911,35724800
1993-03-08,1.608114242553711,1.6249406982732706,1.576865529685304,1.5888841751185243,48022400
1993-03-09,1.6201337575912476,1.6345560172570985,1.6105187221956174,1.6153259464658385,41312000
1993-03-10,1.6345549821853638,1.6489778195732308,1.6057098942644454,1.624939952878391,26592000
1993-03-11,1.6634008884429932,1.6874387669636524,1.634555786331265,1.6393635967774387,57779200
1993-03-12,1.7114759683609009,1.7162837785534966,1.6393635103125572,1.6537857671801963,73580800
1993-03-15,1.6850342750549316,1.7162835703787696,1.6730156313138413,1.7162835703787696,35347200
1993-03-16,1.687438726425171,1.7066687940376795,1.6730158822882442,1.6970537602314253,36336000
1993-03-17,1.6417666673660278,1.682630401839839,1.6393630563628416,1.6682081489658103,39644800
1993-03-18,1.6393636465072632,1.6682087494940028,1.6345558359152452,1.6489786808361764,34406400
1993-03-19,1.6201337575912476,1.6489788637781375,1.6153259464658385,1.6489788637781375,45404800
1993-03-22,1.6033077239990234,1.615326374716111,1.5864812608818948,1.6009041112266744,34083200
1993-03-23,1.5984992980957031,1.634555823263832,1.5960956862458595,1.6057107205003527,34409600
1993-03-24,1.6585934162139893,1.668208448809853,1.5960954109133672,1.6009032206388074,50576000
1993-03-25,1.6802277565002441,1.6970542169029046,1.6609976837129887,1.6634012960975835,43833600
1993-03-26,1.6658040285110474,1.697053320424145,1.6537853860817462,1.6922455113394612,28380800
1993-03-29,1.6730149984359741,1.7018600846159047,1.6682077775000428,1.6682077775000428,48262400
1993-03-30,1.7499347925186157,1.7547425991121928,1.677822388452034,1.7018596608560164,140777600
1993-03-31,1.7787812948226929,1.8124342073414852,1.7451289691590048,1.7547440031850734,179660800
1993-04-01,1.7883961200714111,1.822049028661563,1.7787810871678011,1.7787810871678011,100412800
1993-04-02,1.725899338722229,1.769166709382768,1.725899338722229,1.7643594845783763,73251200
1993-04-05,1.7595516443252563,1.7739744922145606,1.6922463901707385,1.7066692380600426,61187200
1993-04-06,1.725899338722229,1.7883967823108418,1.7162843022581924,1.7643594845783763,55699200
1993-04-07,1.7355138063430786,1.740321029571824,1.7162837397179755,1.7307059962592726,39417600
1993-04-08,1.7114759683609009,1.7355138456137313,1.6970537114932618,1.7307060354211357,40185600
1993-04-12,1.7331095933914185,1.7547438583051744,1.701860882100512,1.706668692144143,48976000
1993-04-13,1.7090728282928467,1.7739744692438342,1.706669215960834,1.7355143245106914,53337600
1993-04-14,1.7114759683609009,1.7355138456137313,1.6874386779631443,1.7114759683609009,38592000
1993-04-15,1.675419569015503,1.7283025507444163,1.65378588869691,1.6922460256433496,109152000
1993-04-16,1.6730149984359741,1.6874378349533297,1.6441699122560436,1.6778228062266862,49600000
1993-04-19,1.6730149984359741,1.6778228062266862,1.6345548835294,1.6730149984359741,45673600
1993-04-20,1.6682088375091553,1.6826310963358861,1.6345559221548607,1.6682088375091553,46009600
1993-04-21,1.6321520805358887,1.6682086028127372,1.6201334353952963,1.6682086028127372,92528000
1993-04-22,1.6009032726287842,1.6345555943796712,1.5936918512339384,1.6249405614715555,79872000
1993-04-23,1.5648465156555176,1.6009030303172216,1.5528278730532652,1.5960952211633523,89296000
1993-04-26,1.5456171035766602,1.5864808577441503,1.533598455913609,1.567250786741191,65376000
1993-04-27,1.5864804983139038,1.5912883084029916,1.5432131417874189,1.5480203650214455,58208000
1993-04-28,1.6537857055664062,1.6537857055664065,1.5912882833765973,1.5960955065350202,55372800
1993-04-29,1.6441712379455566,1.6489790496127905,1.6153261285079155,1.6489790496127905,49660800
1993-04-30,1.6441712379455566,1.6682091225712181,1.6345562014663428,1.6345562014663428,46825600
1993-05-03,1.6561895608901978,1.6730160181311637,1.6345558797833208,1.6441709143702816,38096000
1993-05-04,1.6922451257705688,1.7018601548942651,1.6634000383994794,1.6682078463887302,49664000
1993-05-05,1.716284155845642,1.7307064158837384,1.6826312376647456,1.6922462733085442,51868800
1993-05-06,1.6778241395950317,1.7258993214336396,1.6682091032273103,1.7114764734544337,47244800
1993-05-07,1.6730149984359741,1.6874378349533297,1.6633999697093307,1.6778228062266862,31798400
1993-05-10,1.7138795852661133,1.7307060407089974,1.6922459064710198,1.7018609400305142,69091200
1993-05-11,1.687438726425171,1.7066687940376795,1.6778236926189167,1.6970537602314253,38220800
1993-05-12,1.6585934162139893,1.6922457368720039,1.6489783836181258,1.6826307042761401,48272000
1993-05-13,1.648978590965271,1.653785814440168,1.6249407130255138,1.648978590965271,43708800
1993-05-14,1.6441712379455566,1.6682091225712181,1.629748976654363,1.6537862744247704,49116800
1993-05-17,1.6634008884429932,1.6658045002385276,1.6393635967774387,1.6489786308146814,27763200
1993-05-18,1.701861023902893,1.7066688343471204,1.6634008877694944,1.6682086982137216,84185600
1993-05-19,1.7787812948226929,1.7883963288487617,1.7210910906662813,1.7451289691590048,181017600
1993-05-20,1.8100301027297974,1.831664370553741,1.769166352709795,1.7739741634001607,150256000
1993-05-21,1.7787812948226929,1.8124342073414852,1.7691662607966243,1.7980113628748302,75500800
1993-05-24,1.7715694904327393,1.80762600696629,1.7691658791584965,1.7739736885619597,64252800
1993-05-25,1.754744052886963,1.7691663109070142,1.7307061737133833,1.7643590871853707,36716800
1993-05-26,1.8316643238067627,1.8316643238067627,1.7547440495651163,1.7595512732776593,87484800
1993-05-27,1.8100301027297974,1.836471594388972,1.7883964217609885,1.8268565598633753,95052800
1993-05-28,1.7811845541000366,1.802818816518368,1.7643586880257627,1.7980110070292985,35136000
1993-06-01,1.850894570350647,1.8845469001398416,1.783589323917081,1.7883965480918906,173088000
1993-06-02,1.8412789106369019,1.8749312290121964,1.8316638786932498,1.841278910636902,70710400
1993-06-03,1.8196452856063843,1.8460867794212659,1.8172416734928085,1.8412795551941141,23936000
1993-06-04,1.8076262474060059,1.8172412806368887,1.7980112141751228,1.8076262474060056,32652800
1993-06-07,1.7932045459747314,1.841279727008166,1.7883967344437692,1.8124346183881053,52761600
1993-06-08,1.7739742994308472,1.7932043699566276,1.7451291936421762,1.7883965588975927,48131200
1993-06-09,1.7499347925186157,1.7883948978486952,1.745127572779673,1.7835876781097524,62480000
1993-06-10,1.7523407936096191,1.7787822988194426,1.7210920621009742,1.7547449936144652,56544000
1993-06-11,1.7186882495880127,1.7787820924851558,1.7114768241208527,1.764359828406203,67542400
1993-06-14,1.7739742994308472,1.7739742994308472,1.735514158379286,1.7499364178460315,40489600
1993-06-15,1.7787812948226929,1.7883963288487617,1.7595512267705558,1.7883963288487617,42345600
1993-06-16,1.754744052886963,1.7932041900805937,1.7162839156933323,1.7835891557821861,66966400
1993-06-17,1.7475323677062988,1.7643588219124196,1.7403209463529565,1.759551012058514,28083200
1993-06-18,1.6826313734054565,1.75474443997903,1.673016336985997,1.740321591922215,75910400
1993-06-21,1.7042648792266846,1.7162841136271765,1.6730161608668197,1.7066690782198959,68102400
1993-06-22,1.6922451257705688,1.7258980211309085,1.6778228755124265,1.7162829920072122,41062400
1993-06-23,1.7042648792266846,1.7162841136271765,1.6874390074053347,1.6922462316813809,33129600
1993-06-24,1.701861023902893,1.7210910919695925,1.6778237322470713,1.6970538003137705,35782400
1993-06-25,1.701861023902893,1.71628386838047,1.6682086982137216,1.701861023902893,45484800
1993-06-28,1.7355138063430786,1.7355138063430786,1.701860896321618,1.706668706405424,52224000
1993-06-29,1.7114759683609009,1.7643589462040836,1.7018609348307834,1.7355138456137313,42361600
1993-06-30,1.6922451257705688,1.735513050254605,1.6778228755124265,1.7162829920072122,56422400
1993-07-01,1.675419569015503,1.7018610598799597,1.6634009229335198,1.6970538361892131,57907200
1993-07-02,1.6778241395950317,1.6826313643512691,1.663401291615826,1.6778241395950317,25404800
1993-07-06,1.6537857055664062,1.6874386150955745,1.6393634492360858,1.668208548751779,47721600
1993-07-07,1.6033077239990234,1.620134187116152,1.5624439594477195,1.5792698357095047,182569600
1993-07-08,1.6321520805358887,1.6441707256764813,1.6153256252260166,1.6153256252260166,70105600
1993-07-09,1.6273443698883057,1.6345557921557103,1.605710689941198,1.6345557921557103,50000000
1993-07-12,1.610518455505371,1.6297485231122706,1.605710645176101,1.6297485231122706,26540800
1993-07-13,1.5912892818450928,1.61532658642973,1.5864814688149134,1.61532658642973,36476800
1993-07-14,1.6201337575912476,1.6441710526527284,1.5864808402789485,1.5960958756745787,43491200
1993-07-15,1.6057109832763672,1.6201338304459776,1.591288722961971,1.6201338304459776,34432000
1993-07-16,1.5600382089614868,1.6009025197442792,1.5528273778128407,1.6009025197442792,86217600
1993-07-19,1.5143680572509766,1.5432131575142802,1.4999452136917912,1.528790313955095,122435200
1993-07-20,1.5480197668075562,1.5480197668075562,1.4999446187700545,1.5239824862162226,74822400
1993-07-21,1.5191755294799805,1.5191755294799805,1.475908165422373,1.509560494483272,178963200
1993-07-22,1.4927338361740112,1.572058304391487,1.4759079673294722,1.552828236979084,147584000
1993-07-23,1.4927338361740112,1.5047530684480765,1.4759079673294722,1.4807151907550304,92790400
1993-07-26,1.5047532320022583,1.5239833015048103,1.4951381972509825,1.5047532320022583,65801600
1993-07-27,1.4518698453903198,1.5143678473942173,1.4518698453903198,1.5095600379223855,112220800
1993-07-28,1.5047532320022583,1.528790525452874,1.4374479887433267,1.4614852821939424,113459200
1993-07-29,1.5191755294799805,1.5528284453960428,1.4903304244898543,1.499945459486563,96534400
1993-07-30,1.4230247735977173,1.4278325831522345,1.3845646445815627,1.4037947090896399,287936000
1993-08-02,1.3989876508712769,1.4566778511782354,1.3893726174867838,1.4374477844092493,148208000
1993-08-03,1.403794765472412,1.4086025752200328,1.384564700191968,1.403794765472412,85136000
1993-08-04,1.403794765472412,1.4182176078602549,1.379757477299367,1.4086025752200328,94416000
1993-08-05,1.4374483823776245,1.4422556076421102,1.4086032702247824,1.4134104954892681,67910400
1993-08-06,1.408602237701416,1.4590810002534873,1.3989872073650749,1.4374473287104395,71760000
1993-08-09,1.403794765472412,1.4230248307528561,1.389372509939589,1.4086025752200328,70876800
1993-08-10,1.3653342723846436,1.4086022012045465,1.3533156314893395,1.4037943927335066,192028800
1993-08-11,1.3917765617370605,1.4037952096262234,1.3677386791035293,1.370142878165526,95974400
1993-08-12,1.4230247735977173,1.4326398058517558,1.38937245413608,1.3941796768356012,77366400
1993-08-13,1.4470624923706055,1.4566775235928189,1.403794558443178,1.423024620887605,61900800
1993-08-16,1.4951376914978027,1.5047527229966473,1.4518697563255274,1.4566775655024247,78451200
1993-08-17,1.4855233430862427,1.5095606394589343,1.4614854598583313,1.4999456035388137,54272000
1993-08-18,1.4855233430862427,1.523983486766725,1.471100495778452,1.4951383790063633,66012800
1993-08-19,1.4278331995010376,1.4975420667201023,1.4182181630965027,1.4855234179282462,114742400
1993-08-20,1.4662926197052002,1.475907651352923,1.4086024298188635,1.4134096522152455,73683200
1993-08-23,1.480715036392212,1.5047529115793374,1.4518699382806752,1.4518699382806752,59472000
1993-08-24,1.4590814113616943,1.480715089000209,1.4566777998140914,1.4711000559547531,39417600
1993-08-25,1.4278331995010376,1.4614855334892847,1.4013917026747547,1.4422554606802152,68800000
1993-08-26,1.3869682550430298,1.4182175499898884,1.374949611446928,1.4134097404384502,136256000
1993-08-27,1.382161259651184,1.3941799052238233,1.3701426140785447,1.3893726817368044,67763200
1993-08-30,1.3965833187103271,1.4086025494318253,1.3797574520392453,1.3941797073080309,54012800
1993-08-31,1.4446587562561035,1.451870178691863,1.4134100415079727,1.4182178520835194,93020800
1993-09-01,1.475907802581787,1.485522835214714,1.4422548949390335,1.4470627046830065,86035200
1993-09-02,1.4735034704208374,1.5095599862324884,1.4638884386613946,1.485522700261365,55497600
1993-09-03,1.4566779136657715,1.4759079812596754,1.4470628798688194,1.4711001709336544,26800000
1993-09-07,1.4374483823776245,1.4662934945304666,1.4278333449933438,1.456678457146186,38659200
1993-09-08,1.432639479637146,1.4374472880969165,1.40860219790288,1.423024449572467,54777600
1993-09-09,1.4662926197052002,1.4710998421015822,1.4326397155106911,1.4422547471584137,29856000
1993-09-10,1.4999452829360962,1.5047530932961308,1.466292957836231,1.4807152152061462,56540800
1993-09-13,1.4686965942382812,1.5095603421364798,1.4662929824454705,1.5095603421364798,33481600
1993-09-14,1.4470624923706055,1.4662925548150325,1.4278324299261782,1.4614847457764593,57756800
1993-09-15,1.4711005687713623,1.4759083803975859,1.430236810797081,1.456678307603189,60428800
1993-09-16,1.4614851474761963,1.4855230255661809,1.456677923971256,1.475907991701206,25641600
1993-09-17,1.4614851474761963,1.4711001813411713,1.447062890106281,1.4518701136112213,25286400
1993-09-20,1.45427405834198,1.495138401765961,1.4422554099726816,1.4662932935665074,34691200
1993-09-21,1.4614851474761963,1.487926637318651,1.437447856241306,1.4518701136112213,57846400
1993-09-22,1.4855233430862427,1.4999456035388137,1.4470631994057603,1.4614854598583313,72051200
1993-09-23,1.5143680572509766,1.5239830906720777,1.4759079235665717,1.485522956987673,72214400
1993-09-24,1.5384052991867065,1.5528281422941062,1.5095601998269557,1.5095601998269557,91481600
1993-09-27,1.5816738605499268,1.5864810855633886,1.5624437867855219,1.5720588236677242,73472000
1993-09-28,1.6153258085250854,1.6201336192399312,1.5816734809417148,1.5816734809417148,84012800
1993-09-29,1.5960955619812012,1.615325628993023,1.5528282046321384,1.6105184056676036,87529600
1993-09-30,1.5864804983139038,1.6009033417261063,1.5816732750798772,1.5912883084029916,38400000
1993-10-01,1.576865792274475,1.6009036739989335,1.576865792274475,1.5864808275932218,46048000
1993-10-04,1.588883638381958,1.6153251188869846,1.5864800274782884,1.5864800274782884,40505600
1993-10-05,1.6009032726287842,1.6297483713531313,1.5864804298390927,1.5912882397206685,86931200
1993-10-06,1.6321520805358887,1.6441707256764813,1.5960955582590401,1.6009033684283198,77321600
1993-10-07,1.6177297830581665,1.6489790925711427,1.6105189456523437,1.6345562440489585,41596800
1993-10-08,1.624940276145935,1.6297480851833008,1.5816729290843086,1.6201330539635024,38086400
1993-10-11,1.6153258085250854,1.6297486538144852,1.5816734809417148,1.6249408430996395,36457600
1993-10-12,1.6201337575912476,1.6393638283825074,1.5816736160087275,1.6201337575912473,79296000
1993-10-13,1.6009032726287842,1.6201333384450156,1.5624431409963213,1.6105183055369,62409600
1993-10-14,1.5792686939239502,1.6153252068622845,1.5768650828893729,1.6105179847931301,63257600
1993-10-15,1.5528285503387451,1.5960959173204323,1.5432135146922366,1.581673657278271,126425600
1993-10-18,1.5960955619812012,1.6009033721616928,1.5528282046321384,1.5576354279575577,67750400
1993-10-19,1.5432132482528687,1.615325709723697,1.528790403845642,1.5768655737778947,91392000
1993-10-20,1.5576355457305908,1.5720583905075065,1.523983219342982,1.5480205114976857,81590400
1993-10-21,1.5287905931472778,1.5384056283243046,1.499945487616197,1.5143683338093246,127142400
1993-10-22,1.5456171035766602,1.5528285269165685,1.5239834204121294,1.5239834204121294,47625600
1993-10-25,1.5480197668075562,1.562442604646224,1.5191746779850552,1.5480197668075562,48553600
1993-10-26,1.5287905931472778,1.5528284745174323,1.5239833689863516,1.5480206635013316,66944000
1993-10-27,1.5360020399093628,1.5480206873520266,1.528790616701691,1.528790616701691,45564800
1993-10-28,1.5191755294799805,1.5480206344701068,1.5143683054092079,1.5335983754026254,56009600
1993-10-29,1.5408084392547607,1.5432126369403252,1.5239825765850243,1.528789798246415,39843200
1993-11-01,1.5552313327789307,1.567249974210998,1.5335976608302315,1.5432126913468633,30163200
1993-11-02,1.5432132482528687,1.5672505397914442,1.528790403845642,1.5624433162257698,42422400
1993-11-03,1.509560227394104,1.5480203605761194,1.495137970878378,1.5384053272806155,56796800
1993-11-04,1.4711005687713623,1.5191757507573544,1.4711005687713623,1.5143685259863797,63177600
1993-11-05,1.5143680572509766,1.5191752805339935,1.4614850800073862,1.4662928901454704,56432000
1993-11-08,1.509560227394104,1.5287902939851117,1.495137970878378,1.5191752606896078,28819200
1993-11-09,1.5047532320022583,1.53840556020415,1.4999454211990462,1.519175490701598,36320000
1993-11-10,1.5648465156555176,1.5696537379544397,1.5191749695410222,1.5384050324466048,57177600
1993-11-11,1.5696545839309692,1.5864810447558317,1.5576359348511801,1.5624437465962537,31158400
1993-11-12,1.5744616985321045,1.5864803422902494,1.5720580871514762,1.5720580871514762,34339200
1993-11-15,1.5480197668075562,1.5768648556300573,1.5480197668075562,1.5768648556300573,29244800
1993-11-16,1.5816738605499268,1.5912888974321289,1.548020938034579,1.5576359749167814,47664000
1993-11-17,1.5528285503387451,1.5960959173204323,1.5528285503387451,1.5912886929247796,72217600
1993-11-18,1.5432132482528687,1.5672505397914442,1.5384054378320924,1.5528282822393191,48438400
1993-11-19,1.5408084392547607,1.5432126369403252,1.528789798246415,1.5335976067626746,38403200
1993-11-22,1.480715036392212,1.533598009690874,1.4711000036883664,1.533598009690874,80355200
1993-11-23,1.4879262447357178,1.5095599185101862,1.48552263361743,1.4951376649455204,98256000
1993-11-24,1.5143680572509766,1.533598124093179,1.4903301802706899,1.4903301802706899,32467200
1993-11-26,1.5191755294799805,1.5239833404059167,1.5143683054092079,1.5191755294799805,6403200
1993-11-29,1.5287905931472778,1.5384056283243046,1.5191755579702508,1.5191755579702508,32105600
1993-11-30,1.5384052991867065,1.5480203323066233,1.5047529766945216,1.5095601998269557,44153600
1993-12-01,1.5672502517700195,1.5816730935266885,1.5480201873311237,1.5480201873311237,58886400
1993-12-02,1.5936920642852783,1.596095676119873,1.5720583840636972,1.5768656077328866,51936000
1993-12-03,1.648978590965271,1.6634008482450526,1.6057106454157444,1.6105184557457322,114502400
1993-12-06,1.6321520805358887,1.6441707256764813,1.6153256252260166,1.634555692192993,59337600
1993-12-07,1.6441712379455566,1.6537862744247704,1.6345562014663428,1.6345562014663428,32780800
1993-12-08,1.6057109832763672,1.6105187946179753,1.5816736871339687,1.5960959474483651,105900800
1993-12-09,1.5600382089614868,1.6057097405100431,1.548019570192317,1.6057097405100431,61465600
1993-12-10,1.5744616985321045,1.5816731195289928,1.5528280223964428,1.5624430547739594,19916800
1993-12-13,1.5648465156555176,1.57686515825777,1.5528278730532652,1.5672501268049785,20112000
1993-12-14,1.5384052991867065,1.5672503985464572,1.5239830429343555,1.5576353654265402,47414400
1993-12-15,1.5335986614227295,1.5576359599699379,1.5335986614227295,1.538405886390062,35219200
1993-12-16,1.5384052991867065,1.5576353654265402,1.5335980760542725,1.5384052991867065,29113600
1993-12-17,1.5480197668075562,1.5480197668075562,1.533597515823723,1.5480197668075562,26112000
1993-12-20,1.576865792274475,1.576865792274475,1.5480206863182346,1.5576357216369814,35462400
1993-12-21,1.5864804983139038,1.5864804983139038,1.5672504316676747,1.5768654649907892,31008000
1993-12-22,1.5600382089614868,1.5864796837374677,1.5576345985786046,1.5816724629717038,24169600
1993-12-23,1.5552313327789307,1.5816728134133908,1.5528277218634952,1.5576349436943662,31820800
1993-12-27,1.5480197668075562,1.562442604646224,1.533597515823723,1.5528275750387237,24537600
1993-12-28,1.5912892818450928,1.5960965080198521,1.5480213119951578,1.5480213119951578,27776000
1993-12-29,1.5672502517700195,1.6057103806478115,1.5480201873311237,1.5912881257461364,48988800
1993-12-30,1.5624432563781738,1.5816733236144893,1.552828222760016,1.5720582899963316,25328000
1993-12-31,1.5504236221313477,1.5672500733131653,1.5432127889290774,1.5576350421885448,22995200
1994-01-03,1.5408084392547607,1.5528276671179755,1.5239825765850243,1.5480198586017158,36646400
1994-01-04,1.5480197668075562,1.5528275750387237,1.5239824862162226,1.5432125454312233,45302400
1994-01-05,1.5816738605499268,1.5864810855633886,1.5384059011523767,1.5432137130211172,53974400
1994-01-06,1.6273443698883057,1.6297485685475117,1.5864806217981895,1.5888842336022888,82006400
1994-01-07,1.6393636465072632,1.6489786808361764,1.6009035091916104,1.6201335778494368,70832000
1994-01-10,1.648978590965271,1.6634008482450526,1.6345557468303986,1.6345557468303986,74185600
1994-01-11,1.6393636465072632,1.6537859045730716,1.6225371897178844,1.6345558359152452,35360000
1994-01-12,1.6441712379455566,1.6489790496127905,1.6105189036959353,1.6345562014663428,39488000
1994-01-13,1.6417666673660278,1.644170278369214,1.6153251857662454,1.6297480254951855,40755200
1994-01-14,1.6465744972229004,1.6537859197495437,1.6297486271342365,1.6441708853323953,45216000
1994-01-17,1.629747986793518,1.653785269964389,1.6249401780464054,1.639363017432846,30755200
1994-01-18,1.6273443698883057,1.6441708262272146,1.6153257240127021,1.639363602619016,43686400
1994-01-19,1.6009032726287842,1.6201333384450156,1.5864804298390927,1.6105183055369,76563200
1994-01-20,1.6585934162139893,1.6609970276492012,1.6009032206388074,1.6009032206388074,145004800
1994-01-21,1.6585934162139893,1.6730156716802764,1.6345555412968218,1.6585934162139895,99078400
1994-01-24,1.6393636465072632,1.673015973230898,1.6345558359152452,1.6537859045730716,38374400
1994-01-25,1.6369588375091553,1.6417666463087743,1.6153251650481297,1.6393630353364168,70361600
1994-01-26,1.6201337575912476,1.6345560172570985,1.6153259464658385,1.6345560172570985,50489600
1994-01-27,1.6201337575912476,1.6297487929868775,1.6009036867999875,1.6153259464658385,51129600
1994-01-28,1.6321520805358887,1.6441707256764813,1.6201334353952963,1.6249406587095048,41875200
1994-01-31,1.6369588375091553,1.6513816770531085,1.6297480045920827,1.6393630353364168,62566400
1994-02-01,1.6369588375091553,1.648978066080751,1.6249401957924636,1.6345552265367977,44003200
1994-02-02,1.6153258085250854,1.6441709122487476,1.6153258085250854,1.6297486538144852,40924800
1994-02-03,1.624940276145935,1.624940276145935,1.6057102137063382,1.6201330539635024,31792000
1994-02-04,1.5624432563781738,1.6249406814686596,1.5624432563781738,1.6153256478505018,78217600
1994-02-07,1.5528285503387451,1.5624435859852537,1.528790667794872,1.5335984790457278,118851200
1994-02-08,1.5143680572509766,1.5480203807972972,1.4999452136917912,1.5480203807972972,149875200
1994-02-09,1.5311940908432007,1.5432133240579944,1.4999453755660246,1.509560410024781,98585600
1994-02-10,1.5263869762420654,1.5528284696091044,1.5191755531682962,1.5335983993158349,66620800
1994-02-11,1.5143680572509766,1.528790313955095,1.4999452136917912,1.5239830906720777,53747200
1994-02-14,1.5215785503387451,1.5287899704982253,1.5143677170342003,1.5191749392372302,55270400
1994-02-15,1.5335986614227295,1.5432136982126674,1.5239836246327916,1.5335986614227295,28876800
1994-02-16,1.5143680572509766,1.5432131575142802,1.5143680572509766,1.5432131575142802,43731200
1994-02-17,1.5119636058807373,1.528790058267232,1.4999449628282275,1.5191750264542305,85017600
1994-02-18,1.5384052991867065,1.5528281422941062,1.5095601998269557,1.5095601998269557,79465600
1994-02-22,1.5287905931472778,1.5432134393404053,1.509560522793224,1.5384056283243046,63235200
1994-02-23,1.5576355457305908,1.5768656141964004,1.5047531508771723,1.533598253575887,139462400
1994-02-24,1.5360020399093628,1.5528284984422023,1.5239833924666988,1.5384056520268587,82553600
1994-02-25,1.5576355457305908,1.5624433562746016,1.533598253575887,1.5432132878087919,52995200
1994-02-28,1.5864804983139038,1.5960955316370184,1.55763539834456,1.562443208433648,55494400
1994-03-01,1.6009032726287842,1.6009032726287842,1.5816732068125527,1.5960954627472084,48070400
1994-03-02,1.5912892818450928,1.5960965080198521,1.5576363512000968,1.5720592034352152,68499200
1994-03-03,1.5576355457305908,1.600903493206221,1.5480205114976857,1.5960956826622101,31564800
1994-03-04,1.5576355457305908,1.5672505799634955,1.5480205114976857,1.5576355457305906,25705600
1994-03-07,1.5624432563781738,1.5816733236144893,1.552828222760016,1.5624432563781738,30540800
1994-03-08,1.5576355457305908,1.5624433562746016,1.533598253575887,1.5624433562746016,24723200
1994-03-09,1.5552313327789307,1.572057782896759,1.5384048826611023,1.5624427523801272,37024000
1994-03-10,1.5552313327789307,1.5816728134133908,1.5480199131777344,1.567249974210998,46588800
1994-03-11,1.5720579624176025,1.5816729940322212,1.5528278991883657,1.5576351215681965,34857600
1994-03-14,1.6129217147827148,1.620133135273217,1.5816730084638226,1.5864802308875157,69203200
1994-03-15,1.6321520805358887,1.6393635023622726,1.6057105917425285,1.6153256252260166,62934400
1994-03-16,1.629747986793518,1.639363017432846,1.6249401780464054,1.6345552086857331,41286400
1994-03-17,1.624940276145935,1.639363116403099,1.624940276145935,1.6297480851833008,30992000
1994-03-18,1.629747986793518,1.6345552086857331,1.6057101167677497,1.6249401780464054,36857600
1994-03-21,1.6009032726287842,1.641767015774517,1.5960954627472084,1.6345555943796712,65078400
1994-03-22,1.629747986793518,1.6489780480721736,1.5816728335968788,1.5816728335968788,89024000
1994-03-23,1.6585934162139893,1.6826307042761401,1.6345555412968218,1.639363351022262,116441600
1994-03-24,1.6778241395950317,1.6778241395950317,1.6345561825126613,1.6489790304918672,60166400
1994-03-25,1.6826313734054565,1.716284294301191,1.673016336985997,1.673016336985997,102051200
1994-03-28,1.6609973907470703,1.6922461068009145,1.6105186052977611,1.682631072103182,118403200
1994-03-29,1.5864804983139038,1.6634007648988203,1.5864804983139038,1.6634007648988203,78339200
1994-03-30,1.608114242553711,1.634555731990864,1.5864805634028973,1.5912883736892365,86860800
1994-03-31,1.629747986793518,1.6489780480721736,1.586480055489094,1.6057101167677497,72297600
1994-04-04,1.624940276145935,1.6489781476228975,1.576865120046943,1.5864801512667415,73996800
1994-04-05,1.687438726425171,1.687438726425171,1.634555747063227,1.6393635573938996,101878400
1994-04-06,1.7114759683609009,1.7162837785534966,1.6778236444330268,1.6826308677705486,80780800
1994-04-07,1.725899338722229,1.733110175928817,1.7066692657941556,1.7162843022581924,76630400
1994-04-08,1.6730149984359741,1.7307051707958354,1.6682077775000428,1.7258979498599039,118710400
1994-04-11,1.6730149984359741,1.6778228062266862,1.653784940982687,1.6730149984359741,40400000
1994-04-12,1.629747986793518,1.6682081093508294,1.6153251474070776,1.6682081093508294,84969600
1994-04-13,1.6321520805358887,1.6441707256764813,1.5960955582590401,1.6297484688787844,69644800
1994-04-14,1.6177297830581665,1.6393640558414428,1.6105189456523437,1.6249412073192588,53088000
1994-04-15,1.6321520805358887,1.6393635023622726,1.6057105917425285,1.6057105917425285,35241600
1994-04-18,1.5960955619812012,1.6489785396912469,1.581673305149871,1.6297484726794254,78006400
1994-04-19,1.6946502923965454,1.7210917934794796,1.6489793022641566,1.673016603717483,291273600
1994-04-20,1.7210910320281982,1.7234946437390475,1.6730158635357903,1.701860964631235,104732800
1994-04-21,1.7595516443252563,1.7643594559067723,1.7162842743678308,1.7210914990941033,141980800
1994-04-22,1.7643591165542603,1.7835891854711723,1.745129047637348,1.7691663403559228,66060800
1994-04-25,1.802820086479187,1.8124351253754616,1.7595521180182507,1.7691671569145253,142745600
1994-04-26,1.8256540298461914,1.831663570513606,1.8076257012713877,1.8172407315972994,113193600
1994-04-28,1.7715694904327393,1.8316638802736498,1.7643586566100113,1.8316638802736498,141382400
1994-04-29,1.7787812948226929,1.7980113628748302,1.7547440031850734,1.7691662607966243,56803200
1994-05-02,1.8364710807800293,1.8376728130458548,1.7691658579242167,1.7835886991065188,79260800
1994-05-03,1.798011302947998,1.8364714377704152,1.7932040795227382,1.8316642143451554,41929600
1994-05-04,1.8292601108551025,1.8316643095477776,1.783589138521,1.802819206931711,68889600
1994-05-05,1.8148380517959595,1.8508945807299297,1.8076266286381295,1.8316645102125027,56374400
1994-05-06,1.7787812948226929,1.8124342073414852,1.747532580951746,1.7932041392893479,96403200
1994-05-09,1.7739742994308472,1.8004152062624106,1.7619550652108495,1.7643592641679569,47600000
1994-05-10,1.8076262474060059,1.8172412806368887,1.783588957756326,1.7883961809442397,65305600
1994-05-11,1.798011302947998,1.8124341469339469,1.783589045817134,1.8076263366536023,57433600
1994-05-12,1.8172411918640137,1.832565003613396,1.793203903388564,1.7980111263416432,58998400
1994-05-13,1.855701208114624,1.8749312724474179,1.817241079449036,1.8749312724474179,179920000
1994-05-16,1.8268558979034424,1.860508799976493,1.8220486758101049,1.850893768934896,56633600
1994-05-17,1.8196452856063843,1.8316645198846284,1.7980116028738369,1.8268567088022942,122464000
1994-05-18,1.8665183782577515,1.8749316799456461,1.8220492849644818,1.8316643192206135,96953600
1994-05-19,1.8917580842971802,1.903776730071228,1.8653165941101932,1.8701244045328735,89651200
1994-05-20,1.8797391653060913,1.9085842630842793,1.870124132713362,1.8845463881749476,78140800
1994-05-23,1.9446406364440918,1.9614670940133863,1.8653167462676319,1.8845468158167828,74947200
1994-05-24,1.966274380683899,1.9951194773184673,1.9326214745160728,1.9710816033621636,85144000
1994-05-25,2.0191574096679688,2.028772444952102,1.9326220921107702,1.9614671979631697,86003200
1994-05-26,1.9999269247055054,2.0287720245810656,1.971081824829945,2.0287720245810656,64296000
1994-05-27,2.014350414276123,2.028772675413047,1.971082457154856,1.9903125299075863,47544000
1994-05-31,2.067232131958008,2.0678333649587777,1.995119676596301,2.0095419329266218,76000000
1994-06-01,2.038386583328247,2.0576166454351172,2.0143492991221206,2.0576166454351172,100764800
1994-06-02,2.009542942047119,2.0528109064758073,1.9999279040468938,2.048003094048021,60291200
1994-06-03,2.0335805416107178,2.0576178397691747,2.009542656596998,2.019157693231433,86841600
1994-06-06,2.0960769653320312,2.1008847747350523,1.9903116138703234,2.023964519126537,764504000
1994-06-07,2.062425374984741,2.086462669920286,2.0576175638845218,2.076847634575031,166171200
1994-06-08,1.9999269247055054,2.062424934530082,1.9855046681952548,2.062424934530082,203835200
1994-06-09,2.009542942047119,2.021561592833564,1.9903128660466685,1.9951206784744544,79356800
1994-06-10,2.0215604305267334,2.0383868840665063,1.995119531369958,2.009541786650471,53726400
1994-06-13,2.0335805416107178,2.0528106148795886,1.9951203950729761,2.0239655049762826,56628800
1994-06-14,2.0600216388702393,2.081655913399424,2.038387951196371,2.043195763376851,59249600
1994-06-15,2.0864620208740234,2.1008848628329115,2.0480018914569906,2.062424733415879,58860800
1994-06-16,2.0600216388702393,2.0864631387245876,2.0576180262076575,2.0864631387245876,48478400
1994-06-17,2.038386583328247,2.062424454389296,2.0335793612289907,2.0576166454351172,47622400
1994-06-20,2.057617425918579,2.057617425918579,2.014350063193658,2.0191572871163626,45668800
1994-06-21,2.0239648818969727,2.05280998292029,1.9999270042833337,2.0047348145480943,86995200
1994-06-22,1.9806970357894897,2.038387240715397,1.9710820016351718,2.028772206561079,82924800
1994-06-23,1.9278147220611572,2.009542222366185,1.923006911355201,1.980697118695857,85979200
1994-06-24,1.9037773609161377,1.9374302844609905,1.8941623237397935,1.923007435268826,81454400
1994-06-27,1.995119333267212,2.004734364784512,1.8989690180942127,1.913391271942687,76161600
1994-06-28,1.973484992980957,2.028771568699534,1.9302176463176723,1.9999264753057018,99417600
1994-06-29,1.9758894443511963,1.9951195090803806,1.9566593796220118,1.975889444351196,53435200
1994-06-30,1.9855045080184937,2.004734573050852,1.96146663330054,1.9903117308490774,40827200
1994-07-01,1.9326215982437134,1.9903117952062122,1.9175981094513959,1.985504572220186,66622400
1994-07-05,1.8893541097640991,1.9614665574181542,1.884546300264501,1.9374292704851324,40430400
1994-07-06,1.858104944229126,1.8845464311762232,1.8364712671156054,1.8677199770412494,89254400
1994-07-07,1.9374299049377441,1.9422371291565808,1.8436831641186189,1.8653168468137458,89667200
1994-07-08,1.9037773609161377,1.9566603588136786,1.8893550985792698,1.9182002101083022,48945600
1994-07-11,1.860508680343628,1.908583832460325,1.836470810857837,1.908583832460325,85406400
1994-07-12,1.8460863828659058,1.8557014161099992,1.8028190266950144,1.8557014161099992,83752000
1994-07-13,1.9037773609161377,1.9037773609161377,1.8412799126975492,1.8557021750344171,82956800
1994-07-14,1.874932050704956,1.908584970683688,1.8605097898963814,1.8989699345262265,81446400
1994-07-15,1.8701239824295044,1.8989690778896897,1.846086109451865,1.8749312049120506,45520000
1994-07-18,1.9422369003295898,1.9903120711298272,1.9037767636894,1.9806970369697798,150499200
1994-07-19,1.9278147220611572,1.9470447911747093,1.9085846529476054,1.9470447911747093,70126400
1994-07-20,1.860508680343628,1.9230060846678922,1.8412786194969488,1.9230060846678922,112604800
1994-07-21,1.8364710807800293,1.8797390174719655,1.8268560489434846,1.8701239856354208,85740800
1994-07-22,1.9446406364440918,1.9518520592388109,1.8172415723947548,1.8653167462676319,152916800
1994-07-25,1.9686787128448486,1.9855051720896852,1.9326221821359724,1.9470450291616062,51513600
1994-07-26,1.9374299049377441,1.9710822350351438,1.9133920232780175,1.9662750108163074,54308800
1994-07-27,1.9037773609161377,1.9374302844609905,1.9037773609161377,1.9374302844609905,29291200
1994-07-28,1.9037773609161377,1.9326224724451702,1.8941623237397935,1.9037773609161377,39899200
1994-07-29,1.9806970357894897,1.9855048462942044,1.9085845730596613,1.918199607213979,67064000
1994-08-01,2.0528106689453125,2.0624257058329833,1.9806975988601436,1.9855054107316183,83934400
1994-08-02,2.031175374984741,2.1008847975274656,2.023964541084446,2.0672318919061525,95249600
1994-08-03,2.0528106689453125,2.0768479677368497,2.043195632057642,2.0672329308491793,58771200
1994-08-04,2.0287728309631348,2.062425754288274,2.0287728309631348,2.0576179423038425,40192000
1994-08-05,2.0191574096679688,2.033580256021759,2.0095423743838357,2.023965220737626,31204800
1994-08-08,2.038386583328247,2.038386583328247,1.9999264591145065,2.0143492991221206,34537600
1994-08-09,2.057617425918579,2.072040271396983,2.0287723218169167,2.038387356517471,40198400
1994-08-10,2.081655979156494,2.091271016965865,2.048003053396028,2.057618091205399,48646400
1994-08-11,2.124922037124634,2.1537671326512124,2.072039655420058,2.072039655420058,81428800
1994-08-12,2.124922037124634,2.1393448783154083,2.1104997827888297,2.1297298464732153,38088000
1994-08-15,2.093674421310425,2.1345381812190425,2.0912708088111596,2.1345381812190425,36113600
1994-08-16,2.1105005741119385,2.1201156095592473,2.076847656618761,2.1105005741119385,56779200
1994-08-17,2.148960590362549,2.1633828492633933,2.120115485705704,2.129730520591319,79790400
1994-08-18,2.134537696838379,2.1681906116125016,2.129730472930729,2.1489605422716154,61276800
1994-08-19,2.1105005741119385,2.153767940197234,2.1056927629606883,2.1489607159011745,74761600
1994-08-22,2.1008856296539307,2.1153078900219264,2.0960778182944546,2.1153078900219264,62835200
1994-08-23,2.134537696838379,2.1681906116125016,2.0960775581566065,2.1008853689194,58363200
1994-08-24,2.1441519260406494,2.1537669570991276,2.134536894982171,2.134536894982171,35246400
1994-08-25,2.1609792709350586,2.1826129530510685,2.1441528129091996,2.148960623854516,55174400
1994-08-26,2.1874210834503174,2.2210734175615023,2.1633831989235413,2.168191010570997,60961600
1994-08-29,2.1946308612823486,2.2354951865669848,2.192227250046478,2.2066500911716367,56625600
1994-08-30,2.245110511779785,2.2499177348797836,2.1778052803944923,2.1922275365495327,39851200
1994-08-31,2.23549485206604,2.2787621952574115,2.221072013098996,2.245109882425776,60968000
1994-09-01,2.158576011657715,2.192228346353938,2.1441531633198605,2.192228346353938,115568000
1994-09-02,2.1537678241729736,2.172997894031661,2.14415278924363,2.172997894031661,46964800
1994-09-06,2.1537678241729736,2.1633828591023176,2.1417491772250843,2.1489606001358816,28804800
1994-09-07,2.1874210834503174,2.2234770299576048,2.158575974131337,2.1633831989235413,43588800
1994-09-08,2.2282841205596924,2.2306877321780156,2.1922275988646014,2.1922275988646014,28377600
1994-09-09,2.1874210834503174,2.2258812292089583,2.148960937691677,2.158575974131337,60800000
1994-09-12,2.158576011657715,2.197036158084977,2.1489609750508993,2.197036158084977,36238400
1994-09-13,2.2138617038726807,2.225880937991187,2.1681907269009857,2.1681907269009857,41134400
1994-09-14,2.216265916824341,2.235495987309345,2.2114581057755003,2.2210731410180027,29968000
1994-09-15,2.2403032779693604,2.2403032779693604,2.2066509470497793,2.2162659825775446,40640000
1994-09-16,2.1874210834503174,2.2354962656486186,2.182613271802862,2.2306884540011627,52921600
1994-09-19,2.1874210834503174,2.201843344682182,2.1778060470106575,2.1970361198899777,48350400
1994-09-20,2.1537678241729736,2.1970357747826,2.151364212154428,2.1874207398532564,40276800
1994-09-21,2.20184326171875,2.206651073185052,2.11530793702238,2.1657867297147884,82948800
1994-09-22,2.1922287940979004,2.21145887123911,2.177806529669684,2.2018438326685055,44320000
1994-09-23,2.1537678241729736,2.2114580337490355,2.1537678241729736,2.1874207398532564,48371200
1994-09-26,2.136941909790039,2.1537683719094085,2.124923259785622,2.1537683719094085,29921600
1994-09-27,2.1729981899261475,2.1729981899261475,2.110500747802794,2.1345380449717024,50585600
1994-09-28,2.1922287940979004,2.21145887123911,2.1729987169566907,2.177806529669684,33355200
1994-09-29,2.1729981899261475,2.201843298641981,2.1681909652344613,2.187421037711684,27105600
1994-09-30,2.158576011657715,2.211458419567569,2.158576011657715,2.172998273140307,34608000
1994-10-03,2.148960590362549,2.1681906601337793,2.134537744606548,2.158575625248164,28833600
1994-10-04,2.115307092666626,2.158575031171395,2.1104998699744266,2.153767221624201,42622400
1994-10-05,2.134537696838379,2.1489605422716154,2.0816552995785136,2.110500403589843,50985600
1994-10-06,2.0960769653320312,2.148959934490374,2.086461933380967,2.134537093136289,40790400
1994-10-07,2.091270923614502,2.1105009983748406,2.072040848854163,2.1008859609946713,51518400
1994-10-10,2.105692148208618,2.129730023236683,2.091269892675795,2.091269892675795,39480000
1994-10-11,2.1465554237365723,2.177804713167611,2.120114529863236,2.120114529863236,55692800
1994-10-12,2.163382053375244,2.1729970847235784,2.144151990678575,2.148959799780213,27912000
1994-10-13,2.20184326171875,2.221073333873499,2.1778059649529284,2.1778059649529284,63033600
1994-10-14,2.1513638496398926,2.2066504378813683,2.122518749712391,2.2018426277992544,99878400
1994-10-17,2.120115280151367,2.1633826395140994,2.1153074697471195,2.1537676055607036,31160000
1994-10-18,2.1778054237365723,2.18261264715298,2.1177110230458935,2.124922445025588,52686400
1994-10-19,2.216265916824341,2.2306881762605046,2.1633829295629896,2.177805775854332,59488000
1994-10-20,2.2931861877441406,2.3028012229404364,2.22588094137007,2.2403032007369257,136558400
1994-10-21,2.2835710048675537,2.293186039442038,2.2451108665696173,2.278763194152743,67099200
1994-10-24,2.2643396854400635,2.288376965176273,2.24510962690917,2.288376965176273,57145600
1994-10-25,2.2955894470214844,2.2979930587373545,2.2451106667127823,2.2595329238630892,44780800
1994-10-26,2.3460683822631836,2.3508761928675144,2.2979932104954957,2.3028010210998264,97904000
1994-10-27,2.3701059818267822,2.3701059818267822,2.336453072133951,2.350875915389466,41238400
1994-10-28,2.3893356323242188,2.398950663869075,2.3604905376896506,2.3701055692345063,58414400
1994-10-31,2.4229891300201416,2.4518342387108576,2.3845289850991866,2.3941440213294256,59932800
1994-11-01,2.4133732318878174,2.4181810417135146,2.3893359433244172,2.4133732318878174,39624000
1994-11-02,2.4229891300201416,2.466257086483835,2.403759057559664,2.4133740937899026,61408000
1994-11-03,2.408566951751709,2.4326042497245197,2.398951915191533,2.422989213164344,63441600
1994-11-04,2.3652989864349365,2.4277970173090164,2.3580875623234547,2.40856694424857,46947200
1994-11-07,2.37972092628479,2.3845281492872883,2.341260794844673,2.3652980835672297,47094400
1994-11-08,2.4470267295837402,2.456641764696338,2.3725100607473144,2.379721483795555,43328000
1994-11-09,2.4518332481384277,2.4854861547756717,2.4277959607018262,2.4710633128297097,60206400
1994-11-10,2.449429988861084,2.4758714783262006,2.442218566851491,2.442218566851491,24689600
1994-11-11,2.3941431045532227,2.4109695582266877,2.3364529092627837,2.3941431045532227,132899200
1994-11-14,2.4806785583496094,2.4806785583496094,2.4133733261463255,2.4133733261463255,48934400
1994-11-15,2.483081817626953,2.5047162273275423,2.471063320584685,2.480678352960501,52544000
1994-11-16,2.4854867458343506,2.4951017804664852,2.480678935090713,2.4902939697228472,30196800
1994-11-17,2.4710638523101807,2.490293921199754,2.4566415940705655,2.4854866974049257,33232000
1994-11-18,2.4662559032440186,2.490293188859586,2.4614480940079306,2.4662559032440186,25694400
1994-11-21,2.4422190189361572,2.4902941964742706,2.437411794609943,2.4806791609666483,35560000
1994-11-22,2.384528636932373,2.4566416915575013,2.37972141294678,2.4326038110640744,56358400
1994-11-23,2.3652989864349365,2.3869326719141246,2.3484725257932313,2.3701067981276767,87507200
1994-11-25,2.3941431045532227,2.398950914254933,2.3701058166097133,2.3749130394564095,12563200
1994-11-28,2.4374117851257324,2.442219009433241,2.394143832082193,2.4037588675524026,43449600
1994-11-29,2.4662559032440186,2.475870934861237,2.4422180307734935,2.4470258400095815,37673600
1994-11-30,2.4181816577911377,2.471064058216429,2.4133738467405594,2.471064058216429,40934400
1994-12-01,2.4061625003814697,2.438613685513663,2.403758888207062,2.408566699411075,43096000
1994-12-02,2.432603597640991,2.432603597640991,2.3845284277271377,2.4133735296754497,37715200
1994-12-05,2.435007095336914,2.471063617796744,2.4277962603290075,2.4374112938612904,38166400
1994-12-06,2.4374117851257324,2.466256891536361,2.422988938492822,2.4326039739630314,38830400
1994-12-07,2.4229891300201416,2.456642050253596,2.4229891300201416,2.4422192024806186,36744000
1994-12-08,2.4037585258483887,2.451833696365356,2.394143491744995,2.4277964045344267,41934400
1994-12-09,2.4277966022491455,2.4326038262647782,2.39414368671909,2.403758721605512,79956800
1994-12-12,2.4277966022491455,2.4422188611512,2.370106392930613,2.4277966022491455,65313600
1994-12-13,2.4133732318878174,2.4422183302769147,2.394143166295086,2.437411107306246,30219200
1994-12-14,2.432603597640991,2.4470264420426977,2.4037584956926787,2.4037584956926787,33641600
1994-12-15,2.4422190189361572,2.4662569011328115,2.422988947920912,2.437411794609943,28854400
1994-12-16,2.4374117851257324,2.4710641158438698,2.430801008098569,2.447026820595942,54020800
1994-12-19,2.408566951751709,2.447027097992413,2.4037591400439915,2.4374120614322368,31507200
1994-12-20,2.302799940109253,2.4133724898419167,2.2595320124017944,2.408565268349337,253456000
1994-12-21,2.3652989864349365,2.3701067981276767,2.3124165789463365,2.3172238037838198,69395200
1994-12-22,2.3316454887390137,2.3845278698443706,2.317222647711666,2.3652978063778836,57355200
1994-12-23,2.3412601947784424,2.3604902555698266,2.3220301339870586,2.3316451643827505,19486400
1994-12-27,2.3364529609680176,2.3701058690596795,2.3316457380149385,2.346067993729203,20566400
1994-12-28,2.3460683822631836,2.3460683822631836,2.307608244849033,2.336453347909646,34961600
1994-12-29,2.377316474914551,2.379720673014958,2.3316455138313725,2.34126054566809,23446400
1994-12-30,2.3508760929107666,2.379721194744916,2.3508760929107666,2.379721194744916,20686400
1995-01-03,2.314819812774658,2.3652985995886753,2.312416200749029,2.3652985995886753,39545600
1995-01-04,2.3316454887390137,2.3364527111781532,2.2883775525119363,2.317222647711666,51611200
1995-01-05,2.2931861877441406,2.34606858789618,2.283571152547845,2.3412613637256197,39824000
1995-01-06,2.3316454887390137,2.3556827746446403,2.2979925842451796,2.3028003935392833,46681600
1995-01-09,2.317222833633423,2.3460679311475316,2.2979927686240167,2.341260708322686,46000000
1995-01-10,2.3460683822631836,2.365298450970259,2.3268383135561086,2.3316461241604394,42184000
1995-01-11,2.3604910373687744,2.374913294311549,2.336453159990714,2.350876003788566,31512000
1995-01-12,2.3556838035583496,2.389336722751079,2.3460687676254586,2.3556838035583496,26996800
1995-01-13,2.4133732318878174,2.422988264684183,2.3797209105280515,2.3845281334987196,41307200
1995-01-16,2.4662559032440186,2.4806781572423677,2.422987967539057,2.432602999156275,74648000
1995-01-17,2.4854867458343506,2.50471681509862,2.475871711202216,2.4902939697228472,73932800
1995-01-18,2.502311944961548,2.509523512851273,2.4710633823861197,2.49510125735435,50504000
1995-01-19,2.4422190189361572,2.4999092319818934,2.43981540677305,2.4806791609666483,67108800
1995-01-20,2.3701059818267822,2.4422184375391915,2.3556831385712673,2.418181147920073,82388800
1995-01-23,2.4157769680023193,2.422988389685386,2.3268380567613627,2.3460681233461673,53843200
1995-01-24,2.3851287364959717,2.427795433260362,2.3845275036774867,2.422987624704543,36739200
1995-01-25,2.374913215637207,2.3941432821605853,2.3460681158521397,2.370105992433891,52459200
1995-01-26,2.302799940109253,2.346067280961863,2.297992131761825,2.3412600594692834,80836800
1995-01-27,2.302799940109253,2.3172221914418403,2.297992131761825,2.3124149699492604,58376000
1995-01-30,2.2691478729248047,2.3124158164716655,2.264340649672411,2.3124158164716655,55164800
1995-01-31,2.2835710048675537,2.297993263301711,2.2403030558548065,2.27395597029307,59945600
1995-02-01,2.2739548683166504,2.336452269336496,2.2685458271346293,2.2835698982316153,66705600
1995-02-02,2.2691478729248047,2.283570716392113,2.2451105829527096,2.259532839564954,46312000
1995-02-03,2.312415361404419,2.3268376151784644,2.2787624578400663,2.288377489307746,60332800
1995-02-06,2.3412601947784424,2.3508752251741343,2.3124151035913663,2.3124151035913663,48345600
1995-02-07,2.3460683822631836,2.3508761928675144,2.3316461241604394,2.336453347909646,33152000
1995-02-08,2.37972092628479,2.3845281492872883,2.3460680178471707,2.3556830507072,49150400
1995-02-09,2.37972092628479,2.4037582150073473,2.374913116427259,2.3893359591448196,42398400
1995-02-10,2.384528636932373,2.4085665174258004,2.3652985672796927,2.384528636932373,49862400
1995-02-13,2.384528636932373,2.413373741411394,2.3701063781204392,2.384528636932373,38160000
1995-02-14,2.37972092628479,2.394143182147318,2.3652980835672297,2.3893359591448196,31121600
1995-02-15,2.3364529609680176,2.3604908362984944,2.2931856069701975,2.312415672492568,147001600
1995-02-16,2.3412601947784424,2.3508752251741343,2.317222325361771,2.3412601947784424,56744000
1995-02-17,2.322030544281006,2.341260608470269,2.317222734806197,2.33645279899546,37824000
1995-02-21,2.2979931831359863,2.3364533200922373,2.288378148896924,2.3268382858531744,55392000
1995-02-22,2.3652989864349365,2.384529059495383,2.29318650588589,2.2979937307233733,60902400
1995-02-23,2.3701059818267822,2.3893360482640986,2.346068105352609,2.3556831385712673,59939200
1995-02-24,2.3556838035583496,2.379721686818188,2.3556838035583496,2.3604916149524056,34177600
1995-02-27,2.374913215637207,2.384528248898896,2.350875925910513,2.360490959172202,28592000
1995-02-28,2.4229891300201416,2.43260416625038,2.374913948868948,2.379721760411687,52544000
1995-03-01,2.432603597640991,2.4614486995893032,2.4133735296754497,2.4277963740771566,52032000
1995-03-02,2.4518332481384277,2.4518332481384277,2.4277959607018262,2.432603183447146,26038400
1995-03-03,2.4470267295837402,2.456641764696338,2.4277966593585445,2.4470267295837402,31776000
1995-03-06,2.4734668731689453,2.4758712182033635,2.418181021897907,2.432603277546759,45156800
1995-03-07,2.513129949569702,2.5389709478187785,2.4710644570074263,2.47587226883391,91750400
1995-03-08,2.634518623352051,2.6393264325155688,2.528753277159085,2.528753277159085,140096000
1995-03-09,2.6104824542999268,2.6441347854139594,2.572022311966633,2.6345197498306363,58238400
1995-03-10,2.63692307472229,2.6441346444529277,2.5575993288162864,2.610482315132929,44324800
1995-03-13,2.653749704360962,2.680191344480551,2.6249045988787776,2.6393274450474564,34550400
1995-03-14,2.7595150470733643,2.7691300820805886,2.6633646970011218,2.6681725079323155,78643200
1995-03-15,2.7114384174346924,2.7643213750319426,2.7066311959375877,2.7595135666799884,57294400
1995-03-16,2.697016477584839,2.7114387305967247,2.677786415665713,2.692208668677599,47510400
1995-03-17,2.689805030822754,2.7595137073546208,2.68740127323795,2.7114385556585474,59868800
1995-03-20,2.7354776859283447,2.7498999446580674,2.6922097360288775,2.697017546842218,37772800
1995-03-21,2.709036350250244,2.7498999547516703,2.706632591548538,2.7402849199448465,74772800
1995-03-22,2.7282652854919434,2.7306687497667492,2.687401404553533,2.7114386881486734,52464000
1995-03-23,2.7979748249053955,2.8172048924305186,2.7402846223300266,2.7450924326388515,105286400
1995-03-24,2.8412423133850098,2.8508573456014483,2.812397216735695,2.8172044394164173,65683200
1995-03-27,2.807589530944824,2.841242438613111,2.793167275412001,2.7979744983046024,61008000
1995-03-28,2.8316290378570557,2.8460513017015128,2.8027839233127834,2.8027839233127834,47603200
1995-03-29,2.778745412826538,2.84605066504033,2.7715338423760185,2.8316284044221307,65763200
1995-03-30,2.7739367485046387,2.7979740326775,2.7066315312237363,2.788359001637371,75011200
1995-03-31,2.7354776859283447,2.7739378250144715,2.7114398055719406,2.759514979429599,63080000
1995-04-03,2.692209005355835,2.745091975674248,2.6729789410318645,2.7306691340037754,65617600
1995-04-04,2.68740177154541,2.749899186911356,2.682593962056882,2.7018240263010176,66689600
1995-04-05,2.716247081756592,2.716247081756592,2.6441340417362675,2.687401983119469,65792000
1995-04-06,2.692209005355835,2.725861911350278,2.6705754764188634,2.7162468791882928,35414400
1995-04-07,2.6777877807617188,2.7210551487093477,2.6729799694035288,2.7018250769870202,43148800
1995-04-10,2.7282652854919434,2.740283780575787,2.668171342935457,2.672978564912522,43169600
1995-04-11,2.7739367485046387,2.7745373945171856,2.735476624344123,2.754706686424381,43624000
1995-04-12,2.7547080516815186,2.8172054909891666,2.721055132934929,2.773938123292366,40430400
1995-04-13,2.788358688354492,2.788358688354492,2.7354763170027834,2.759513598474963,32814400
1995-04-17,2.9758524894714355,3.0046975834557066,2.9037394610832883,2.9037394610832883,187913600
1995-04-18,2.951814651489258,2.980659745803485,2.9229695571750303,2.97585252351192,75609600
1995-04-19,2.927778959274292,2.9614312941897243,2.903741074173041,2.947009032613186,59163200
1995-04-20,2.8941242694854736,2.9566222630845402,2.8460491155073098,2.9421994234636375,83913600
1995-04-21,2.8845107555389404,2.9181636744478356,2.87970353104065,2.9085486385960393,53555200
1995-04-24,2.9902753829956055,2.9908766160097526,2.889317825871839,2.8989328592576773,68089600
1995-04-25,3.076810598373413,3.0816184083608955,2.985468077161727,2.985468077161727,69371200
1995-04-26,3.0623884201049805,3.0864257100893595,3.0431583533754516,3.0671956433598306,44305600
1995-04-27,3.023927688598633,3.096040131145034,2.9373924054299825,3.062387814451366,128844800
1995-04-28,3.1441149711608887,3.158537810327603,3.0239273834277487,3.0335424139205953,92104000
1995-05-01,3.158538341522217,3.221035756808926,3.144115499929907,3.148923309412339,65550400
1995-05-02,3.0599846839904785,3.1633466066631413,3.057581218598416,3.158539382451426,78099200
1995-05-03,3.1104626655578613,3.1152698873887323,3.0864247958388367,3.0864247958388367,61566400
1995-05-04,3.134500503540039,3.201805729076175,3.115270439101143,3.134500503540039,66524800
1995-05-05,3.076810598373413,3.1393086070803973,3.0720033752409788,3.12969357396048,43707200
1995-05-08,3.0720040798187256,3.0912341504690612,3.0431589738432216,3.0720040798187256,43988800
1995-05-09,3.0695979595184326,3.0912323633478365,3.0431572145154817,3.0768095252707077,36748800
1995-05-10,3.0479652881622314,3.0912332276362027,3.0335430329075797,3.081618195181432,38688000
1995-05-11,3.129693031311035,3.134500253609957,3.0383499390820443,3.0431577482359136,38673600
1995-05-12,3.105656385421753,3.1633465969156553,3.0912341259758667,3.1296942669718018,36192000
1995-05-15,3.127288341522217,3.1537299685272493,3.0720025036239536,3.100847594799508,35232000
1995-05-16,3.2643041610717773,3.2697126174062396,3.1345009156171515,3.1345009156171515,86708800
1995-05-17,3.3075714111328125,3.341224320661981,3.2739190884586966,3.2787263116171195,66515200
1995-05-18,3.2546892166137695,3.3364167100313753,3.2546892166137695,3.2931493515997223,58326400
1995-05-19,3.2835333347320557,3.288340556738428,3.230650371532491,3.2402654024001474,45190400
1995-05-22,3.355647325515747,3.365262360832411,3.2306518663991146,3.283534854068358,91382400
1995-05-23,3.403722047805786,3.403722047805786,3.308773586726458,3.3652619116723876,55516800
1995-05-24,3.365262746810913,3.442183038166591,3.346032673971994,3.4277607769650267,68684800
1995-05-25,3.432567596435547,3.437375407505204,3.3508400899480053,3.379685195800405,43440000
1995-05-26,3.365262746810913,3.4325680017471316,3.346032673971994,3.4301645360698916,52934400
1995-05-30,3.1921911239624023,3.398914637767022,3.177768867131072,3.384491794080619,99612800
1995-05-31,3.2570924758911133,3.2594959405318535,3.115270456437524,3.201805746894122,119756800
1995-06-01,3.2354602813720703,3.2931505040397275,3.2258452442607943,3.269112617833891,61153600
1995-06-02,3.1969993114471436,3.2354594500097855,3.177769242165823,3.221036604621224,55556800
1995-06-05,3.259495496749878,3.2835333675869967,3.144115125183511,3.1777680269844932,55852800
1995-06-06,3.1969993114471436,3.3081731494797793,3.196999311447144,3.2643045539317663,49036800
1995-06-07,3.230651617050171,3.259496720773833,3.158539151168584,3.187384254892246,64590400
1995-06-08,3.2354602813720703,3.2546903555946227,3.2162302071495183,3.2354602813720708,29320000
1995-06-09,3.2643041610717773,3.3027642950057303,3.1777688597203837,3.221036216968545,81214400
1995-06-12,3.221036195755005,3.259496329435662,3.2018061289146766,3.254689106153113,45832000
1995-06-13,3.2258434295654297,3.2594957470961687,3.2066133661607323,3.235458461267778,37691200
1995-06-14,3.2234394550323486,3.2354588328958047,3.182575859031215,3.206613734475582,43096000
1995-06-15,3.2643041610717773,3.269111384385986,3.225844027137825,3.2306512504520333,43912000
1995-06-16,3.3460299968719482,3.365260054325235,3.2643025461228685,3.2691097670588,92278400
1995-06-19,3.454200506210327,3.457205497619456,3.341224448957552,3.355646705841655,78982400
1995-06-20,3.514294147491455,3.5142941474914555,3.4517961521449347,3.475834023233573,56670400
1995-06-21,3.480642795562744,3.5527558540917745,3.461412724869027,3.5335257833980576,57224000
1995-06-22,3.5335254669189453,3.5383326907342245,3.4854502944904913,3.4854502944904913,46296000
1995-06-23,3.5046825408935547,3.5455464628461737,3.4710296058577668,3.490259686776646,46356800
1995-06-26,3.4517979621887207,3.5046809542014,3.4421829260823453,3.499873142720597,41048000
1995-06-27,3.34122371673584,3.48064137910109,3.3364159075913764,3.4421812533651663,66004800
1995-06-28,3.3796842098236084,3.422951562551957,3.2643038200746664,3.3364162702402504,107286400
1995-06-29,3.4373764991760254,3.451798763254978,3.384493494890675,3.384493494890675,57643200
1995-06-30,3.475834369659424,3.4998716562888617,3.4469892735911087,3.4469892735911087,53342400
1995-07-03,3.4974684715270996,3.5046797461211194,3.4758346477450406,3.4950647133290933,16763200
1995-07-05,3.48785400390625,3.5383326408164226,3.4758352109686945,3.5239103827189178,48547200
1995-07-06,3.567178249359131,3.5767932850716893,3.475835703517431,3.485450739229989,47070400
1995-07-07,3.677750825881958,3.6777508258819585,3.5671776406289784,3.57198545109242,66699200
1995-07-10,3.8027472496032715,3.8363995841064003,3.6825589992800785,3.692174035831724,111982400
1995-07-11,3.711402416229248,3.812360547403912,3.7114024162292476,3.807552737893218,78227200
1995-07-12,3.841207504272461,3.8460147292563938,3.7210192505555613,3.7210192505555613,94675200
1995-07-13,3.850821018218994,3.903703406405338,3.7739007540533716,3.8508210182189937,84811200
1995-07-14,3.985431432723999,3.9854314327239995,3.7690928989245376,3.778707931829957,89905600
1995-07-17,4.1921539306640625,4.201768962615127,4.096003611153419,4.144078770908741,155830400
1995-07-18,3.9181246757507324,4.120040288091322,3.89408680942564,4.11523248008438,289624000
1995-07-19,3.6344823837280273,3.797937940668177,3.4037215974595814,3.7306327113398803,305092800
1995-07-20,3.6969799995422363,3.745055158269346,3.615251936278667,3.663327095005777,177848000
1995-07-21,3.53833270072937,3.692173252934995,3.5287176662165187,3.6152529768321826,169257600
1995-07-24,3.600830078125,3.605637301098951,3.543139881307417,3.562369946913278,94811200
1995-07-25,3.706594705581665,3.754669860084314,3.653711742201295,3.6729418040023547,109422400
1995-07-26,3.6921727657318115,3.773900841734133,3.6489054095609204,3.754670775245946,77470400
1995-07-27,3.711402416229248,3.7546703544055298,3.701787384062851,3.7114024162292476,52916800
1995-07-28,3.5623695850372314,3.6921722212635433,3.538331712044229,3.6921722212635433,158468800
1995-07-31,3.480642795562744,3.596023219725045,3.461412724869027,3.58160096013235,101435200
1995-08-01,3.4421820640563965,3.4956656890042,3.379684638443808,3.490257232548804,166144000
1995-08-02,3.4229519367218018,3.562370216336041,3.384491802601332,3.4998722049627413,129804800
1995-08-03,3.5046825408935547,3.514297581352994,3.365264160803929,3.3844942417228085,113536000
1995-08-04,3.6104447841644287,3.6104447841644283,3.509486655443364,3.514294464837213,77705600
1995-08-07,3.600830078125,3.6729425307194643,3.5287170386755067,3.634482399507742,64273600
1995-08-08,3.596022605895996,3.648905584704362,3.5912153824707365,3.620060483587549,43913600
1995-08-09,3.711402416229248,3.773900418738324,3.6921723518964535,3.759477577061233,144384000
1995-08-10,3.620061159133911,3.7354415851325187,3.610446123634027,3.7306337739549797,71883200
1995-08-11,3.711402416229248,3.7162102257399416,3.5431396467447955,3.6440971910644686,97195200
1995-08-14,3.7979373931884766,3.8171674559387982,3.6825570166865482,3.7258249513022426,88872000
1995-08-15,3.7835161685943604,3.8219763045553954,3.725825964652808,3.817168494132715,63267200
1995-08-16,3.7979373931884766,3.8027452023035284,3.7354399826774034,3.7835151395532067,38118400
1995-08-17,3.8123602867126465,3.8748576980931246,3.7937308697366463,3.8027452552037304,74564800
1995-08-18,3.735442638397217,3.83640024618493,3.7306348258640423,3.8339967800598624,77502400
1995-08-21,3.6344823837280273,3.7787078751458063,3.6296751607749482,3.749862776862251,110491200
1995-08-22,3.8195700645446777,3.8219744087046945,3.6296738242882274,3.658518911950697,94320000
1995-08-23,3.7642858028411865,3.8652433583251367,3.749862959569162,3.846013291865807,111188800
1995-08-24,3.6969799995422363,3.773900253505612,3.672942126751199,3.773900253505612,95275200
1995-08-25,3.629676103591919,3.721018645122107,3.6296761035919185,3.7065963856616264,73489600
1995-08-28,3.463815212249756,3.629675112006739,3.456604524630776,3.629675112006739,112622400
1995-08-29,3.5335254669189453,3.5335254669189453,3.346032001020408,3.4662202255191095,163929600
1995-08-30,3.5864083766937256,3.605638448418625,3.519103125656578,3.5719861163276594,79499200
1995-08-31,3.5575625896453857,3.6152527938017975,3.5191024535411115,3.5912155021641783,38764800
1995-09-01,3.4517979621887207,3.538333287146098,3.4373757014567734,3.528718251039723,80262400
1995-09-05,3.6537117958068848,3.6585196047551443,3.471026206016541,3.4950640770479944,92052800
1995-09-06,3.596022605895996,3.7114030103632474,3.5767925384847876,3.663327841835226,100265600
1995-09-07,3.6392910480499268,3.7162113282004654,3.586408062018849,3.6248682020941185,93932800
1995-09-08,3.6729421615600586,3.677749970905816,3.5864068750311566,3.605636938704246,64417600
1995-09-11,3.7546701431274414,3.7642851747527932,3.653712017633766,3.6681348584992732,77408000
1995-09-12,3.7017884254455566,3.75947863467328,3.6777511316949165,3.75947863467328,71155200
1995-09-13,3.6969799995422363,3.7306323172237303,3.658519872560548,3.696979999542236,61208000
1995-09-14,3.648904800415039,3.7114022126408384,3.644096991168077,3.6969799586098686,54230400
1995-09-15,3.593618631362915,3.668135132015757,3.557561966651782,3.6440972577325006,88316800
1995-09-18,3.53833270072937,3.5912156839776204,3.495065338849105,3.586407873293628,76827200
1995-09-19,3.5888118743896484,3.634483588573138,3.519103157189864,3.5383332290870766,58011200
1995-09-20,3.581601142883301,3.6392913579080903,3.562371071208371,3.5960234032118907,44652800
1995-09-21,3.4854495525360107,3.5791955319604734,3.480641742889047,3.509486840205807,83836800
1995-09-22,3.4517979621887207,3.4902581066142218,3.422952853869595,3.4566057736695237,99899200
1995-09-25,3.4704267978668213,3.4854508786237597,3.4037227783708555,3.480643067147598,57878400
1995-09-26,3.3941078186035156,3.5335261385743415,3.3893005938744754,3.475835920694395,76548800
1995-09-27,3.4085307121276855,3.4133379369210757,3.2066149468450305,3.3844928275949817,140756800
1995-09-28,3.5191032886505127,3.5191032886505127,3.4181457008463574,3.42295292557263,105510400
1995-09-29,3.480642795562744,3.56717811368447,3.4638161902781497,3.5239107480511995,95158400
1995-10-02,3.3941078186035156,3.4950659933210435,3.3893005938744754,3.4806431454234352,67731200
1995-10-03,3.4181456565856934,3.432567917433004,3.355647627966718,3.3893005480358362,80736000
1995-10-04,3.3123791217803955,3.389299384848097,3.288341246144222,3.389299384848097,73473600
1995-10-05,3.365262746810913,3.365262746810913,3.2691123826163158,3.3075725282941546,101289600
1995-10-06,3.3027639389038086,3.422951551061323,3.2883410968061026,3.3652613563805143,76616000
1995-10-09,3.1969993114471436,3.297956881746507,3.1825764660585825,3.2643045539317663,108614400
1995-10-10,3.221036195755005,3.2354590393127847,3.091233538010322,3.124885861553363,157644800
1995-10-11,3.331608772277832,3.3604538673328133,3.269110772897892,3.302763677222851,107009600
1995-10-12,3.3700695037841797,3.389299570605045,3.331609370142449,3.3460316268305648,78700800
1995-10-13,3.317185878753662,3.4133361940798554,3.307570847221043,3.403721162547236,68644800
1995-10-16,3.336416721343994,3.360454599219262,3.2883415524485478,3.297956586227637,61067200
1995-10-17,3.5046825408935547,3.5191048081549656,3.3364190394256097,3.355649120344489,123140800
1995-10-18,3.677750825881958,3.793131234743273,3.64890572366663,3.778708390208055,294329600
1995-10-19,3.7210168838500977,3.730631914557721,3.644096638189114,3.66332669960436,95840000
1995-10-20,3.6729421615600586,3.7258251300885394,3.648904875396182,3.7114022889062372,79984000
1995-10-23,3.706594705581665,3.7354397982832546,3.634481680400236,3.653711742201295,93473600
1995-10-24,3.749864101409912,3.773901985231183,3.7065967321289537,3.7065967321289537,68681600
1995-10-25,3.687364339828491,3.7594767722107276,3.687364339828491,3.754669550584182,60211200
1995-10-26,3.769092082977295,3.77389989181671,3.6681345527535716,3.6825568055619997,82841600
1995-10-27,3.8460144996643066,3.8514229575544596,3.745056912475739,3.749864137172699,130683200
1995-10-30,3.9517784118652344,3.9758162868734326,3.7883228571165506,3.817167955013377,125464000
1995-10-31,3.8460144996643066,3.975817782455597,3.836399463415146,3.961394934654236,91958400
1995-11-01,3.7835161685943604,3.884473732064526,3.77870835817168,3.850821406526171,72819200
1995-11-02,3.8460144996643066,3.860437347465668,3.7787092459201816,3.7931320937215425,63504000
1995-11-03,3.8267831802368164,3.8508210564547727,3.7979380808882977,3.846013246469162,40635200
1995-11-06,3.7450573444366455,3.802747568585693,3.725827269720296,3.7306344949717296,87729600
1995-11-07,3.5767922401428223,3.74505560938351,3.5719850171185348,3.711402700793358,115921600
1995-11-08,3.663327693939209,3.672942727256635,3.5912152374860464,3.610445304120898,71280000
1995-11-09,3.8075547218322754,3.8081559550834454,3.692174275716146,3.7114043500688343,99814400
1995-11-10,3.7258260250091553,3.8075535218227445,3.7156097578014564,3.7883234535307104,60819200
1995-11-13,3.704190492630005,3.7402471532157215,3.6945754613878052,3.716209868537689,59003200
1995-11-14,3.6152524948120117,3.6921727606590755,3.610445271624098,3.687365537471162,75657600
1995-11-15,3.6152524948120117,3.6392903713167466,3.5335250057770335,3.629675338085864,108686400
1995-11-16,3.4566054344177246,3.532323249468803,3.4469903992550264,3.4806427288968846,195126400
1995-11-17,3.3604555130004883,3.4854509861176473,3.360455513000488,3.461413101705954,143803200
1995-11-20,3.3075714111328125,3.437374652380958,3.297956377960915,3.398914519693367,115296000
1995-11-21,3.3844902515411377,3.4133353389122267,3.240264814685691,3.3027627974171203,130163200
1995-11-22,3.3604555130004883,3.4421830289186985,3.35564770137605,3.3989156585749987,65428800
1995-11-24,3.3844902515411377,3.3941052806648337,3.360452972159299,3.3700680012829953,15014400
1995-11-27,3.355647325515747,3.442182643365723,3.3514407475647063,3.4085303131849902,79100800
1995-11-28,3.5191032886505127,3.5191032886505127,3.326802562494747,3.3460326351103236,86537600
1995-11-29,3.4517979621887207,3.5575633593588485,3.4325678899759704,3.5335260625205263,91067200
1995-11-30,3.350839376449585,3.4517969320083743,3.341224343212793,3.442181898771582,93512000
1995-12-01,3.317185878753662,3.379683877143164,3.302763624882209,3.350838782545306,96124800
1995-12-04,3.3796842098236084,3.4469894371771583,3.278726075365779,3.312378982470059,130436800
1995-12-05,3.3075714111328125,3.389299486521469,3.2739190884586966,3.379684453349572,104528000
1995-12-06,3.4854495525360107,3.499871807766887,3.3075711589884866,3.3123789686354503,145272000
1995-12-07,3.480642795562744,3.5383330076438946,3.417544126098986,3.5046806773574826,132876800
1995-12-08,3.6344823837280273,3.6392901935361337,3.5473458559022726,3.5623699314466517,147041600
1995-12-11,3.581601142883301,3.6440985823992156,3.576793331536961,3.634483546561751,61924800
1995-12-12,3.514294147491455,3.581599364942749,3.504679116426985,3.5767915559830525,44739200
1995-12-13,3.528717517852783,3.543140362443224,3.48064234730983,3.504680226008861,39577600
1995-12-14,3.4133362770080566,3.596021880566234,3.4085290545524294,3.547946721735135,92822400
1995-12-15,3.3989148139953613,3.4517972075922034,3.3556468675478524,3.4277599160086667,115470400
1995-12-18,3.3460299968719482,3.4229502266850966,3.283532603576156,3.398912948295878,99460800
1995-12-19,3.4950647354125977,3.5004731913922855,3.360454275473695,3.360454275473695,84340800
1995-12-20,3.350839376449585,3.5142949414750513,3.3460315664036613,3.504679908238259,84980800
1995-12-21,3.461411952972412,3.461411952972412,3.360454397771577,3.3748766541481015,60593600
1995-12-22,3.480642795562744,3.495065642010624,3.427760394582615,3.466220535970049,36057600
1995-12-26,3.47102689743042,3.5094870292579037,3.456604641422633,3.4710268974304195,34707200
1995-12-27,3.4181456565856934,3.4854509098686934,3.398915584219122,3.4758358736854076,40539200
1995-12-28,3.3604555130004883,3.403722883344188,3.35564770137605,3.3941078469505603,49777600
1995-12-29,3.3748767375946045,3.4133368713563663,3.317186536951962,3.355646670713724,52342400
1996-01-02,3.4517979621887207,3.4517979621887207,3.3604554126057713,3.3796854848185216,57779200
1996-01-03,3.34122371673584,3.4662191253775916,3.3364159075913764,3.427758999641668,62857600
1996-01-04,3.3604555130004883,3.3652627377696773,3.2643051490642114,3.35564770137605,102353600
1996-01-05,3.3219947814941406,3.370069954982803,3.3123797467964082,3.3171869707177017,62083200
1996-01-08,3.317185878753662,3.3700688456105445,3.3123786564148285,3.3268009102862814,11377600
1996-01-09,3.084022045135498,3.3075712629385716,3.0720032542091222,3.3075712629385716,177424000
1996-01-10,3.168154239654541,3.2018065678105616,3.095439952591984,3.096041185690693,181571200
1996-01-11,3.331608772277832,3.341223803962826,3.196998328687919,3.211420582787929,116617600
1996-01-12,3.2979564666748047,3.341224410539763,3.2258440093732976,3.326801566966421,80544000
1996-01-15,3.1729609966278076,3.302764239917385,3.148923706747552,3.302764239917385,84572800
1996-01-16,3.3219947814941406,3.3262007723192535,3.201806554344912,3.2162293998190834,122006400
1996-01-17,3.2643041610717773,3.365261719220868,3.254689127588289,3.2594963509024977,143078400
1996-01-18,3.3700695037841797,3.4181446708363428,3.2691113595471033,3.2883414263679684,121331200
1996-01-19,3.5335254669189453,3.5864078631626786,3.4469901565477277,3.4710274493343887,227440000
1996-01-22,3.53833270072937,3.5671778042679247,3.495065338849105,3.5239104423876597,82643200
1996-01-23,3.4421820640563965,3.5287173673427303,3.432567030357915,3.51429511022255,66473600
1996-01-24,3.5094871520996094,3.5575623185667276,3.4421819190456446,3.4566047624133094,92217600
1996-01-25,3.4373764991760254,3.523911844215844,3.4229536482417053,3.514296805878086,59881600
1996-01-26,3.480642795562744,3.495065642010624,3.4229525834815937,3.427760394582615,50881600
1996-01-29,3.475834369659424,3.5094866883116334,3.436773008639423,3.49025662426609,39587200
1996-01-30,3.4926598072052,3.5142942143668754,3.485449120624555,3.495064151871995,45120000
1996-01-31,3.5575625896453857,3.5623704000859724,3.4662200598252864,3.4902573514629056,68774400
1996-02-01,3.620061159133911,3.6248683834562563,3.5383330639573005,3.5479480994571846,78587200
1996-02-02,3.5767922401428223,3.6200601816365836,3.5431399184077055,3.615252371757261,44686400
1996-02-05,3.735442638397217,3.740249864075032,3.567179176277216,3.567179176277216,126480000
1996-02-06,3.711402416229248,3.7498625448948357,3.6777500970743535,3.7114024162292476,98158400
1996-02-07,3.7258260250091553,3.7354410591551725,3.672341810716824,3.69217311207054,65555200
1996-02-08,3.8027472496032715,3.8267845475547553,3.6729439627284335,3.7162119206384654,103924800
1996-02-09,3.850821018218994,3.8556282413018237,3.7883230101569043,3.797938043177607,122832000
1996-02-12,3.8267831802368164,3.8892811889194645,3.8123609239900813,3.836398213352989,87779200
1996-02-13,3.831591844558716,3.855629139281259,3.749863751420676,3.7594787866807287,114513600
1996-02-14,3.7979373931884766,3.8508203591793317,3.7835151395532067,3.8508203591793317,80212800
1996-02-15,3.7883260250091553,3.81236392011844,3.759480902991319,3.788326025009155,52195200
1996-02-16,3.7642858028411865,3.8171681921768137,3.764285802841187,3.7979381257174847,62206400
1996-02-20,3.759477376937866,3.788322471901584,3.7258250595743423,3.7402473136287213,64182400
1996-02-21,3.841207504272461,3.8508225410956016,3.749864361024984,3.759479397848125,80046400
1996-02-22,3.9421632289886475,3.946971038549059,3.846012906330388,3.846012906330388,106500800
1996-02-23,3.9806249141693115,3.9854327256092064,3.9181274734372615,3.9469725815109524,102640000
1996-02-26,3.8700501918792725,3.9710077218896918,3.865242383050015,3.961392691086085,63696000
1996-02-27,3.850821018218994,3.877261772170884,3.835796942269103,3.8748583073432292,60958400
1996-02-28,3.850821018218994,3.9229334724467435,3.841205985198291,3.8748583073432292,60051200
1996-02-29,3.795534372329712,3.8508208091978253,3.7907262692253,3.8075528695257095,61723200
1996-03-01,3.6729421615600586,3.793130352944352,3.6392898435596375,3.7835153211078074,157652800
1996-03-04,3.7017884254455566,3.7450563757939266,3.672943320831695,3.6921733905742693,72564800
1996-03-05,3.7739017009735107,3.7793101584047073,3.682558570930155,3.6921736063633928,57369600
1996-03-06,3.730633020401001,3.802746065511548,3.7306330204010014,3.778708188189674,44256000
1996-03-07,3.7426514625549316,3.754670841176159,3.7162107075244446,3.7354407743503018,44291200
1996-03-08,3.6585209369659424,3.7498634716950487,3.644098091724163,3.672943195352586,108524800
1996-03-11,3.711402416229248,3.7162102257399416,3.6585200327415595,3.6585200327415595,74592000
1996-03-12,3.6825578212738037,3.7162107318670263,3.6440976873701607,3.701787888225625,76888000
1996-03-13,3.8796677589416504,3.884474984058632,3.7594795018983294,3.7781083428311137,156710400
1996-03-14,3.831591844558716,3.9181271618991933,3.8315918445587163,3.889282056119034,60640000
1996-03-15,3.9373574256896973,3.9662025328857564,3.83159203263748,3.8460142928079053,121721600
1996-03-18,4.047929286956787,4.0719671652237475,3.9373566901230466,3.9373566901230466,119472000
1996-03-19,4.1104278564453125,4.117638546016481,4.028699763519126,4.091197785975054,92491200
1996-03-20,4.023892879486084,4.10081316786952,3.989638726710108,4.086390320370011,92944000
1996-03-21,3.874858856201172,4.014277148176916,3.8652438218185385,4.009469337558036,66313600
1996-03-22,3.8892822265625,3.9013010211642762,3.8363992368870803,3.8892822265624996,48046400
1996-03-25,3.841207504272461,3.9373578725038705,3.8003430109188368,3.9037049501952397,63379200
1996-03-26,3.9517784118652344,3.956586221608881,3.797937889748826,3.821975764757024,79899200
1996-03-27,3.9421632289886475,3.9998534225836035,3.889280844954103,3.9710083257861255,52729600
1996-03-28,3.932548761367798,3.980623929599678,3.8892814033866463,3.9181265043257745,54955200
1996-03-29,3.9662020206451416,4.004662158606039,3.927741882684244,3.9373569171744682,53508800
1996-04-01,3.9517784118652344,3.9806235097620606,3.927741123712055,3.9668019003531647,31692800
1996-04-02,4.023892879486084,4.038315140130364,3.9469725911026483,3.951779815698999,54396800
1996-04-03,4.019085884094238,4.043123772522476,3.9758185065208975,4.0046636205215735,46072000
1996-04-04,4.014277935028076,4.0335080075626895,3.9806250146648834,4.023892971295383,28961600
1996-04-08,3.9902377128601074,3.995045521604255,3.918125276537072,3.9421625596931182,73753600
1996-04-09,3.908510684967041,3.999853192817852,3.903702875682807,3.999853192817852,66942400
1996-04-10,3.908510684967041,3.961393065963834,3.8940878439693027,3.903702875682807,51910400
1996-04-11,3.8892822265625,3.937357404969606,3.831592012473972,3.903704486657029,62465600
1996-04-12,3.8892822265625,3.908512297925342,3.865244343931344,3.8892822265624996,33737600
1996-04-15,3.9812252521514893,3.985431829466367,3.884473680481745,3.884473680481745,50102400
1996-04-16,4.047929286956787,4.057544320892552,3.999854117277965,4.00946915121373,80116800
1996-04-17,4.074370861053467,4.076774326072899,4.011872554576977,4.047929224709176,62630400
1996-04-18,4.1921539306640625,4.201768962615127,4.0575434833491615,4.076773547251291,133958400
1996-04-19,4.2210001945495605,4.312343316788567,4.21138515993783,4.293113247565107,169492800
1996-04-22,4.336381435394287,4.360419319927203,4.240231070973128,4.249846107415244,92758400
1996-04-23,4.331574440002441,4.355611738953129,4.2834992552457845,4.336381665050466,57139200
1996-04-24,4.288303852081299,4.350801847388869,4.27868882102282,4.345994038432168,69251200
1996-04-25,4.336381435394287,4.374841581162751,4.240231070973128,4.288306253183707,63896000
1996-04-26,4.365224361419678,4.379647202296781,4.321957012498283,4.336379266520429,54296000
1996-04-29,4.331574440002441,4.3652267759044605,4.307536554196472,4.360419550856435,34267200
1996-04-30,4.355610370635986,4.355610370635986,4.302727977444334,4.331573079236626,28441600
1996-05-01,4.427724361419678,4.4325315859812,4.331574001637005,4.341189037615273,65014400
1996-05-02,4.293111801147461,4.432529462617952,4.273881738402914,4.4277222403592855,87340800
1996-05-03,4.264267444610596,4.403685130195824,4.235422345504509,4.326764865912927,75300800
1996-05-06,4.297920227050781,4.32195810564081,4.216192730925914,4.269075124855809,75852800
1996-05-07,4.350804805755615,4.365227068722412,4.293114580177786,4.293114580177786,47366400
1996-05-08,4.394070148468018,4.39887795846936,4.259459684401164,4.341187759583565,77851200
1996-05-09,4.365224361419678,4.427722360462196,4.355609329786595,4.394069456318927,47776000
1996-05-10,4.41810941696167,4.428325099472583,4.389264308429348,4.398879344606788,43913600
1996-05-13,4.5623345375061035,4.57194957279394,4.422916232404881,4.422916232404881,95606400
1996-05-14,4.576755523681641,4.615215654132747,4.547309192877504,4.586370556294417,76832000
1996-05-15,4.523873329162598,4.605600816401917,4.51425829614297,4.5767557173430315,56323200
1996-05-16,4.50464391708374,4.514258951499229,4.446953710590812,4.46137596878648,67092800
1996-05-17,4.499836444854736,4.538296585409051,4.4757991504358765,4.533489361267347,35392000
1996-05-20,4.490220069885254,4.533488008525779,4.4854128471779715,4.514257943986657,38457600
1996-05-21,4.427724361419678,4.4950296132675485,4.427724361419678,4.490221801850803,42113600
1996-05-22,4.495029449462891,4.509451709477114,4.4084941288119435,4.4229163888261676,45646400
1996-05-23,4.557526588439941,4.581564469359296,4.4950291543889165,4.4950291543889165,51976000
1996-05-24,4.557526588439941,4.576756658433359,4.547911553443233,4.557526588439941,26443200
1996-05-28,4.509451389312744,4.582165091086043,4.504644165267709,4.567141598984122,43376000
1996-05-29,4.50464391708374,4.547911278525873,4.485413848252764,4.514258951499229,33569600
1996-05-30,4.547909259796143,4.547909259796143,4.485411857264433,4.509449139205901,33824000
1996-05-31,4.567141532897949,4.591179413340778,4.538296428479646,4.559929963365798,40259200
1996-06-03,4.5527191162109375,4.595986477910142,4.543104081738322,4.567141374492295,31684800
1996-06-04,4.533488750457764,4.571948885830236,4.470990737049949,4.562333851987118,65852800
1996-06-05,4.648870944976807,4.6632932078621225,4.533490494473002,4.538297719816334,50968000
1996-06-06,4.608005523681641,4.730597521163791,4.605602058206211,4.682522343103184,88136000
1996-06-07,4.663290023803711,4.663290023803711,4.523872368065905,4.523872368065905,70198400
1996-06-10,4.639254570007324,4.663291863505034,4.614615456553759,4.65367682873492,45819200
1996-06-11,4.6969451904296875,4.740212557261063,4.6392549767510545,4.644062201130007,65259200
1996-06-12,4.807517051696777,4.821939896279422,4.7209817447662346,4.725789555245486,88844800
1996-06-13,4.793093681335449,4.8411688406926,4.759440776357957,4.812323745078309,62577600
1996-06-14,4.730597972869873,4.80751826511166,4.72579074803239,4.797903228581436,55944000
1996-06-17,4.793093681335449,4.807515935715108,4.706558394492577,4.735403490106868,57499200
1996-06-18,4.706560134887695,4.788287642588622,4.692137288319773,4.788287642588622,74585600
1996-06-19,4.682519912719727,4.735402874565981,4.668097660214773,4.71136500458453,73409600
1996-06-20,4.682519912719727,4.710763771743232,4.576754575882115,4.692134943341328,102228800
1996-06-21,4.764249324798584,4.773864358161593,4.672906214422465,4.706559124620529,56806400
1996-06-24,4.773862838745117,4.812322959956135,4.730594908955283,4.769055030166301,48102400
1996-06-25,4.692136764526367,4.778672073708206,4.668099472070085,4.778672073708206,41145600
1996-06-26,4.634445667266846,4.692135862295063,4.576755472238627,4.687328639470218,71457600
1996-06-27,4.612812042236328,4.653675636109376,4.576755377661287,4.634445571497353,77582400
1996-06-28,4.620023727416992,4.653676050053906,4.581563594771918,4.634445983731369,52000000
1996-07-01,4.704155445098877,4.711367014569158,4.620024478122431,4.624831702056664,47862400
1996-07-02,4.677712440490723,4.716172560918786,4.663289601902766,4.706557530811771,38548800
1996-07-03,4.658484935760498,4.725790183430942,4.639254864997514,4.677715006523482,44243200
1996-07-05,4.5527191162109375,4.620024357519245,4.5527191162109375,4.620024357519245,35331200
1996-07-08,4.62723445892334,4.644061060541235,4.543103504826562,4.557525761276492,64432000
1996-07-09,4.6152167320251465,4.668099717173845,4.6152167320251465,4.648869647457074,35571200
1996-07-10,4.595986366271973,4.615216434750098,4.543103971384687,4.615216434750098,77980800
1996-07-11,4.4036865234375,4.552719876064419,4.374841415205377,4.547912064598117,140915200
1996-07-12,4.321958541870117,4.430127686019124,4.24924425255923,4.430127686019124,139478400
1996-07-15,4.2546515464782715,4.37483914155507,4.225806453237249,4.321956764040657,111832000
1996-07-16,4.437338352203369,4.446953385916859,4.134464496800878,4.240229867649273,182100800
1996-07-17,4.50464391708374,4.543104054745693,4.446953710590812,4.528681209694897,126208000
1996-07-18,4.610407829284668,4.6152150515358805,4.456567327566805,4.509449706604849,98537600
1996-07-19,4.653075218200684,4.677714329655651,4.528681009380134,4.528681009380134,99208000
1996-07-22,4.605599880218506,4.672905097674726,4.533487440657161,4.654276268413413,144475200
1996-07-23,4.312341213226318,4.615214362326573,4.240228195387539,4.615214362326573,257678400
1996-07-24,4.413300514221191,4.451760649421376,4.211384804420222,4.211384804420222,192225600
1996-07-25,4.557526588439941,4.56714162343665,4.427723909411956,4.461376238472854,100920000
1996-07-26,4.5815653800964355,4.595987642030817,4.547912457490746,4.595987642030817,59304000
1996-07-29,4.495029449462891,4.610409876997486,4.490221638221348,4.586371994500178,56748800
1996-07-30,4.5623345375061035,4.567141761722431,4.466184184627737,4.533489431642594,66976000
1996-07-31,4.533488750457764,4.600793987359591,4.523873716614645,4.576756109324249,56320000
1996-08-01,4.639254570007324,4.648869604777438,4.51425911799585,4.533489187536077,96025600
1996-08-02,4.745018005371094,4.764248067020309,4.639252666300415,4.696942851248058,109289600
1996-08-05,4.682519912719727,4.759440157692535,4.663289851476525,4.749825127070935,55072000
1996-08-06,4.769057273864746,4.773865084705493,4.648869631963071,4.677714736442091,67388800
1996-08-07,4.797903537750244,4.812326386902592,4.725791052554391,4.783481275453192,76790400
1996-08-08,4.817132949829102,4.841170832826714,4.759442734861088,4.773865582030699,54379200
1996-08-09,4.788286209106445,4.826746339300072,4.764248921162936,4.797901241654852,44313600
1996-08-12,4.817132949829102,4.850785868654716,4.76905777068909,4.7786728065170925,66187200
1996-08-13,4.749826431274414,4.841169540687989,4.745019208071098,4.807516630844549,72508800
1996-08-14,4.80271053314209,4.812325568657034,4.759442579897245,4.764250391082314,52032000
1996-08-15,4.812325477600098,4.836362772505035,4.783480371601062,4.797902631172987,35556800
1996-08-16,4.778670787811279,4.8171309148761585,4.759440724278839,4.812323692420532,47598400
1996-08-19,4.749826431274414,4.773864307856166,4.701751264965969,4.7642492745944764,43131200
1996-08-20,4.745018005371094,4.773863097844916,4.740210196531336,4.75944025818055,25678400
1996-08-21,4.749826431274414,4.749826431274414,4.682521198442591,4.711366298227658,49345600
1996-08-22,4.807517051696777,4.812324862176028,4.749826847076416,4.773864725762454,50236800
1996-08-23,4.740211486816406,4.807516720909134,4.740211486816406,4.802709497615759,44006400
1996-08-26,4.725790977478027,4.759443313540062,4.72098316555186,4.745021051472128,31944000
1996-08-27,4.797903537750244,4.797903537750244,4.7305982777016435,4.735406089704191,28038400
1996-08-28,4.831554889678955,4.836362113262599,4.802709787611783,4.807517011195427,32070400
1996-08-29,4.773862838745117,4.817130181680074,4.754632778139608,4.817130181680074,34182400
1996-08-30,4.711367607116699,4.778672858646938,4.711367607116699,4.778672858646938,28088000
1996-09-03,4.745018005371094,4.745018005371094,4.639252666300415,4.6921350424083,48524800
1996-09-04,4.745018005371094,4.754633036195701,4.728191701428032,4.745018005371094,27126400
1996-09-05,4.672905921936035,4.720981085741962,4.672905921936035,4.720981085741962,40372800
1996-09-06,4.711367607116699,4.720982643049591,4.677715274779191,4.692137535250917,41921600
1996-09-09,4.80271053314209,4.807517757471964,4.701752366807582,4.711367402322525,41747200
1996-09-10,4.783479690551758,4.812324792443964,4.754634588659552,4.797901948070311,38904000
1996-09-11,4.812325477600098,4.826747737172024,4.754635265602025,4.766654059768291,36387200
1996-09-12,4.946934223175049,4.980586246090993,4.814727248504815,4.826745744281232,95944000
1996-09-13,5.038276195526123,5.052699328742277,4.95654901966735,4.9853941123898275,80137600
1996-09-16,5.057507514953613,5.120005818248213,5.038277448356831,5.043085551861086,62409600
1996-09-17,5.148849964141846,5.177695058692472,5.086351672427203,5.110389838074343,75624000
1996-09-18,5.249809265136719,5.302692546054632,5.124813806442988,5.153658912295387,86049600
1996-09-19,5.297883033752441,5.317113099210708,5.220962771919375,5.249807870106775,75912000
1996-09-20,5.312304496765137,5.331534556167527,5.2257692294543805,5.269036276254918,104849600
1996-09-23,5.297883033752441,5.312306169701166,5.240192837377641,5.2930761042429,46385600
1996-09-24,5.264233112335205,5.32192333179252,5.235388002606547,5.288270116920493,72520000
1996-09-25,5.216157913208008,5.30269324212446,5.206542876661736,5.288270100449793,44067200
1996-09-26,5.076737880706787,5.2353865263339685,5.067122846841812,5.220963388681412,92604800
1996-09-27,5.168078899383545,5.201730915494026,5.047890444795496,5.0959655918887865,98372800
1996-09-30,5.0719313621521,5.187311777893452,5.067123257974401,5.13442850049019,89574400
1996-10-01,5.081547260284424,5.148852514237129,5.033472078889635,5.067124119010746,69124800
1996-10-02,5.182501792907715,5.220961917530407,5.091159583783751,5.110389646095097,68760000
1996-10-03,5.153658866882324,5.196927112134833,5.139236900938389,5.182503972480546,58294400
1996-10-04,5.245000839233398,5.254615871776713,5.163272475760206,5.177695611430193,45166400
1996-10-07,5.288269996643066,5.312308174392145,5.225772847174349,5.245002919889415,42432000
1996-10-08,5.206541061401367,5.297883289889231,5.192117924755327,5.297883289889231,48465600
1996-10-09,5.172889232635498,5.235387551855263,5.124814053893533,5.230579447125857,64955200
1996-10-10,5.144041538238525,5.235384918763096,5.129619578724546,5.144041538238525,51739200
1996-10-11,5.2738471031188965,5.278654033598542,5.163273617563601,5.177696756423113,36523200
1996-10-14,5.25461483001709,5.312305013839548,5.244999799380013,5.283459921928318,36091200
1996-10-15,5.341150760650635,5.350765792466649,5.283460569754552,5.336342657887659,61206400
1996-10-16,5.307499408721924,5.343555790574654,5.269039268079012,5.336344514204108,36427200
1996-10-17,5.211348056793213,5.345958523204846,5.211348056793213,5.317113423259496,49097600
1996-10-18,5.182501792907715,5.192116824063389,5.1368303949182685,5.153656699440696,69646400
1996-10-21,5.153658866882324,5.230579148477583,5.13442879648351,5.182503972480546,71401600
1996-10-22,5.095967769622803,5.1296209738244425,5.047892601984852,5.120005940296852,113806400
1996-10-23,5.172889232635498,5.182504268383891,5.067123839403174,5.100777051377759,67443200
1996-10-24,5.25461483001709,5.283459921928318,5.1488494930092505,5.187309615557555,81417600
1996-10-25,5.247404098510742,5.302691123416955,5.235385894485072,5.254615959894181,53084800
1996-10-28,5.25461483001709,5.293074952565394,5.240191697206578,5.2570180008214615,51240000
1996-10-29,5.206541061401367,5.283461326953298,5.187310995013385,5.264231260565315,66756800
1996-10-30,5.24019193649292,5.269037029721321,5.187309852429109,5.206539914581376,60526400
1996-10-31,5.278652191162109,5.283460293673844,5.235385137105883,5.245000168419476,37028800
1996-11-01,5.283461093902588,5.336343187281885,5.249807892352989,5.278652990662621,56531200
1996-11-04,5.307499408721924,5.321922548318189,5.259424232918283,5.2786543032397395,36006400
1996-11-05,5.442108154296875,5.442108154296875,5.319516495344074,5.326727769400121,86417600
1996-11-06,5.557490825653076,5.557490825653076,5.4228803212254935,5.437303462126533,71438400
1996-11-07,5.5190300941467285,5.619988548577747,5.504608128491056,5.56710526918285,76742400
1996-11-08,5.5190300941467285,5.5190300941467285,5.442109814088934,5.51422316349828,67369600
1996-11-11,5.523838043212891,5.567105112673861,5.499799869515455,5.514223008475975,38593600
1996-11-12,5.451724052429199,5.6103726937200475,5.442109018827031,5.53825935484871,81156800
1996-11-13,5.576717376708984,5.605562466588514,5.504605238865017,5.523835298784704,90409600
1996-11-14,5.7545976638793945,5.7545976638793945,5.5863340045967576,5.5863340045967576,114969600
1996-11-15,5.730557918548584,5.802671230888538,5.668060809983034,5.797863129001335,104041600
1996-11-18,5.783441543579102,5.8363236254889275,5.716136328787631,5.7449814208411185,98585600
1996-11-19,5.994976997375488,5.994976997375488,5.778638047670557,5.788253086019426,104739200
1996-11-20,5.894014835357666,6.07670045015668,5.894014835357666,5.9997801912939375,123857600
1996-11-21,5.783441543579102,5.946897065215529,5.769018410697457,5.9420889630183815,130718400
1996-11-22,5.788248538970947,5.865168785336009,5.744981487245506,5.79786356976658,94424000
1996-11-25,5.903629302978516,5.908437405552499,5.788248925721606,5.812287091171742,75129600
1996-11-26,5.913248062133789,5.975746392735235,5.86036594274238,5.922863099633194,108238400
1996-11-27,5.980550765991211,5.990165799377048,5.913245532290345,5.9276686692241665,44446400
1996-11-29,6.033432483673096,6.04304751458436,5.98054922680623,5.98054922680623,17152000
1996-12-02,6.067084789276123,6.067084789276123,5.970934475658435,6.057469757914354,64502400
1996-12-03,5.949302673339844,6.13439208984375,5.9468995015390895,6.0911250208927825,77563200
1996-12-04,5.894014835357666,5.970935094220409,5.850747776602375,5.96612816489649,102542400
1996-12-05,5.884402275085449,5.975745707714084,5.841135198153305,5.8988254165364955,74950400
1996-12-06,5.879594326019287,5.9420914649279455,5.702316536276424,5.730560700804297,110238400
1996-12-09,6.288229942321777,6.297844972814625,5.999779027536375,6.028624119014915,94718400
1996-12-10,6.29784631729126,6.504570103874154,6.288231284745776,6.490146968200916,125725600
1996-12-11,6.4132304191589355,6.432460495378303,6.163239428307163,6.230544695074948,113558400
1996-12-12,6.230542182922363,6.557453346841129,6.230542182922362,6.538223278375319,78272800
1996-12-13,6.153621196746826,6.307461726665497,6.094729118887335,6.240156494826078,74532000
1996-12-16,5.903629302978516,6.211310308996939,5.884399240102364,6.172850183244637,64883200
1996-12-17,6.144007682800293,6.163237753794974,5.874786688874772,5.8940167598694515,68944800
1996-12-18,6.355535507202148,6.36515053822666,6.153619855687405,6.259385196957033,61796800
1996-12-19,6.528608322143555,6.547838390839117,6.384382806926834,6.461303081709085,94609600
1996-12-20,6.43245792388916,6.586298472143609,6.413227855357354,6.576683437877706,90414400
1996-12-23,6.44207239151001,6.518992658871324,6.3747671575688605,6.470917491770503,36892800
1996-12-24,6.528608322143555,6.547838390839117,6.393997841274615,6.4709181160568665,16246400
1996-12-26,6.576684951782227,6.624760134178295,6.547839842344586,6.557454878823799,27905600
1996-12-27,6.480533123016357,6.595913534702109,6.462504933690459,6.576683466087817,19079200
1996-12-30,6.422843933105469,6.586299542181506,6.422843933105469,6.567069470525502,27279200
1996-12-31,6.355535507202148,6.480530910520799,6.345920476177637,6.461300848471776,34367200
1997-01-02,6.278618335723877,6.393998764558006,6.211313085570635,6.393998764558006,54480800
1997-01-03,6.509377479553223,6.51899251275788,6.3074617822554115,6.326691848664727,44131200
1997-01-06,6.490148067474365,6.557453306692618,6.393997725734004,6.509378135822437,55948000
1997-01-07,6.538219928741455,6.547834958048427,6.413224547750809,6.499759811513564,36880800
1997-01-08,6.4132304191589355,6.556254111040479,6.394000342939568,6.538225914584822,50593600
1997-01-09,6.336307525634766,6.442072901631705,6.326692491453226,6.442072901631705,47763200
1997-01-10,6.480533123016357,6.490148157323504,6.278617402566294,6.307462505487731,66556800
1997-01-13,6.44207239151001,6.576682859392308,6.4228423246696815,6.5478377591318155,50361600
1997-01-14,6.567066669464111,6.663216986732985,6.480531383922124,6.480531383922124,63728000
1997-01-15,6.509377479553223,6.634372911213772,6.490147413143907,6.586297745190484,53058400
1997-01-16,6.615142822265625,6.701678120812705,6.538222556890444,6.538222556890444,58688000
1997-01-17,6.70167875289917,6.749753923292994,6.576683309875225,6.58629834395399,65368800
1997-01-20,6.980514049530029,7.1439696126732946,6.663217956369573,6.692063055747797,146220800
1997-01-21,7.3074235916137695,7.3122316939894905,6.893977256825096,6.970897505157873,114592000
1997-01-22,7.490114212036133,7.5766495495307735,7.278583387049233,7.317043537046851,129236800
1997-01-23,7.2881975173950195,7.672798969500297,7.268967444789755,7.547803497566082,105048000
1997-01-24,7.3795390129089355,7.51895641586203,7.259350503805413,7.317040706484661,89817600
1997-01-27,7.393959999084473,7.491312203233667,7.345884836541662,7.42280509661016,53263200
1997-01-28,7.355501174926758,7.5958770303165215,7.288195935417624,7.567031927669749,64656800
1997-01-29,7.480494976043701,7.490110008146585,7.365114590809094,7.442034847632166,48933600
1997-01-30,7.778563499450684,7.788178534678682,7.538187618750724,7.557417689206721,79937600
1997-01-31,7.845869064331055,7.942019420511582,7.75933374376858,7.836254028713002,86516000
1997-02-03,7.874713897705078,7.952836059388661,7.778563544863746,7.893943968273345,60804800
1997-02-04,7.932404041290283,7.942019076491848,7.73048830205744,7.8747138300809,56464000
1997-02-05,7.567032337188721,7.961248761362467,7.451651920357381,7.932403657154631,110099200
1997-02-06,7.470885276794434,7.567035666457168,7.384349926097974,7.557420627490894,102122400
1997-02-07,7.7208709716796875,7.730486004023,7.499725227783507,7.567030454186693,62448000
1997-02-10,7.518954753875732,7.807405703512909,7.50933972222116,7.749715513585474,66804800
1997-02-11,7.5766520500183105,7.586267090690922,7.317045951857784,7.5574219686730855,88834400
1997-02-12,7.682414531707764,7.6920295686686,7.499728829451885,7.567034088177735,72001600
1997-02-13,7.692028999328613,7.77856432557106,7.64395381808281,7.730489144325257,58292000
1997-02-14,7.528570652008057,7.7304863399929475,7.509340586485687,7.6439510451422805,57395200
1997-02-18,7.490114212036133,7.528574362033751,7.403578874541492,7.509344287034942,52545600
1997-02-19,7.499728202819824,7.547803383607131,7.422807913560134,7.490113166662363,56383200
1997-02-20,7.326655387878418,7.499725987592082,7.3170403545609926,7.451650821004953,75395200
1997-02-21,7.3074235916137695,7.336268684738561,7.2305033432809935,7.2978085605721725,61131200
1997-02-24,7.701642036437988,7.711257070191345,7.230505382523555,7.249735450030267,68599200
1997-02-25,7.653566360473633,7.770148637007229,7.6054911948927675,7.692026492938324,63941600
1997-02-26,7.7112579345703125,7.720872969401447,7.567032412103287,7.653567725583502,48849600
1997-02-27,7.393959999084473,7.711256071867032,7.384344966575911,7.711256071867032,56628800
1997-02-28,7.499728202819824,7.567033455922053,7.341080693076947,7.39396280508775,78412000
1997-03-03,7.653566360473633,7.701641526054497,7.432420598801656,7.461265698150174,53874400
1997-03-04,7.624720573425293,7.701640831416973,7.5862604444294535,7.634335605674253,63920800
1997-03-05,7.759334564208984,7.768949600843691,7.634339087957786,7.6535691612272005,46393600
1997-03-06,7.518954753875732,7.759330545240046,7.517752874918911,7.749715513585474,57018400
1997-03-07,7.442033767700195,7.653564443267901,7.42280370628495,7.567029166899294,46032000
1997-03-10,7.692028999328613,7.701644035577774,7.3795409080861285,7.470883165597916,45997600
1997-03-11,7.567032337188721,7.735296031922906,7.567032337188721,7.663182684548171,47577600
1997-03-12,7.595874786376953,7.653564974627918,7.518954535375668,7.518954535375668,43234400
1997-03-13,7.663183689117432,7.701643833102965,7.53818822116445,7.557418293157216,45505600
1997-03-14,7.615109443664551,7.711259815427993,7.605494406488207,7.672799666722616,61327200
1997-03-17,7.7304863929748535,7.7497164586290195,7.53818573643319,7.576645867741523,83958400
1997-03-18,7.663183689117432,7.754527117938297,7.605493473139132,7.740103977088498,59012000
1997-03-19,7.442033767700195,7.557414136191672,7.302616409294564,7.51895401336118,111560000
1997-03-20,7.384345531463623,7.518955996880929,7.336270365243157,7.43242069768409,81410400
1997-03-21,7.230504989624023,7.470880820396098,7.143969690546076,7.422805654241683,85829600
1997-03-24,6.93243932723999,7.192045238246203,6.740138652420573,7.16320013702329,186269600
1997-03-25,6.94686222076416,7.028589417837437,6.836288749770749,6.970899217417431,89701600
1997-03-26,7.24973201751709,7.278577105119943,6.97089617068951,6.9805111998904605,81270400
1997-03-27,7.211278915405273,7.393964647928874,6.999748067220052,7.317044339497884,93919200
1997-03-31,7.052628993988037,7.268966701830181,7.0189757835132704,7.163201313311488,93825600
1997-04-01,7.172816753387451,7.21127689683725,6.90359574923886,6.93244085682621,86680800
1997-04-02,7.07666540145874,7.20166085012581,6.999745125355928,7.143970643048701,63331200
1997-04-03,7.317041397094727,7.336271466469483,6.9709001483491155,6.999745252411249,92252800
1997-04-04,7.2449259757995605,7.442033511669783,7.211272782625759,7.211272782625759,94964000
1997-04-07,7.374728679656982,7.5093391118801875,7.307423463545381,7.35549861791081,76511200
1997-04-08,7.557414531707764,7.557414531707764,7.345883845069633,7.4324191259670505,53339200
1997-04-09,7.53818416595459,7.634334474193807,7.518954104306746,7.624719443369885,73762400
1997-04-10,7.442033767700195,7.51895401336118,7.345883460623965,7.51895401336118,67913600
1997-04-11,7.3074235916137695,7.480494150362517,7.3026166629478935,7.345883715780158,60033600
1997-04-14,7.490114212036133,7.490114212036133,7.182433012055188,7.2881984245486375,59107200
1997-04-15,7.470885276794434,7.615110861288535,7.3747348871317,7.528575510592074,84440000
1997-04-16,7.557414531707764,7.576644594129412,7.403574032334578,7.4324191259670505,42710400
1997-04-17,7.547802448272705,7.692027972761993,7.499727273442943,7.576647553170563,71720800
1997-04-18,8.278543472290039,8.278543472290039,7.922787248742151,7.999707513293045,231764000
1997-04-21,8.278543472290039,8.60545459663134,8.163163075463697,8.23046830694573,155695200
1997-04-22,8.509303092956543,8.523726227426687,8.2689272993702,8.278542331113654,82300000
1997-04-23,8.855447769165039,8.903522947064959,8.490076417125657,8.509306488285624,102814400
1997-04-24,8.778524398803711,9.066975364810403,8.672759044601255,8.970825042808173,118163200
1997-04-25,8.740063667297363,8.874674108817896,8.711218572685821,8.730448635760183,58566400
1997-04-28,8.83621883392334,8.850641976002645,8.586227876706793,8.74968350257915,67224000
1997-04-29,9.153511047363281,9.163126079976058,8.96121039510775,9.028515623397187,73953600
1997-04-30,9.34581184387207,9.432347138722738,9.105436024842438,9.12466609036481,90204000
1997-05-01,9.307353019714355,9.480423633717308,9.172742542156504,9.384273292604556,72325600
1997-05-02,9.288121223449707,9.499651934542765,9.148703841629738,9.384271546673824,96192000
1997-05-05,9.24484920501709,9.288116240400294,8.884285099513326,9.201580995924514,111063200
1997-05-06,9.023709297180176,9.211201858808165,8.951595960908561,9.182356759041543,74770400
1997-05-07,8.88429069519043,9.153511625347717,8.855445595530721,8.951595927729752,70532800
1997-05-08,8.951597213745117,9.086207698162337,8.855446867732816,8.865061902334046,53834400
1997-05-09,8.980440139770508,9.115050591544371,8.903519881614015,9.076590462466124,58392000
1997-05-12,9.086207389831543,9.115052492656405,8.999672081356957,9.038132218456774,42976000
1997-05-13,9.057358741760254,9.172739107897327,8.990053528180294,9.105433894317366,49813600
1997-05-14,8.91313648223877,9.124667229390067,8.893906414315923,9.105437161467222,60744800
1997-05-15,9.009286880493164,9.066977084637196,8.913136540253108,8.922751574277115,41861600
1997-05-16,8.879485130310059,8.99967247717791,8.836216887314636,8.951597303688711,59913600
1997-05-19,8.855447769165039,9.00928833844478,8.855447769165039,8.93236805380491,45632000
1997-05-20,9.163129806518555,9.17274484304166,8.865063674302316,8.913138856917838,64876800
1997-05-21,9.259278297424316,9.456387093103128,9.211203124540493,9.278508366577846,76620000
1997-05-22,9.278508186340332,9.355428461460251,9.211202945610403,9.307353289510301,33655200
1997-05-23,9.451581001281738,9.461196037905625,9.297740415299533,9.336200561795083,28904800
1997-05-27,9.740029335021973,9.79771953838834,9.413118182612548,9.441963284295733,69036000
1997-05-28,9.68233585357666,9.788101190606792,9.605415608463836,9.788101190606792,52241600
1997-05-29,9.68233585357666,9.927519134873785,9.615030639102939,9.788101190606792,51111200
1997-05-30,9.538114547729492,9.663110000471915,9.038132736759803,9.038132736759803,83337600
1997-06-02,9.5669584274292,9.653493729787854,9.470808091475137,9.61503359540623,38939200
1997-06-03,9.288121223449707,9.499651934542765,9.278506191127295,9.490036902220353,41995200
1997-06-04,9.167933464050293,9.40350115773154,9.095820138255661,9.278505743569465,54639200
1997-06-05,9.273700714111328,9.345812880967404,9.191972339716912,9.250864421914367,35892000
1997-06-06,9.542919158935547,9.562149221549312,9.307350305061995,9.33619539898264,35964000
1997-06-09,9.624650001525879,9.701570281258354,9.422734267228133,9.605419931592762,48200000
1997-06-10,9.600614547729492,9.77368520501115,9.51888615049123,9.624651552163355,53135200
1997-06-11,9.768876075744629,9.797721182267498,9.504463186140201,9.600613541216427,49056800
1997-06-12,9.768876075744629,9.855411395313233,9.643880614145536,9.749646004729385,44614400
1997-06-13,9.970788955688477,10.004441570293018,9.735221240311711,9.749643202572917,50116000
1997-06-16,10.1054048538208,10.1054048538208,9.913104095422689,9.970794322942123,40612800
1997-06-17,10.321736335754395,10.379426524868997,10.066938000498231,10.115013158093733,53191200
1997-06-18,10.014053344726562,10.268851629541976,10.004438315110885,10.249621570310623,55657600
1997-06-19,9.94675064086914,10.057323509278996,9.845792804494925,9.874637900601844,65519200
1997-06-20,9.990021705627441,10.10540212956154,9.884256317021183,9.951561564316075,64240000
1997-06-23,9.850600242614746,10.115013621503868,9.845792726634944,9.99001820602901,35724800
1997-06-24,10.158279418945312,10.163086934051297,9.874636027692224,9.961171299599947,39319200
1997-06-25,10.033288955688477,10.249627241747884,9.985213781008609,10.220782136939963,49576000
1997-06-26,9.865022659301758,10.06213081185116,9.836177563806723,10.00924813677693,37312000
1997-06-27,9.807332992553711,9.999633639466529,9.788102927862429,9.932328413047044,38198400
1997-06-30,9.720797538757324,9.903483150267105,9.706375577335228,9.836177924974027,38286400
1997-07-01,9.6102294921875,9.759261969897182,9.480425913614406,9.725609929270028,59377600
1997-07-02,9.87464427947998,9.884259317726796,9.542926046820192,9.66311343805003,53237600
1997-07-03,9.965978622436523,10.004438742542405,9.884250867211525,10.004438742542405,28764000
1997-07-07,9.961172103881836,10.134242661671289,9.951557072893534,10.047707382776563,39320000
1997-07-08,10.095786094665527,10.100593611853464,9.917907958711897,9.951560579027449,36007200
1997-07-09,10.057320594787598,10.201546033527382,9.96117030229441,10.191931004278063,48266400
1997-07-10,9.990021705627441,10.095787094233698,9.913101423004708,10.038096882266649,43780800
1997-07-11,9.980405807495117,10.081363669709662,9.879447945280571,10.01886594548161,38094400
1997-07-14,10.456351280212402,10.461158798042385,10.038097229003906,10.062134818153819,57424000
1997-07-15,10.651054382324219,10.711148347469358,10.509232624581694,10.619805520448747,75503200
1997-07-16,11.41784954071045,11.499577305843955,10.768834935238486,10.951520527889853,111217600
1997-07-17,11.499584197998047,11.595734567546527,11.268823311081698,11.57650449363683,131668000
1997-07-18,10.807302474975586,11.336129553377415,10.768842323819088,11.153443835384056,158927200
1997-07-21,10.456351280212402,10.845760224441001,10.288088156163006,10.836145188781035,127223200
1997-07-22,11.08613109588623,11.139013768069555,10.518844248828739,10.528459280134797,101384000
1997-07-23,10.879414558410645,11.297668675327007,10.845761928313927,11.172673192110622,95556000
1997-07-24,10.614998817443848,10.797684485497681,10.432313149390014,10.643843922926031,141855200
1997-07-25,10.653453826904297,10.941904742795208,10.557303521607327,10.653453826904297,90308800
1997-07-28,10.538074493408203,10.720760091377871,10.441924178687325,10.711145059905784,56404000
1997-07-29,10.764031410217285,10.773646444974068,10.47077285013544,10.518848023919348,79061600
1997-07-30,10.855372428894043,10.922677660959817,10.739992031067002,10.826527329437283,78324000
1997-07-31,10.874603271484375,10.932293474516122,10.836143136129875,10.922678440677497,42240800
1997-08-01,10.816910743713379,10.90825354554918,10.706337878333198,10.874600934346516,58912800
1997-08-04,10.889025688171387,10.922678306192227,10.725570114927313,10.78806783410887,46312800
1997-08-05,11.023633003234863,11.10536076645117,10.922675178085306,10.941905240018556,59333600
1997-08-06,11.033252716064453,11.124595549007907,10.941909883121001,11.023637681017775,43410400
1997-08-07,11.0717134475708,11.105366072031503,10.922680396387694,11.100558554251403,43947200
1997-08-08,10.76883602142334,11.009211825472967,10.768836021423338,10.985174245068004,66815200
1997-08-11,10.634227752685547,10.788068298836514,10.490002240669016,10.768838230567642,72696000
1997-08-12,10.461153984069824,10.749604921130574,10.446731437216787,10.7207598274245,60887200
1997-08-13,10.465967178344727,10.634230316260236,10.36500929559542,10.624615279807921,66731200
1997-08-14,10.48038387298584,10.518843997290375,10.316928344691565,10.461153810833572,45900800
1997-08-15,10.220779418945312,10.46115522842192,10.211164386566248,10.422695098905661,51078400
1997-08-18,10.297698020935059,10.297698020935059,10.076552311802,10.230392805111954,69969600
1997-08-19,10.67749309539795,10.69191564347818,10.355389521606115,10.365004553659604,91013600
1997-08-20,10.812106132507324,10.8217211668626,10.538077653381972,10.69191820306638,51433600
1997-08-21,10.60538101196289,10.951522187330674,10.576535914015576,10.893831991436043,64412000
1997-08-22,10.557304382324219,10.576534444951402,10.316928599484415,10.403463881306743,72161600
1997-08-25,10.499618530273438,10.691919235956101,10.432313283284506,10.605383918398903,38856800
1997-08-26,10.384235382080078,10.528460873497858,10.365005316557708,10.46115564416956,34327200
1997-08-27,10.3505859375,10.408276151735949,10.230397991175105,10.403468633882953,49371200
1997-08-28,10.158279418945312,10.288082326806895,10.153471903839328,10.268852266382957,43641600
1997-08-29,10.167900085449219,10.297703065263464,10.134247461052933,10.158285049907422,37857600
1997-09-02,10.552498817443848,10.576536400171511,10.230395208893171,10.240010241984235,50112800
1997-09-03,10.504426002502441,10.682304154489897,10.475580896774746,10.586153802064246,42872800
1997-09-04,10.62941837310791,10.653455954232081,10.441925240339385,10.461155305238721,44476000
1997-09-05,10.562114715576172,10.744800359268432,10.480386927608583,10.696725189875732,48398400
1997-09-08,10.715954780578613,10.7544149143806,10.595766862447405,10.595766862447405,42416000
1997-09-09,10.730378150939941,10.788068356052522,10.64384284327107,10.71114808256908,39465600
1997-09-10,10.393852233886719,10.701533336092432,10.389044716664754,10.682303267204574,53294400
1997-09-11,10.523653984069824,10.566921634072852,10.220780434048628,10.384236000726734,61779200
1997-09-12,10.610190391540527,10.643843011722124,10.432312256294946,10.528462599670936,48576000
1997-09-15,10.052520751953125,10.557310172782909,10.047713233659508,10.432314697148867,129003200
1997-09-16,10.489999771118164,10.53807493047251,10.076553400670793,10.134243591896007,102538400
1997-09-17,10.244821548461914,10.518850092930393,10.201553883545838,10.509235056282376,61609600
1997-09-18,10.172706604003906,10.393852399743121,10.110208879121085,10.326547157561622,61077600
1997-09-19,10.398660659790039,10.403468177432107,10.153477260044644,10.17270733061291,77435200
1997-09-22,10.254432678222656,10.451540854409776,10.244817645237918,10.384235623516613,43251200
1997-09-23,10.422696113586426,10.422696113586426,10.24001048059921,10.273663097202117,39946400
1997-09-24,10.187127113342285,10.465963060757979,10.163089531668518,10.432310446414705,60040000
1997-09-25,10.211164474487305,10.316929831567682,10.158281795947117,10.220779506949157,39272000
1997-09-26,10.25924301147461,10.288088118348483,10.124632512729862,10.278473082723858,36652000
1997-09-29,10.345778465270996,10.365008536767782,10.220783000541886,10.268858179283852,27505600
1997-09-30,10.177515983581543,10.44192948339117,10.172708465403185,10.340971601645677,43892800
1997-10-01,10.297698020935059,10.34577317509442,10.105397404297616,10.191932681784465,61466400
1997-10-02,10.244821548461914,10.355394469914106,10.211168920193854,10.28808921337799,28831200
1997-10-03,10.37942886352539,10.480386717223414,10.259240942456316,10.37942886352539,60284800
1997-10-06,10.393852233886719,10.480387543882076,10.32654699277922,10.451542440550291,41776800
1997-10-07,10.504426002502441,10.590961319685528,10.355392956242682,10.384238061970377,54548800
1997-10-08,10.691916465759277,10.696723982155751,10.480385744314399,10.509230842693245,71196800
1997-10-09,10.68710994720459,10.739992632503398,10.62461222821509,10.653457329287168,34672800
1997-10-10,10.499618530273438,10.672689165387835,10.480388459705171,10.639036541893368,24893600
1997-10-13,10.51884937286377,10.605384696772155,10.50442681887904,10.538079444843412,19051200
1997-10-14,10.5140380859375,10.56692076492484,10.413080244234395,10.547690699838533,33361600
1997-10-15,10.441927909851074,10.461157979666638,10.3746226654966,10.441927909851074,45003200
1997-10-16,10.300106048583984,10.509233055871453,10.172706837247938,10.470772916600195,47327200
1997-10-17,10.172706604003906,10.355392261353693,10.028481085043548,10.240011846185407,87720000
1997-10-20,10.20155143737793,10.403467158570141,9.807335029335992,10.230396540405387,154052800
1997-10-21,10.653453826904297,10.709942131266267,10.408270548397024,10.470768246840054,115682400
1997-10-22,10.43712043762207,10.653458723984574,10.41308285024846,10.64384368903513,55775200
1997-10-23,10.432313919067383,10.557309385378788,10.153477878834245,10.153477878834245,66413600
1997-10-24,10.413080215454102,10.557305703202774,10.249624662672273,10.52846060565304,70030400
1997-10-27,9.913097381591797,10.48038423466058,9.893867318775905,10.37461888917318,96795200
1997-10-28,10.25924301147461,10.38423847459473,9.499655197129254,10.172707690852986,160057600
1997-10-29,10.06694221496582,10.389045905702549,10.00925200169954,10.28808803248656,85532800
1997-10-30,9.893867492675781,10.105398187368559,9.884252461098837,9.961172713714392,72097600
1997-10-31,9.999635696411133,10.1150161082928,9.970790593440716,10.07655597099891,46808800
1997-11-03,10.316926002502441,10.326541031395733,10.100587852403368,10.1246254246366,67714400
1997-11-04,10.326545715332031,10.379428398231775,10.244817932668788,10.307315648823032,49134400
1997-11-05,10.273666381835938,10.355394191143946,10.191938572527931,10.345779154754768,42512800
1997-11-06,10.158279418945312,10.268852266382957,10.13424184341539,10.24962220595902,40266400
1997-11-07,10.119823455810547,10.153476075378563,9.990020494619628,10.004443045863063,63628800
1997-11-10,10.014053344726562,10.191931392616567,9.980400741071696,10.124626185306836,36764800
1997-11-11,10.047712326049805,10.110210058221405,9.951561968862725,10.033289772471742,37013600
1997-11-12,9.937138557434082,10.076556563319707,9.922716005101087,10.00925131909906,45784000
1997-11-13,10.119823455810547,10.124630972891692,9.937137806727032,10.004443045863063,60094400
1997-11-14,10.254432678222656,10.297700326653974,10.105399666959222,10.124629732928698,46663200
1997-11-17,10.374621391296387,10.446734144247936,10.264048503437342,10.345776290115765,60094400
1997-11-18,10.307317733764648,10.422698156157537,10.288087663365834,10.379430497760204,36683200
1997-11-19,10.389045715332031,10.393853233016127,10.259242737861433,10.278472808597817,31720800
1997-11-20,10.528464317321777,10.547694389134238,10.374623742822099,10.403468850540788,53680800
1997-11-21,10.60538101196289,10.614996044611996,10.49000062017363,10.600573495638338,68220800
1997-11-24,10.422696113586426,10.624611813203876,10.422696113586426,10.547691546682943,39084000
1997-11-25,10.691916465759277,10.711146531345175,10.441925613142603,10.451540645935552,56463200
1997-11-26,10.889025688171387,10.913063272471986,10.634227294585036,10.691917496906475,63053600
1997-11-28,10.88421630859375,10.941906501042126,10.855371212369562,10.86498624444429,17392800
1997-12-01,11.062092781066895,11.076515327065676,10.89382974441442,10.91786732107906,49006400
1997-12-02,10.941909790039062,11.143825524301647,10.922679720109294,11.042867657170355,50167200
1997-12-03,11.129399299621582,11.15824439499857,10.845755861747856,10.89863853660567,57712000
1997-12-04,10.965948104858398,11.220746548329462,10.941910515851694,11.134211227905327,62630400
1997-12-05,11.009215354919434,11.134210813097559,10.932295072963665,10.932295072963665,48136000
1997-12-08,11.239973068237305,11.278433198496456,11.00921228668239,11.038057384376753,49952800
1997-12-09,11.100556373596191,11.182284159802833,11.03805865473229,11.153439058788726,51782400
1997-12-10,10.941909790039062,11.018830069758142,10.845759440390212,10.941909790039062,66434400
1997-12-11,10.696723937988281,10.845756945663624,10.68230138885841,10.797681781897385,70189600
1997-12-12,10.51884937286377,10.653459876721259,10.461159156924847,10.595769660782334,54308000
1997-12-15,10.470769882202148,10.538075106421998,10.230394081416975,10.494807462280665,84305600
1997-12-16,10.696723937988281,10.797681781897385,10.384235373507725,10.45154060278046,65401600
1997-12-17,10.432313919067383,10.797685282131493,10.422698883197274,10.759225138651061,51472000
1997-12-18,10.06694221496582,10.3650083168416,10.0284820727883,10.34577824575284,98774400
1997-12-19,9.898677825927734,10.014058237691827,9.711184656811085,9.903485343084572,138065600
1997-12-22,9.768876075744629,9.999636927927574,9.682340756176025,9.932331679374215,59063200
1997-12-23,9.485228538513184,9.865021670959338,9.461190374487318,9.773679464564626,67195200
1997-12-24,9.14870548248291,9.528498740480456,9.076592140276036,9.518883706433554,88411200
1997-12-26,9.288121223449707,9.288121223449707,9.13428070629112,9.143895738613532,32388800
1997-12-29,9.715993881225586,9.749645918348918,9.39388960771883,9.4131196785637,67815200
1997-12-30,10.018865585327148,10.076555790233062,9.711184492495605,9.725607630577194,77864800
1997-12-31,9.94194507598877,10.115015686595925,9.92271500814353,10.076555550905445,46147200
1998-01-02,10.08617115020752,10.115016253592287,9.961175702206853,9.970790736668443,39748000
1998-01-05,10.028482437133789,10.278473370370104,9.836181719259699,10.09578768838972,80377600
1998-01-06,10.08617115020752,10.230396667131364,9.941945633283675,9.980405771130034,67834400
1998-01-07,9.965978622436523,10.090974012780638,9.807330626999763,9.9900161975027,61492800
1998-01-08,10.038097381591797,10.163092847071388,9.80733652224486,9.89387184449996,77619200
1998-01-09,9.768876075744629,10.115017354019045,9.682340756176025,10.004444445681385,87534400
1998-01-12,9.961172103881836,9.999632227835049,9.566955833361416,9.586185895338023,78393600
1998-01-13,10.163094520568848,10.172709557958223,9.855413324108865,9.961178735391984,66945600
1998-01-14,10.08617115020752,10.191936529285005,9.941945633283675,10.163091425900236,54774400
1998-01-15,10.177515983581543,10.230398683543468,9.990022774625624,10.028482920052479,50622400
1998-01-16,10.40346622467041,10.413081258149774,10.177512937905387,10.182320454645069,72943200
1998-01-20,10.600571632385254,10.614994178823872,10.307313188133326,10.316928219092405,64956000
1998-01-21,10.538074493408203,10.648647355337213,10.432309147215237,10.557304556352378,85567200
1998-01-22,10.66307544708252,10.759225811799224,10.408276980583253,10.427507053526593,159139200
1998-01-23,10.634227752685547,10.725570576962683,10.515241705271908,10.672687889223289,63312000
1998-01-26,10.903448104858398,10.913063138460565,10.64985159360122,10.75922260082588,74277600
1998-01-27,11.167860984802246,11.220743667037643,10.889025023924704,10.951522739293809,97540800
1998-01-28,11.461115837097168,11.499575957355884,11.19189499528616,11.249585175674234,79387200
1998-01-29,11.40343189239502,11.547657422231381,11.345741680460476,11.456314586668354,73571200
1998-01-30,11.475543022155762,11.538040742846178,11.355355097751113,11.432275369370089,50071200
1998-02-02,11.913025856018066,11.932255921968055,11.576499701893262,11.672650031643206,98397600
1998-02-03,11.989952087402344,12.009182162923437,11.831303964353314,11.93226186083906,61374400
1998-02-04,12.062057495117188,12.153400297989737,11.927447048778694,11.989944756007281,61940800
1998-02-05,11.956296920776367,12.211095367419368,11.90341422430329,12.163020188807481,67014400
1998-02-06,12.163017272949219,12.17263230636657,11.93225647093279,11.951486537767494,50070400
1998-02-09,12.09090518951416,12.22070814781113,11.970717265165112,12.211093113863207,54681600
1998-02-10,12.249553680419922,12.26878374899201,12.057252994699045,12.095713131843219,48099200
1998-02-11,12.225518226623535,12.312053550288192,12.081292687182438,12.259170852493124,76460000
1998-02-12,12.211095809936523,12.225518364042749,12.033217642626425,12.158213111547035,76658400
1998-02-13,12.114943504333496,12.211093849605986,12.105328469806247,12.201478815078737,42203200
1998-02-17,11.874567985534668,12.191864134135999,11.836107846310265,12.191864134135999,85673600
1998-02-18,11.893789291381836,11.999554596317326,11.82648409733198,11.893789291381836,76608800
1998-02-19,11.913025856018066,12.004368669280513,11.864950691143093,11.961101020893038,73773600
1998-02-20,11.932262420654297,11.980337611712534,11.759191732844645,11.961107535289239,86092000
1998-02-23,12.557236671447754,12.56685170718393,12.211095384945367,12.451471278349802,120803600
1998-02-24,12.634151458740234,13.066827878560106,12.595691332534024,12.826452089771289,118302000
1998-02-25,13.066822052001953,13.076437079266118,12.778371234076964,12.836061397661961,94944400
1998-02-26,13.153369903564453,13.182215013002095,12.98991428341782,13.153369903564453,61388000
1998-02-27,13.037981986999512,13.230282606276791,13.00913689410792,13.162977389529743,47532400
1998-03-02,12.816841125488281,13.211057544201724,12.778380987077213,13.211057544201724,50093600
1998-03-03,12.99952220916748,13.009137240387279,12.70145624135373,12.711071272573529,50753600
1998-03-04,12.663002967834473,12.893763841963576,12.547622530769923,12.682233040678565,71513600
1998-03-05,12.316858291625977,12.528389035119943,12.191862852288631,12.191862852288631,92255600
1998-03-06,12.73031234741211,12.73031234741211,12.345710765919296,12.355325805456616,51404800
1998-03-09,12.244745254516602,12.691844315635583,12.230322704157926,12.691844315635583,52256000
1998-03-10,12.538002014160156,12.538002014160156,12.297626208673957,12.489926853062917,47406400
1998-03-11,12.413008689880371,12.614924400560067,12.268783182252017,12.614924400560067,39838800
1998-03-12,12.59569263458252,12.711073025128313,12.43223708130931,12.691842960037347,47962000
1998-03-13,12.672615051269531,12.76876539308493,12.547619606909514,12.682230085451073,32542400
1998-03-16,12.6149263381958,12.730306762020762,12.518775985008332,12.682231585427028,27979600
1998-03-17,12.364934921264648,12.566850654815626,12.259169537023661,12.566850654815626,53842400
1998-03-18,12.576459884643555,12.586074915136402,12.288008969858152,12.316854061336693,33887600
1998-03-19,12.6149263381958,12.663001514789535,12.499545914370838,12.538006055645825,30299200
1998-03-20,12.586089134216309,12.768774919968877,12.384173265752946,12.634164340993301,56310000
1998-03-23,12.903373718261719,13.018754109185073,12.470697252299143,12.489927317453034,55050000
1998-03-24,13.066822052001953,13.086052106530284,12.836061397661961,12.951441724831957,32281600
1998-03-25,13.662964820861816,13.989876012916216,13.422588944351228,13.922570767493252,124244800
1998-03-26,13.576431274414062,13.778347036993875,13.46105083865417,13.61489141966736,45441200
1998-03-27,13.509119987487793,13.749495787976901,13.470659859409537,13.749495787976901,38924000
1998-03-30,13.528355598449707,13.634120994031049,13.403360130944487,13.547585670373588,27463200
1998-03-31,13.768728256225586,13.807188391019512,13.61488771704988,13.634117784446843,38177200
1998-04-01,13.903335571289062,13.941795697350718,13.614884625826633,13.816800287650333,36835600
1998-04-02,14.047568321228027,14.143718686191942,13.82642248181102,13.95141795626411,41414800
1998-04-03,14.307168960571289,14.316783993474898,14.076408170884655,14.153328434113533,40987600
1998-04-06,13.836039543151855,14.249486173002815,13.701429012502706,14.249486173002815,74232000
1998-04-07,13.422589302062988,13.941801209162845,13.345669019529675,13.7398854675129,62630800
1998-04-08,13.6821928024292,13.691807836021912,13.326436559498855,13.34566662668428,36793200
1998-04-09,13.691807746887207,13.787958082188382,13.461046942164389,13.528352176875211,33619200
1998-04-13,13.63412094116211,13.691811156710045,13.345669863422431,13.662966048936077,33156400
1998-04-14,13.605273246765137,13.778343860504904,13.46104773531533,13.643733383151751,28476800
1998-04-15,14.057174682617188,14.057174682617188,13.672573460110563,13.730263643486555,40498400
1998-04-16,14.105257034301758,14.162947247120988,13.874496183024839,13.903341289434453,39695600
1998-04-17,14.172555923461914,14.191785985773262,13.8937200199474,14.076405611905185,37402800
1998-04-20,14.557164192199707,14.61485440696404,14.182177796231551,14.211022903613717,45535200
1998-04-21,14.595617294311523,14.614847356622871,14.326396421952682,14.566772200844506,51938400
1998-04-22,15.210987091064453,15.249447235416069,14.711005214493435,14.76869543102086,80154000
1998-04-23,14.53792953491211,14.980221041926631,14.482643096535295,14.960990976404261,64215200
1998-04-24,14.172555923461914,14.57638723200018,14.134095798839223,14.38408660888672,51436000
1998-04-27,13.893722534179688,13.92737514931438,13.61488658020653,13.768727106536549,58752000
1998-04-28,13.826420783996582,14.19179212599371,13.694214048405515,14.172562055362281,56668000
1998-04-29,13.922571182250977,14.07641174780071,13.787960687394959,13.855265934822969,50061600
1998-04-30,13.86487865447998,14.09563946426328,13.797573418293183,14.076409396781338,54473600
1998-05-01,13.787958145141602,13.92256861517785,13.557197339365173,13.874493447307762,35996000
1998-05-04,13.547579765319824,13.82641568667843,13.528349701777852,13.72065033719758,37899600
1998-05-05,13.499506950378418,13.778342920151193,13.384126549093134,13.480276883497538,50828000
1998-05-06,13.28797721862793,13.461047833631765,13.230287013626649,13.461047833631765,48110800
1998-05-07,12.826460838317871,13.268752591363315,12.797615723988821,13.259137553253632,78022000
1998-05-08,13.191825866699219,13.249516067282451,12.595693794005813,12.595693794005813,96274800
1998-05-11,12.961066246032715,13.25913230955424,12.932221143111278,13.249517275247094,51474400
1998-05-12,13.182211875915527,13.191826910106567,12.807225542464977,12.807225542464977,64147200
1998-05-13,13.37451171875,13.65334769275701,13.30720648364486,13.643732659170562,80680400
1998-05-14,13.6821928024292,13.999488910988697,13.201441122793598,13.211056156386311,94774400
1998-05-15,13.759111404418945,13.874491793554533,13.653346047711322,13.864876761126567,48150800
1998-05-18,13.23990249633789,13.307207737786232,12.999526634022388,12.999526634022388,80395600
1998-05-19,13.307207107543945,13.374512345804645,13.162981596985304,13.201441733134274,52234400
1998-05-20,13.191825866699219,13.364896468448917,13.134135666115986,13.249516067282451,35698800
1998-05-21,13.28797721862793,13.441817765298007,13.153366740291611,13.20144191112601,36680000
1998-05-22,13.162984848022461,13.345670539850383,13.143754775198468,13.32644046702639,36129200
1998-05-26,12.86491584777832,13.259132252680345,12.845685779246514,13.124521772957703,44473600
1998-05-27,13.23028564453125,13.249515710875047,12.749533985936365,12.749533985936365,58574400
1998-05-28,13.278367042541504,13.287982080226183,13.086066288847926,13.191831703379394,30746800
1998-05-29,13.047601699829102,13.30720762900772,13.03798666541508,13.287977560179675,34091200
1998-06-01,12.88414478302002,13.016351492547278,12.787994448818377,12.903374849860349,42436800
1998-06-02,13.153369903564453,13.22067515891895,12.903378955104895,12.932224064542536,38570800
1998-06-03,12.970681190490723,13.297592354669138,12.941836087769097,13.211057046504264,36010800
1998-06-04,13.23990249633789,13.249517530830511,12.864916151125707,13.028371737500247,33717600
1998-06-05,13.268743515014648,13.307203641145126,13.037982758231786,13.211053325818934,34431600
1998-06-08,13.182211875915527,13.278362217825926,13.07644649981409,13.172596841724488,18886400
1998-06-09,13.39373779296875,13.470658038728802,13.114901902088569,13.124516932808575,35690400
1998-06-10,13.23028564453125,13.595656905063365,13.211055578187455,13.32643597625023,33290400
1998-06-11,13.12452220916748,13.40335821214613,13.095677105411069,13.297592831705954,41271200
1998-06-12,13.191825866699219,13.249516067282451,12.922604930644132,13.057215398671675,41323600
1998-06-15,13.220675468444824,13.43220627593994,13.009144660949707,13.028374734358353,42846000
1998-06-16,13.826420783996582,13.836035819312295,13.153368311896608,13.278363771000889,61138400
1998-06-17,14.009105682373047,14.2110214128671,13.807189951878994,13.836035056235287,76147600
1998-06-18,14.028332710266113,14.114868004572072,13.903337285157505,13.97064251406214,39228400
1998-06-19,14.566783905029297,14.576398943910505,14.230257544187037,14.287947777474281,91226800
1998-06-22,14.739845275878906,14.7590753414704,14.412934160823536,14.576389718351221,48969600
1998-06-23,15.499435424804688,15.518665493569953,14.653312399132966,14.739847708576665,124675200
1998-06-24,16.143640518188477,16.172485617387146,15.374437872890635,15.64365879874488,105724800
1998-06-25,15.624430656433105,16.441708567692682,15.595585553682767,16.28786801969088,88969600
1998-06-26,16.066722869873047,16.09556797376869,15.691736519229691,15.730196657757215,55680400
1998-06-29,16.528240203857422,16.566700332313168,16.191714079869634,16.23017420832538,65906000
1998-06-30,16.672466278076172,16.701311375443087,16.095564330737897,16.191714655294277,77010000
1998-07-01,16.826303482055664,16.94168384878976,16.48977741241455,16.787843359810967,53470400
1998-07-02,16.499401092529297,16.78785216058051,16.480171021325884,16.739776982571975,27321200
1998-07-06,16.5859317779541,16.624391909613127,16.21094549427862,16.44170628423276,35307600
1998-07-07,16.605159759521484,16.701310076600357,16.384014030240074,16.58592969610571,32422800
1998-07-08,16.903230667114258,16.94169080515092,16.422478941655942,16.6340097008576,41553600
1998-07-09,17.07630157470703,17.23014212943412,16.88400088129817,16.92246101997994,43690000
1998-07-10,17.412824630737305,17.42243966366427,16.90322788560805,17.095528544147392,45396800
1998-07-13,18.085874557495117,18.191639905784562,17.480127562746475,17.55704781604789,69223200
1998-07-14,17.922426223754883,18.26856750275444,17.768585655310634,18.191647218532317,56972400
1998-07-15,18.05703353881836,18.153183877150727,17.787812591487736,17.845502794487153,48690000
1998-07-16,18.05703353881836,18.28779435081604,17.94165313281952,18.162798910983962,65125200
1998-07-17,18.143569946289062,18.403175875568238,17.83588884492115,18.07626470536483,83108400
1998-07-20,17.999345779418945,18.383947184962086,17.970500674003212,18.182031447051937,45794800
1998-07-21,17.355138778686523,18.307027276797307,17.307063602014264,17.98011607542593,74605200
1998-07-22,17.960880279541016,18.03780053769751,17.210907762515212,17.230137827054335,71654400
1998-07-23,17.38398551940918,18.07626812858919,17.38398551940918,17.893582440055578,51029600
1998-07-24,17.50897789001465,17.787813891557988,17.307062164759124,17.499362855478672,60366400
1998-07-27,17.960880279541016,17.960880279541016,17.028222149393542,17.403208407906444,58998000
1998-07-28,17.268606185913086,17.980118912949596,17.23014603850571,17.845508397023767,78378400
1998-07-29,17.02822494506836,17.57628187441274,16.93207460658689,17.422441332842386,59738000
1998-07-30,17.4512882232666,17.480133327767867,17.037841725415106,17.220527387256464,72746400
1998-07-31,16.912843704223633,17.463304364864225,16.912843704223633,17.374365306158104,53705200
1998-08-03,16.682086944580078,17.05707333699427,16.518631337630303,16.787852337312287,73566400
1998-08-04,16.076343536376953,16.86477665239544,16.028268346375828,16.710936044391833,91412000
1998-08-05,16.047502517700195,16.345568771773717,15.614825697270891,16.01865739633824,120208800
1998-08-06,16.441709518432617,16.45132455323872,15.94172770851537,15.96095777812757,68308000
1998-08-07,16.287864685058594,16.53785552438063,16.16286926539758,16.528240492099012,54972400
1998-08-10,16.066722869873047,16.355173908829475,16.066722869873047,16.27825363177443,46763200
1998-08-11,15.912882804870605,16.05710832878182,15.691737001540078,15.826347490523878,60976400
1998-08-12,16.162866592407227,16.18209665379022,15.845570579587811,16.047486224109257,53760000
1998-08-13,15.989799499511719,16.307095580981283,15.960954401196304,16.018644597827134,51193200
1998-08-14,16.037878036499023,16.16287348882186,15.922497618970255,16.105183280057474,29566400
1998-08-17,16.50901222229004,16.518627255616938,15.845574922733828,15.922495189349041,54073200
1998-08-18,17.114761352539062,17.20129666274853,16.51862921554051,16.59554949128226,70591200
1998-08-19,17.00899314880371,17.345519299288803,16.9609179844487,17.268599036320783,55709600
1998-08-20,17.316675186157227,17.34552028641179,16.87438364892056,16.94168888284788,49970400
1998-08-21,17.018606185913086,17.21090682078216,16.730155233609473,17.095526439860713,59523600
1998-08-24,16.980152130126953,17.230143044840034,16.922461919039318,16.97053709494568,26319200
1998-08-25,17.355138778686523,17.489749273368858,17.09553282465631,17.133992965994118,58026800
1998-08-26,17.316675186157227,17.499360821102805,17.05706928386614,17.11475948437527,44804400
1998-08-27,16.80708122253418,17.34552318389683,16.69170080224218,17.008996958045174,74874000
1998-08-28,16.19171714782715,16.86476952333065,16.114796876341032,16.653238776743837,72730000
1998-08-31,14.759076118469238,16.384016746496147,14.730231018563437,16.134025880645854,132690400
1998-09-01,15.576354026794434,15.653274293593418,14.537930425008136,14.653310825206614,140112400
1998-09-02,15.470589637756348,16.03787664125394,15.422514467968417,15.662890316908076,63438400
1998-09-03,15.268672943115234,15.49943374326307,15.13406247636233,15.191752676399288,67506800
1998-09-04,14.86484146118164,15.422513391808119,14.787921194888334,15.335978092228148,50890400
1998-09-08,15.686925888061523,15.70134843714647,15.239826866428142,15.38405235727762,60625600
1998-09-09,15.730195045471191,16.066721223094355,15.634044709007432,15.730195045471193,65480800
1998-09-10,15.499435424804688,15.557125631100485,15.18213929017779,15.384055012213087,60758000
1998-09-11,16.037878036499023,16.095568245263408,15.403285740090789,15.557126296795817,58989200
1998-09-14,16.307092666625977,16.470548194534373,16.134022107664144,16.14363713871758,45086800
1998-09-15,16.66284942626953,16.682079489081154,16.172482824573198,16.287863201442924,49367600
1998-09-16,16.643625259399414,16.691700433458916,16.326329110606704,16.595550085339912,42886800
1998-09-17,16.143640518188477,16.384016344844053,16.124410452056033,16.201330716585815,45178400
1998-09-18,16.21094512939453,16.345555587171237,16.04748957352282,16.268635325584548,47361600
1998-09-21,16.59554672241211,16.62439182100263,15.749423830423543,15.768653896150557,45872000
1998-09-22,16.797468185424805,16.903233583272357,16.422481774874395,16.682087751409295,43082000
1998-09-23,17.480127334594727,17.51858746074345,16.691694748545903,16.864765316215156,65263600
1998-09-24,16.941688537597656,17.633970929599375,16.768617939597227,17.40321013226547,63521600
1998-09-25,17.393596649169922,17.403211683249065,16.710929229550757,16.787849502183903,47878400
1998-09-28,17.12437629699707,17.595512983438876,16.88400043656758,17.383982226260922,41405200
1998-09-29,17.3647518157959,17.537822431900178,17.13399099432353,17.20129623391964,48743200
1998-09-30,16.93207359313965,17.470515456408144,16.927266076503322,17.278214790955108,38875600
1998-10-01,16.009035110473633,16.845543251381265,15.999420074371248,16.624397421026373,65442400
1998-10-02,16.018646240234375,16.18210181411432,15.53789455235219,15.903265835142651,65889600
1998-10-05,15.566742897033691,15.82634886258027,14.845615214959865,15.768658648014364,114937600
1998-10-06,15.018680572509766,15.94172368067938,14.980220443002697,15.768653097897577,76550000
1998-10-07,14.480242729187012,15.345595880333645,14.364862309034127,14.980224549849511,90710400
1998-10-08,14.028332710266113,14.134098069973398,13.499505911729694,13.93218238325949,144719200
1998-10-09,14.903302192687988,14.92253226003339,14.191789700908044,14.336015205998574,72661600
1998-10-12,15.345596313476562,15.537897019159226,15.153295607793899,15.268676031203498,51502800
1998-10-13,14.835999488830566,15.345596360449504,14.730234100381354,15.307136219195245,47995600
1998-10-14,15.412897109985352,15.595582727633337,14.749459866947928,14.749459866947928,62403200
1998-10-15,16.220561981201172,16.24940708253111,15.326363839973128,15.403284110186293,66253600
1998-10-16,16.162866592407227,16.38401229831167,15.999411070651771,16.30709205277969,68620000
1998-10-19,15.835960388183594,16.028261060778416,15.557124412921102,16.018646027148677,60177600
1998-10-20,15.422515869140625,15.903267610697377,15.326365520829274,15.884037541035108,94368400
1998-10-21,16.374401092529297,16.441706323091662,15.85518931390535,16.134025269092284,125377200
1998-10-22,16.922456741333008,16.941686805811795,16.191714291139082,16.307094678011808,81910800
1998-10-23,16.364795684814453,16.922467923192382,16.33595056903628,16.768627305708815,59882000
1998-10-26,16.470550537109375,16.61477602342382,16.259019823848192,16.432090407425523,59678400
1998-10-27,16.220561981201172,16.59554829849035,16.153256744764654,16.57631823093706,65434800
1998-10-28,16.25902557373047,16.40325111104919,16.134030108054244,16.134030108054244,56808400
1998-10-29,16.403247833251953,16.53785830785074,16.220562189153604,16.220562189153604,52402800
1998-10-30,16.287864685058594,16.643620879478412,16.172484297679194,16.49939539525416,59322800
1998-11-02,16.278247833251953,16.441703363768955,16.15325242756248,16.364783114113894,48388400
1998-11-03,16.18210792541504,16.393638747969487,16.114802663693172,16.23018311235923,36546800
1998-11-04,16.230182647705078,16.50901872399859,16.134032276569386,16.278257833272924,67459600
1998-11-05,16.364795684814453,16.557096456668912,16.19172499014544,16.201340028738162,76727200
1998-11-06,16.81669044494629,16.88399566685288,16.29747873309546,16.316708796497345,74461200
1998-11-09,17.02822494506836,17.133990317397977,16.73977392962395,16.797464132712832,68956800
1998-11-10,17.23975944519043,17.451290235928962,16.932078295025292,16.94169333096795,72075600
1998-11-11,17.085912704467773,17.65319962037301,17.057067607048864,17.451283938440636,63899200
1998-11-12,16.73016357421875,17.09553496262123,16.691703428071122,16.96092445110453,38526800
1998-11-13,16.922456741333008,16.999376999248156,16.67246590310877,16.682080935348164,28368800
1998-11-16,16.739774703979492,17.191681315746887,16.5378589838281,17.124376075696425,42620400
1998-11-17,17.210908889770508,17.287829152965013,16.759002343502793,16.768617376402105,58744000
1998-11-18,16.884000778198242,17.085916505044576,16.78785043208094,16.85515567436305,41691200
1998-11-19,17.191680908203125,17.30706131698301,16.77823444340853,16.77823444340853,45220800
1998-11-20,17.480127334594727,17.49935739766909,17.114756136181857,17.345516893074198,48405200
1998-11-23,18.335866928100586,18.489707447686115,17.30705845337234,17.30705845337234,110870400
1998-11-24,18.720470428466797,19.23968224312381,18.24933378183358,18.25894881543834,101114800
1998-11-25,19.114683151245117,19.133913214777554,18.576241372336803,18.87430735708962,41394000
1998-11-27,19.701200485229492,19.710815517189097,19.124298567653227,19.249293983128084,26335600
1998-11-30,18.76854705810547,20.04013535136082,18.75893202375193,19.903121111822912,70900000
1998-12-01,19.922344207763672,19.960804331716883,18.480089559518234,18.499319621494838,86330800
1998-12-02,19.499290466308594,19.960812134150217,19.30698977137458,19.874276821429913,65759600
1998-12-03,18.787778854370117,19.835817695274077,18.768548783894815,19.518521532431595,51426800
1998-12-04,19.59543800354004,19.59543800354004,19.076226201679805,19.220451702196534,44352000
1998-12-07,20.547332763671875,20.57617787283941,19.49929379725155,19.64351934308921,89809200
1998-12-08,20.181955337524414,20.653091979515217,19.960809566794037,20.441561242294856,77585200
1998-12-09,20.55694580078125,20.58579090714343,19.999273744445745,20.3261849498838,44781600
1998-12-10,20.239646911621094,20.71078358557332,20.210801809134225,20.480022765678353,57015600
1998-12-11,20.614635467529297,20.72040085472278,20.114653637160117,20.153113777957746,51728800
1998-12-14,19.681978225708008,20.576176552523272,19.643518082619178,20.422335980167958,64077600
1998-12-15,20.287723541259766,20.30695361096712,19.883892077405307,19.893507112258984,51719600
1998-12-16,20.5761661529541,20.787696833031198,19.864653865422042,20.383865534702192,60024000
1998-12-17,20.672313690185547,20.749233927172284,20.345402682991914,20.64346860131552,46963600
1998-12-18,21.201143264770508,21.268448481484064,20.63385643818481,20.768466871611928,59648000
1998-12-21,21.6049747467041,21.874195615821908,21.191528411987466,21.32613884654637,48112000
1998-12-22,21.297304153442383,21.614600332703603,21.133848545944183,21.614600332703603,41350000
1998-12-23,22.085731506347656,22.124191639575947,21.441524274773737,21.59536480768691,34940000
1998-12-24,21.806896209716797,22.15303741939484,21.768436075308124,22.095347217781832,13832400
1998-12-28,21.903043746948242,22.095344394419254,21.768433293718534,21.999194070683746,23636400
1998-12-29,21.614604949951172,21.931901196992268,21.47999442090343,21.931901196992268,29651600
1998-12-30,21.383832931518555,22.054481468826747,21.364602865932657,21.672283915307023,34942800
1998-12-31,21.33576011657715,21.537675827459584,21.22999474421016,21.412680387389504,23834400
1999-01-04,21.69150733947754,22.345329369213566,21.441516563402,21.477572925335974,69305200
1999-01-05,22.537630081176758,22.768390798731467,21.75881265942961,21.8261178687164,64281600
1999-01-06,23.268388748168945,23.30684889486013,22.576106107727554,22.999167721330625,69064800
1999-01-07,23.15299415588379,23.172224217475055,22.80685304724101,23.037613786336195,51150400
1999-01-08,23.05685043334961,23.460681842107192,22.614558890424636,23.412606674397956,50244800
1999-01-11,22.69148826599121,23.220315323037614,22.191506321147337,23.210700285636772,46463200
1999-01-12,21.874197006225586,22.787625013078962,21.69151140485491,22.787625013078962,57907200
1999-01-13,22.12418556213379,22.729932494082693,20.922306728901834,20.922306728901834,75346000
1999-01-14,21.806896209716797,22.393413259449037,21.768436075308124,22.345338091438197,59214000
1999-01-15,23.03762435913086,23.076084499964136,21.749209641216197,21.989585521424157,59344000
1999-01-19,23.94144630432129,24.3645080060844,23.210703364912288,23.28762367432376,102741600
1999-01-20,25.018308639526367,25.806741117789688,24.996674821525236,25.68174572489428,125481200
1999-01-21,24.354881286621094,25.124084011820337,24.268345980036177,24.88370816019557,80077200
1999-01-22,24.037582397460938,24.650540748596192,23.883741870117188,23.941432067871094,82160000
1999-01-25,24.902938842773438,25.12408463172471,24.479877333475358,24.87409373986675,103076400
1999-01-26,26.393264770507812,26.422109868617657,25.306766075037,25.460606598289502,120203200
1999-01-27,25.941362380981445,26.83556056535182,25.92213231250036,26.537494503895026,98048000
1999-01-28,26.768239974975586,26.77785500370223,26.12403305029047,26.42209894081642,78838400
1999-01-29,26.922101974487305,26.941332047326224,26.28750957080296,26.883641828809466,79571600
1999-02-01,26.60478973388672,27.06631120379151,26.277878692704157,26.989390958807377,81729200
1999-02-02,25.787519454956055,26.547107089908156,25.575988721171928,26.53749205655433,91965600
1999-02-03,25.66252326965332,26.133659890190227,25.537527839714954,25.595218038148047,73749200
1999-02-04,24.47027015686035,25.902910727929974,24.441425044691165,25.86445057837106,89151600
1999-02-05,24.614484786987305,24.86447564810514,23.826052071154116,24.65294491946697,127945200
1999-02-08,25.422142028808594,25.47021718393115,24.864470229386924,25.008695694754596,109866800
1999-02-09,24.62409782409668,25.652906284533362,24.57602266239403,25.374070346657998,77293600
1999-02-10,24.710641860961914,25.28754400557581,24.402960717167833,24.595261432039134,73694000
1999-02-11,25.03754425048828,25.210614832864927,24.67217302102647,25.03754425048828,60366000
1999-02-12,24.268339157104492,25.18176713647253,24.172188843486804,24.874086132895926,62930400
1999-02-16,24.037582397460938,24.595254309082033,23.77797650756836,24.576024243164063,73666800
1999-02-17,23.076086044311523,23.71067841053009,22.845325183868407,23.527992729345957,101215600
1999-02-18,22.422252655029297,23.287605459039863,22.150628024881538,23.220300240950152,117035200
1999-02-19,22.729936599731445,22.960697377393693,22.42225556284845,22.681861437718478,73085600
1999-02-22,22.893402099609375,22.92224720935269,22.268424721837597,22.806866770379436,92514400
1999-02-23,23.912593841552734,23.941438948719863,23.153006019484913,23.527992412657635,95106800
1999-02-24,23.51837730407715,24.518341016106593,23.499147232691964,24.066434338554824,67696800
1999-02-25,23.614517211914062,23.652977337666364,23.018385262753362,23.441446646028698,70817200
1999-02-26,23.09530258178711,23.460673730041858,22.99915227961481,23.4414436696074,59273200
1999-03-01,23.345298767089844,23.470294188824678,22.999157599208775,23.00877263164992,58332000
1999-03-02,22.854930877685547,23.71066871870953,22.71070539886128,23.36452756953129,58569600
1999-03-03,23.018386840820312,23.18184238647359,22.624170524832998,22.922236519847797,76798400
1999-03-04,23.422229766845703,23.61453050384772,22.787637334739046,23.24915910354389,61696400
1999-03-05,23.835664749145508,23.902969974334702,23.556828816218836,23.806819652635852,47302800
1999-03-08,24.460649490356445,24.496705872270297,23.845287239026725,23.92220752044294,46726000
1999-03-09,24.89333152770996,25.345238280047685,24.576035297345175,24.59526537191274,90129600
1999-03-10,24.826017379760742,24.99908798891477,24.489491195294583,24.970242887389098,53114800
1999-03-11,24.835643768310547,25.316395680201964,24.508732468224384,24.76833850064575,62948400
1999-03-12,24.64332389831543,25.037540160442205,24.12411223600211,25.018310098875045,73395200
1999-03-15,25.518306732177734,25.537536805073124,24.287582066873007,24.701028634123816,60609600
1999-03-16,26.008665084838867,26.15289058438511,25.268307520501494,25.46060818656315,68554000
1999-03-17,25.710603713989258,26.06636001070489,25.652913503711048,26.00866980042668,44919600
1999-03-18,26.527881622314453,26.547111692355998,25.566378120237086,25.604838260320182,56231200
1999-03-19,26.335573196411133,26.787479709821618,26.133657520206445,26.749019581020725,91980400
1999-03-22,26.585573196411133,26.912484403889604,26.460577734728187,26.604803267439276,55719200
1999-03-23,25.62406349182129,26.78748250964882,25.575988325795358,26.566336745929537,69581200
1999-03-24,26.345195770263672,26.43173108483753,25.095241226419045,25.691373393483406,82634400
1999-03-25,27.68167495727539,27.70090501976742,26.53748623899968,26.62402152021381,109447600
1999-03-26,27.402835845947266,27.748976930317127,27.03746470133464,27.527831237525273,94687600
1999-03-29,28.42203712463379,28.49895738748801,27.037472393257854,27.72975475894582,79777000
1999-03-30,28.614337921142578,28.76817844760033,28.38357713145594,28.72971831598589,67502400
1999-03-31,27.575916290283203,29.11432166212606,27.422075753098916,29.075861527829986,58752600
1999-04-01,28.51819610595703,28.575886320601583,27.773030833464897,28.075904460348795,41106000
1999-04-05,29.210464477539062,29.234502055285557,28.76817304700358,29.018163855567114,39848600
1999-04-06,28.941240310668945,29.42199181084617,28.691249530576787,29.287381390796547,39674800
1999-04-07,28.710498809814453,29.22971077757399,28.07590640477502,29.191250631814025,46910200
1999-04-08,29.095083236694336,29.114313298318063,27.99896972414207,28.691251942596136,38637000
1999-04-09,28.99892807006836,29.229688770891187,28.61432690203032,28.99892807006836,31816800
1999-04-12,28.614337921142578,28.80663857921477,28.11435621015487,28.19127647338375,37858800
1999-04-13,27.72975730895996,28.65280054809316,27.441306296730833,28.65280054809316,46746800
1999-04-14,26.422109603881836,28.037435081848407,26.422109603881832,27.94128475577897,52944000
1999-04-15,27.34516143798828,27.65284257934399,25.80675573120976,26.864409654619994,72594600
1999-04-16,26.652868270874023,27.422070818373996,26.422107506624034,27.402840754686498,44774000
1999-04-19,24.922168731689453,27.114396536791762,24.729868047031353,26.72979516747557,75389000
1999-04-20,25.575990676879883,25.845211631373356,24.614487267974624,25.306769722386413,108459400
1999-04-21,25.2298526763916,25.38369324149155,24.614490415991806,25.268312817666587,92732800
1999-04-22,26.133644104003906,26.229794376645568,25.65289274079559,26.152874158532235,55096400
1999-04-23,26.4605712890625,26.76825235056323,25.537528104560323,26.152890227561777,56592000
1999-04-26,27.0759220123291,27.36437288603999,26.691320847381242,26.82593125511299,48349800
1999-04-27,25.845212936401367,27.306698191733584,25.825982867252257,27.306698191733584,58665800
1999-04-28,25.26830291748047,26.614407334697848,25.143307507310286,26.249036135738844,55963400
1999-04-29,25.24907112121582,25.749052727576526,24.73947448396356,25.34522143013134,60880600
1999-04-30,25.018308639526367,25.768280996898792,24.576017249281087,25.460600029771644,58558600
1999-05-03,24.576030731201172,25.076012577062855,24.172199240312892,25.056782506068174,67180000
1999-05-04,24.018354415893555,25.17215847110061,23.922204077959634,24.76832705177814,66502200
1999-05-05,24.345256805419922,24.576017533433383,23.51836419670503,24.345256805419922,67028200
1999-05-06,23.979904174804688,24.9606380263805,23.845293646157025,24.826027497732838,74021000
1999-05-07,24.326034545898438,24.729865949427186,23.9991234097085,24.49910514741076,48011600
1999-05-10,24.518335342407227,24.768326212565107,24.076043802897136,24.576025543212893,46218000
1999-05-11,24.576030731201172,24.926979526854083,24.44142023423841,24.845251725126694,42786200
1999-05-12,24.7683162689209,24.922156742640905,24.383715084620885,24.845236505780903,60142600
1999-05-13,24.345256805419922,25.15291935346703,24.345256805419922,24.960618746789148,51737200
1999-05-14,23.652992248535156,24.595265923476802,23.57607194853992,24.268354648497045,84401000
1999-05-17,24.345256805419922,24.47986723009444,23.69143474271512,23.806815106721853,66850200
1999-05-18,24.210651397705078,24.6914030140217,23.9798906218731,24.556792561453044,63858400
1999-05-19,24.4029541015625,24.57602469802748,23.76836191452423,24.57602469802748,46510800
1999-05-20,24.133729934692383,24.614481527016935,24.114499870999403,24.47987108116606,42386200
1999-05-21,23.864524841308594,24.30681659904437,23.691454153498942,24.152975987658014,56568800
1999-05-24,23.768369674682617,23.96067040020594,23.402998296188308,23.96067040020594,38990000
1999-05-25,23.460678100585938,24.383721173395877,23.42221797255219,23.61451861272093,50791600
1999-05-26,24.152963638305664,24.152963638305664,23.229920441937296,23.749132239894504,52022800
1999-05-27,24.114505767822266,24.441416930543937,23.845284810286767,24.07604563103148,56702200
1999-05-28,24.826017379760742,24.883707582812086,24.03758460472574,24.229885281563543,41548000
1999-06-01,24.152963638305664,24.84524603558194,24.133733571714657,24.806785902399927,36046400
1999-06-02,24.133729934692383,24.19142012577133,23.460677705438016,24.01834955253449,42812600
1999-06-03,23.499143600463867,24.287576405389416,23.422223326812595,24.114505789674052,32934400
1999-06-04,24.479881286621094,24.518341430040763,23.614528059678477,23.672218274807985,35668200
1999-06-07,24.691408157348633,24.941399049907456,24.36449699015632,24.595257814056776,32392200
1999-06-08,24.422191619873047,25.26831479410487,24.306811187023253,24.576032197006107,41516400
1999-06-09,25.326005935668945,25.422156299889405,24.61449324043755,24.652953386125734,53310800
1999-06-10,24.576030731201172,25.326003499993696,24.32603980827033,25.191393003030935,35277400
1999-06-11,24.037582397460938,24.76832490234375,23.86451180419922,24.614484375,34543000
1999-06-14,23.864524841308594,24.51834743970061,23.826064688462004,24.229896293351192,28369800
1999-06-15,23.90298080444336,24.2683521924437,23.595299635600966,24.018361242759255,36981000
1999-06-16,24.922168731689453,25.11446941634755,24.287576472317728,24.32603660924935,48325200
1999-06-17,25.49907112121582,25.53753125865355,24.768328509898925,24.826018716055522,44475200
1999-06-18,26.15287971496582,26.152879714965817,25.26829701872433,25.325987194566164,69116200
1999-06-21,27.3643856048584,27.383615672043824,26.11443123780584,26.11443123780584,56194400
1999-06-22,26.61441421508789,27.21054632539694,26.537493942789947,27.21054632539694,38751000
1999-06-23,26.4605712890625,26.883632748626002,26.17212029390557,26.441341222718705,33942000
1999-06-24,26.03750991821289,26.537491644855088,25.845209254119737,26.383651113580566,33559000
1999-06-25,26.133644104003906,26.595165412683883,25.96057361324891,26.268254485702233,24933000
1999-06-28,26.691333770751953,26.710563838310133,26.133661811564775,26.306732419588382,31701000
1999-06-29,27.0759220123291,27.095152070576493,26.46056014841253,26.67209078913385,38973200
1999-06-30,27.748979568481445,27.768209630552466,26.691326154575364,26.999007147711676,57610200
1999-07-01,28.056665420532227,28.15281574753885,27.191312477472632,27.652834047104417,47737800
1999-07-02,28.30666160583496,28.345121743886367,27.78744974214098,27.960520363372304,32094800
1999-07-06,27.55669593811035,28.59511993019546,27.46054556847284,28.383589116992937,45419400
1999-07-07,28.402814865112305,28.402814865112305,27.65284209616215,27.710532309158317,33834600
1999-07-08,28.47972297668457,28.61433341614223,27.90282109329461,28.248962223328586,37790400
1999-07-09,28.691267013549805,28.710497085274703,28.383585865951414,28.422046009401214,33884200
1999-07-12,28.979703903198242,29.15277446400036,28.422032096169215,28.67202290621671,43847800
1999-07-13,28.806640625,28.94125109521028,28.556649751752335,28.65280008761682,30845000
1999-07-14,29.210464477539062,29.229694539736258,28.46049205184846,28.84509329579236,37985200
1999-07-15,29.03740882873535,29.306629837743493,28.84510810801525,29.229709549455453,40926200
1999-07-16,30.595046997070312,30.729657511828005,29.229711775956552,29.38355236425106,115369800
1999-07-19,30.268129348754883,30.998871988686705,30.095058723507876,30.768111155024023,81181600
1999-07-20,28.710498809814453,29.768152818213512,28.40281764373473,29.672002453813597,92287400
1999-07-21,29.133567810058594,29.325868587682745,28.614355710473394,28.80665648809754,54050800
1999-07-22,28.018211364746094,29.07586519114351,27.691300182041438,29.037405052001787,60904200
1999-07-23,27.76821517944336,28.229736761373164,27.59514458621968,28.172046563631937,68833200
1999-07-26,26.960552215576172,27.63360451767686,26.960552215576175,27.34515353106228,50885000
1999-07-27,27.325929641723633,27.614380693536337,27.07593873015262,27.325929641723633,65513000
1999-07-28,27.691295623779297,27.845136155022512,27.191313897238835,27.441304760509066,62215200
1999-07-29,26.7490234375,27.325925452686917,26.556722765771028,27.287465318341123,57968200
1999-07-30,26.402883529663086,27.268236595092684,26.3067331890598,26.960555505162162,51127400
1999-08-02,26.095203399658203,26.749025739811763,25.960592917861884,26.364424363250848,48050600
1999-08-03,26.075963973999023,26.47979527448131,25.960583602432656,26.422105088698128,55051200
1999-08-04,26.133644104003906,26.825926067023875,26.075953940418906,26.191334267588903,75573400
1999-08-05,26.383651733398438,26.57595240200921,26.075970663621195,26.268271332231972,76634000
1999-08-06,26.19134521484375,26.595176528729006,26.133655027145856,26.47979615333322,67205800
1999-08-09,25.787519454956055,26.402881589600796,25.74905932154076,26.34519138947785,39333600
1999-08-10,25.518306732177734,25.86444804429469,25.11447520137462,25.7106074611316,62743000
1999-08-11,25.90289878845215,26.056739315777772,25.325996810981053,25.845208590705038,66105200
1999-08-12,25.15291976928711,25.90289214772916,25.114459647315723,25.82597190378638,61062000
1999-08-13,26.05673599243164,26.345186944377378,25.460604025077117,25.518294215466263,65099800
1999-08-16,25.941362380981445,26.426921610128797,25.326000189586775,26.172123202754445,57321800
1999-08-17,26.018274307250977,26.306725241921168,25.518292687155984,26.28749517960982,51749000
1999-08-18,26.15287971496582,26.518250828630784,25.864428835756637,25.97980918744031,58361200
1999-08-19,25.787519454956055,26.191350855816665,25.575988721171928,26.018280255447834,71478200
1999-08-20,25.652921676635742,26.085598391571505,25.55677129553891,25.845222438829413,46072800
1999-08-23,26.595190048217773,26.652880265242107,25.80675708221855,25.94136758860866,60447000
1999-08-24,28.364347457885742,28.768178845421744,26.78748203988803,26.78748203988803,120450000
1999-08-25,29.325851440429688,29.537382172131146,28.67202917880699,28.806639644435194,81877600
1999-08-26,29.114328384399414,29.652770388866514,28.82587731057776,29.345089243456744,61246000
1999-08-27,28.691267013549805,29.268169165296786,28.422046009401214,29.248939093571884,41948400
1999-08-30,28.38358497619629,28.748956327515888,28.17205419385336,28.575885687417127,33300800
1999-08-31,28.47972297668457,28.652793541701563,27.729750528277616,28.248962223328586,46882800
1999-09-01,28.42203712463379,28.748948241764218,28.191276336071134,28.402807058920235,36607200
1999-09-02,28.248979568481445,28.479740463526902,27.902838225913257,28.152829195545838,33340800
1999-09-03,29.49891471862793,29.67198527434348,28.768172372273394,28.845092619258082,52098000
1999-09-07,28.99892807006836,29.74890034774254,28.845087602853145,29.191228654087382,47028000
1999-09-08,28.38358497619629,29.13355774995757,28.325894762830035,28.825876612004222,42568200
1999-09-09,28.941240310668945,28.965277885677807,28.24415063541197,28.441258750484632,38475200
1999-09-10,29.229694366455078,29.32584467687105,28.922013373123974,29.248924428538274,34455000
1999-09-13,28.883554458618164,29.172005401946578,28.72971395550968,29.075855087503772,27870800
1999-09-14,29.24892234802246,29.40276283374513,28.806630951569787,28.82586101228512,40207800
1999-09-15,28.498952865600586,29.460455998718015,28.422032614951192,29.38353574806862,48413800
1999-09-16,28.922019958496094,28.941250024957856,27.883596369560728,28.575878762184303,45796000
1999-09-17,29.671998977661133,29.691229048288264,28.864336011321686,29.037406646965852,79773400
1999-09-20,30.018136978149414,30.114287320808444,29.22970416834536,29.537385264854258,48601800
1999-09-21,29.114328384399414,29.710460603630846,28.96048781169453,29.710460603630846,47082800
1999-09-22,29.556629180908203,29.729699878779495,28.825886234340533,29.15279755254186,48531600
1999-09-23,28.056665420532227,29.806601372052743,27.696101694257393,29.806601372052743,71073600
1999-09-24,27.97974395751953,28.114354409548834,27.34515182652424,27.748983182612154,70277000
1999-09-27,28.133604049682617,28.59512592062751,27.96053334807828,28.306674751286952,34132200
1999-09-28,28.345111846923828,28.518182407725945,27.402838793667883,28.075890974564988,46000600
1999-09-29,27.537456512451172,28.34511934312362,27.422076108069394,28.172048736550952,37484400
1999-09-30,27.864376068115234,28.21051738573157,27.325934018489818,27.691305409307063,47455400
1999-10-01,27.686487197875977,27.883595372057762,27.172082938425945,27.74898491164093,44239000
1999-10-04,28.47972297668457,28.498953039464237,27.76821065383695,27.84513090495561,29998000
1999-10-05,28.248979568481445,28.883572029856452,27.537466808757948,28.537430687288264,43397000
1999-10-06,28.825857162475586,28.922007453210995,28.32587565065146,28.402795883239786,35500200
1999-10-07,28.845115661621094,29.24894728088379,28.51820435078939,28.825885584513347,46036400
1999-10-08,29.210464477539062,29.28738472632784,28.34511167866529,28.76817304700358,35697000
1999-10-11,29.018173217773438,29.229703970189284,28.960483012569117,29.11432355978064,19943800
1999-10-12,28.47972297668457,29.018164734515207,28.422032788345575,28.92201442061688,27668600
1999-10-13,28.018211364746094,28.652803660584542,27.78745052989575,28.306662408309027,38098400
1999-10-14,27.90283203125,28.378776271617635,27.595150906163852,27.960522242203652,42737800
1999-10-15,27.09515953063965,27.633601309814885,26.864398768135974,27.537450992105022,73788000
1999-10-18,27.037471771240234,27.07593190178254,26.17211883403838,26.82594105325756,75312800
1999-10-19,26.556734085083008,27.46054762744282,26.229822803803927,27.152866421533098,69945600
1999-10-20,28.38358497619629,28.422045118440455,27.76822270028959,28.17205419385336,88090600
1999-10-21,28.633563995361328,28.652794058487828,27.845131407174748,27.86436147030125,60801200
1999-10-22,28.51819610595703,28.88356746537253,28.229745032734268,28.787417107631608,43650600
1999-10-25,28.441268920898438,28.787410124803895,28.03743751634207,28.30665845271298,30492200
1999-10-26,28.42203712463379,29.306620147457302,28.388384509635067,29.03739922746754,52467600
1999-10-27,27.960514068603516,28.19127484496063,27.595142839371423,28.15281471556778,54416600
1999-10-28,27.652841567993164,27.960522698096007,27.479770932310313,27.691301709256017,70570400
1999-10-29,28.47972297668457,28.92201442061688,28.075891658311598,28.133581846650593,79452600
1999-11-01,28.42203712463379,28.979709030326873,28.34511686177957,28.691258044623552,53261200
1999-11-02,28.47972297668457,29.0758549228542,28.287422348887915,28.53741316502357,46349000
1999-11-03,28.30666160583496,28.768183262451835,28.152821053629335,28.595112641220506,44517000
1999-11-04,28.229740142822266,28.537421234297167,27.787448573827096,28.402810756776898,54239400
1999-11-05,28.172048568725586,28.575879981656122,27.845137424924673,28.248968837855212,70167400
1999-11-08,27.67207908630371,27.922070071794987,25.96060233947881,26.09521287012796,243819200
1999-11-09,27.34516143798828,27.65284257934399,26.59518865593375,27.614382436674525,109769800
1999-11-10,26.80671501159668,27.422077192637634,26.59518426186385,27.114396102117155,69385400
1999-11-11,27.575916290283203,27.825907163207667,27.152854813026416,27.152854813026416,69274600
1999-11-12,27.441316604614258,27.691307575784535,26.787494064630458,27.614387276962912,49414200
1999-11-15,26.768239974975586,27.229761353854474,26.749009917522297,27.152841124041327,47080400
1999-11-16,26.864408493041992,26.999018986564753,26.422116871467214,26.749028070022487,59165200
1999-11-17,26.15287971496582,26.787471649226017,26.152879714965817,26.595171063086564,66819000
1999-11-18,26.133644104003906,26.40286486740056,25.999033722305576,26.133644104003903,64493200
1999-11-19,26.4605712890625,26.63364188615666,25.960589564123822,25.979819630467617,58226000
1999-11-22,27.633607864379883,27.806678477309195,27.210546366108236,27.575917660070115,90596600
1999-11-23,27.575916290283203,28.1143581704282,27.191314947322486,27.460535887394986,70787400
1999-11-24,28.210514068603516,28.383584707061207,27.5374615857125,27.55669165665224,53771000
1999-11-26,28.037456512451172,28.72973938930182,27.998996352626136,28.191297151751314,28514200
1999-11-29,27.748979568481445,28.32588143061204,27.53744888570023,27.72974950641043,51460200
1999-11-30,28.013395309448242,28.575874672963852,27.55668129633728,27.614371487467086,64145600
1999-12-01,28.672033309936523,28.902794141404826,27.960520746242594,28.01821095410967,48864200
1999-12-02,29.172014236450195,29.306624717435792,28.575882106371118,28.633572312507805,55473800
1999-12-03,29.57583999633789,29.88352103661189,29.455652089980862,29.47968967125227,64100600
1999-12-06,29.36430549621582,29.902747247292467,29.15277480829285,29.306615308600463,49098200
1999-12-07,28.614337921142578,29.19123989535916,28.575877789528136,29.15277976374472,56859200
1999-12-08,28.229740142822266,29.018172939726703,28.210510074605086,28.652801643600256,40955800
1999-12-09,28.537425994873047,28.710496637699098,28.1335944949456,28.30666513777165,46258200
1999-12-10,28.883554458618164,28.96047471017241,28.38357282351559,28.72971395550968,36836000
1999-12-13,29.72968292236328,29.825833255229917,28.537418794817018,28.80183221020026,52691600
1999-12-14,30.36427116394043,31.11424366260647,29.32584770424899,29.59506860120603,144116200
1999-12-15,33.364173889160156,33.46032424618944,30.306592535629054,30.32582260703491,155571600
1999-12-16,34.9794921875,35.38332359813084,33.518007082359816,33.6141574182243,128660200
1999-12-17,35.46025085449219,36.037152983361366,34.960269009472235,35.88331241566292,105898800
1999-12-20,34.6910514831543,35.383334106986645,34.2102996610485,35.32564388833395,39433800
1999-12-21,35.65254592895508,35.88330674402922,34.03722022343608,34.57566212527574,57446000
1999-12-22,36.171749114990234,36.30635955826771,35.42177664530144,35.78234033265182,38565200
1999-12-23,36.133296966552734,36.69096892612167,35.921766223267966,36.07560676383871,31028400
1999-12-27,36.65251922607422,36.69097937216664,35.72947571985619,36.44098842256592,32202200
1999-12-28,36.152523040771484,36.55635441516308,36.01791258264095,36.53712434971586,24591000
1999-12-29,36.287139892578125,36.42175037442659,35.940998653539225,35.97945879121021,17449200
1999-12-30,36.190982818603516,36.90249523320943,36.03714229652656,36.26790307964199,22360000
1999-12-31,35.92176055908203,36.229441591708,35.76792004276905,36.15252133355151,12517600
2000-01-03,35.86407470703125,36.498666913643596,34.46027982573727,36.11406557630278,53228400
2000-01-04,34.652591705322266,36.037156967688084,34.53721126679178,34.94104280164848,54119000
2000-01-05,35.0179557800293,35.806388611979436,33.65262087592052,34.19106280993525,64059600
2000-01-06,33.844913482666016,35.03717748035084,33.34493180621754,34.51796573942357,54976600
2000-01-07,34.287208557128906,34.53719942153871,33.018024168586834,33.42185556494113,62013600
2000-01-10,34.53721237182617,34.97950406701103,34.26799133997452,34.90258377219627,44963600
2000-01-11,33.65260696411133,35.152551731654576,33.44107629176549,34.306429042271205,46743600
2000-01-12,32.556495666503906,33.49876872477839,32.13343429340108,33.383388350295796,66532400
2000-01-13,33.1718635559082,33.42185441169186,31.22962690712749,32.11420993528505,83144000
2000-01-14,34.53721237182617,35.05642436182578,32.537284706642474,32.97957640182733,73416400
2000-01-18,35.47947311401367,35.84484438185446,34.383359310491294,34.40258937721976,81483600
2000-01-19,32.921878814697266,34.306443811577054,32.61419770427953,33.99876270115932,97568200
2000-01-20,32.61418533325195,33.748758997557296,32.57572520903821,32.94109638906875,56349800
2000-01-21,31.92190170288086,32.99878513382142,31.768061212746495,32.921864888754236,68416200
2000-01-24,31.152708053588867,32.518042789270844,31.01809758669064,31.936333271603523,63597600
2000-01-25,31.633459091186523,31.96037021857265,30.633495642711328,31.075787167998435,59823200
2000-01-26,30.575801849365234,31.844986077074733,30.498881593140414,31.518074988119256,49365000
2000-01-27,30.383499145507812,31.13347159277035,29.9219776395001,30.73444779070118,63654800
2000-01-28,30.229658126831055,30.8450201243238,29.921977128084684,30.191198001987757,58225400
2000-01-31,30.114282608032227,30.210432935644082,29.191239462958443,30.037362345942746,73194200
2000-02-01,31.671920776367188,31.7680711126646,30.056595126570684,30.306586000943952,70196600
2000-02-02,31.018098831176758,31.97960220474082,30.921948493820352,31.51808058543007,49915600
2000-02-03,31.883451461791992,32.05652206683188,30.806567697099382,31.402699781125648,49186000
2000-02-04,32.78726577758789,33.22955733939699,32.042100646279074,32.11421340092186,55365400
2000-02-07,32.806495666503906,32.88341593770321,32.0757530901105,32.86418586990339,40005800
2000-02-08,33.825687408447266,33.844917475194535,32.74880367060017,32.74880367060017,56229000
2000-02-09,31.998830795288086,33.67184658807057,31.96037066212067,33.67184658807057,55090000
2000-02-10,32.61418533325195,32.787255892213786,31.537301855267216,31.96517073714508,54527800
2000-02-11,30.748889923095703,32.26806584800162,30.498898948111187,32.26806584800162,115559000
2000-02-14,30.652734756469727,31.306557204223786,30.47966410853483,31.147909110283464,81028600
2000-02-15,30.325817108154297,30.768108670289713,30.19120663272178,30.69118839861399,71027600
2000-02-16,30.03736114501953,30.825793799914408,29.88352062699126,30.537342828611404,65202600
2000-02-17,30.652734756469727,30.671964828462492,29.88833939475726,30.30659346059993,80343400
2000-02-18,29.24892234802246,30.787327205249152,29.19123216587646,30.76809714453382,79063000
2000-02-22,28.864328384399414,29.883521858332237,28.556647335664977,29.268159760863362,66296200
2000-02-23,28.99892807006836,29.46044947171401,28.325876026001787,28.768167369245536,75847200
2000-02-24,29.152790069580078,29.498931376474825,28.306666874948466,28.998949488737964,69733200
2000-02-25,28.095136642456055,29.138368102314534,27.845145693549874,29.133560584066338,65301400
2000-02-28,28.172048568725586,28.345119174267243,27.114394868193227,27.768217155795046,76131800
2000-02-29,27.49901008605957,28.229753011423394,27.345169470193504,28.229753011423394,58437400
2000-03-01,27.941282272338867,28.950860606335972,27.36438036719767,27.57591106574944,106889800
2000-03-02,28.729719161987305,29.345081285938843,28.037436772541827,28.248967502650167,106932600
2000-03-03,29.57583999633789,30.421962857091383,28.8835576557214,29.15277856596115,101435200
2000-03-06,27.883594512939453,29.960441552523907,27.729753991488753,29.537380118534482,93609400
2000-03-07,28.575878143310547,29.998903030662486,28.2874271526311,29.575841577665962,135061000
2000-03-08,29.402772903442383,29.59507357645378,27.998977990459196,28.864331019010475,94290000
2000-03-09,30.768115997314453,30.768115997314453,29.229710197448732,29.325860559940338,88198800
2000-03-10,31.075790405273438,31.53731204495572,30.61426876559116,30.633498833911254,85589000
2000-03-13,30.15273666381836,30.845018883140717,29.99889617063561,30.0373562939313,61831800
2000-03-14,29.268165588378906,30.537350167112812,29.268165588378906,30.34504947336525,73489200
2000-03-15,29.345075607299805,29.729676860344366,28.825863915689652,29.095084792820842,53208000
2000-03-16,29.345075607299805,29.748906922996593,28.691253477124057,29.518146171169857,77300800
2000-03-17,30.575801849365234,30.614261977477643,29.07585685298128,29.306617621655732,81161600
2000-03-20,29.96045684814453,30.691199698099275,29.691235798161205,30.38351849811833,47773000
2000-03-21,31.614227294921875,31.72960768650918,29.69122076846677,29.768141029524976,81648800
2000-03-22,31.768064498901367,32.49880690262913,31.11424234819759,31.633454056109414,93975800
2000-03-23,34.421817779541016,34.72949883231904,32.80649225245641,32.86418244985229,148224000
2000-03-24,34.364139556884766,35.38333339936652,33.71031709189647,34.6525906443796,112196800
2000-03-27,32.018070220947266,33.306485058667064,31.97961007653772,33.157451999080074,111434000
2000-03-28,32.09500503540039,33.05650908079885,31.49887252725335,31.88347414541273,81114400
2000-03-29,32.97956848144531,33.51801041583626,32.34497620162742,32.364206270712806,64363800
2000-03-30,31.806522369384766,33.421847568313616,31.53730150289662,32.67187515452522,64178400
2000-03-31,32.691104888916016,33.30646686329561,32.0372827911377,32.614184642118566,64281400
2000-04-03,27.960514068603516,29.691219891281865,27.69129316285355,29.056627756299804,260118200
2000-04-04,27.249000549316406,28.306654063933486,26.13365684299294,28.172043616618588,181244400
2000-04-05,26.57595443725586,27.229776760603684,26.42211389058578,27.152856487268647,82887600
2000-04-06,26.4605712890625,27.075933412063957,26.234618009522904,27.037473279376364,66421400
2000-04-07,27.402835845947266,27.49898614716112,26.15288193016722,26.768243857935857,82613600
2000-04-10,26.47980499267578,27.26823782107063,26.46057492369054,27.26823782107063,60685400
2000-04-11,25.806747436523438,26.479799716909667,25.691367045600085,26.191348739601285,71961800
2000-04-12,24.422191619873047,25.306774938388134,24.229890898456723,25.26831479410487,153003800
2000-04-13,24.38372230529785,25.306765420955813,24.306802045659687,24.883703992945915,94316200
2000-04-14,22.80686378479004,24.460649860246992,22.537642795762164,24.3452694363779,151217800
2000-04-17,23.345298767089844,23.38375889685441,22.46071578250489,22.845317080150526,119772200
2000-04-18,24.787567138671875,25.210628796585592,23.345311486693294,23.53761224029044,91794600
2000-04-19,24.210651397705078,25.076004307074996,24.037580815831095,25.056774242422332,53715400
2000-04-20,24.287578582763672,24.576029634815498,23.84528696961754,24.19142823207973,52387400
2000-04-24,20.499256134033203,20.922317705279667,19.999274277105563,20.691556848236143,313645800
2000-04-25,21.345369338989258,21.383829463924375,20.806927589897636,21.15306871431368,159517400
2000-04-26,20.92230796813965,21.88381109167548,20.730007343432483,21.537669967202582,107091200
2000-04-27,21.47999382019043,21.51845397027134,20.730020893612608,20.749250968653065,77669800
2000-04-28,21.460756301879883,21.845357669297083,20.99923466097924,21.768437395813645,78082600
2000-05-01,22.59532928466797,22.76839989195479,22.056887395331202,22.42225867738115,107811000
2000-05-02,21.49921417236328,22.614558020303416,21.38383377430051,22.403027290521667,97716200
2000-05-03,21.710744857788086,21.787665123006114,21.1723030012619,21.653054658874566,55354800
2000-05-04,21.672286987304688,21.922277875357004,21.326145757693787,21.633826850681253,43317200
2000-05-05,21.883819580078125,22.095350349305594,21.49921818148273,21.614598601061346,36402200
2000-05-08,21.47999382019043,21.96074569620185,21.441533670109514,21.826135170918654,36187600
2000-05-09,20.864627838134766,21.672290851223853,20.76847747943368,21.595370564262986,60778400
2000-05-10,20.364643096923828,20.883854960584774,20.23003261375247,20.845394822535816,67740000
2000-05-11,20.88385581970215,20.960776098964402,20.230033445972982,20.499254423390873,58390800
2000-05-12,21.172306060791016,21.460757097041576,20.99923543904068,21.056925646290793,37886000
2000-05-15,21.345369338989258,21.364599401456818,20.922307964702984,21.22998896418391,33899600
2000-05-16,21.383832931518555,21.729974112064717,21.24922247241727,21.403062997104453,48410600
2000-05-17,20.826160430908203,21.268451926670796,20.69154997567611,21.19153166653817,53242000
2000-05-18,20.364643096923828,20.941545167658212,20.268492751801432,20.941545167658212,53640400
2000-05-19,20.01849937438965,20.28772030737856,19.845428774611065,20.114649707599973,66578000
2000-05-22,19.74928855895996,20.0761998593517,19.210846417138267,20.037739706364437,69955000
2000-05-23,19.44159507751465,20.172337523553775,19.403134948775747,19.653125785578606,57963200
2000-05-24,20.17234230041504,20.480023403185907,19.38390947456469,19.422369612411046,85482400
2000-05-25,18.922391891479492,19.922355690622716,18.80701145311681,19.864665471441377,94348800
2000-05-26,18.903162002563477,19.268533394271213,18.57625075735129,19.09546273504123,55822000
2000-05-30,19.499290466308594,19.730051300229405,19.07622893745377,19.21083942390758,68536400
2000-05-31,19.249300003051758,19.600248779331174,19.095459443586808,19.581018709398055,54968200
2000-06-01,19.864656448364258,20.30694792785349,19.63389567645683,19.8069662553874,94507200
2000-06-02,20.40310287475586,20.537713355550665,19.999271432371433,20.306952531330996,80463200
2000-06-05,20.5761661529541,21.03768763675868,20.30694528740143,20.31175280285773,64400000
2000-06-06,21.422300338745117,21.49922062721458,20.864628247341518,20.98000868004571,99019000
2000-06-07,21.69150733947754,21.768427578270014,20.653084115779148,21.30690614551517,76310600
2000-06-08,21.172306060791016,22.191499722209656,20.99923543904068,22.018429100459322,94765600
2000-06-09,21.172306060791016,21.441527027958205,21.018465508124052,21.422296958874835,35710200
2000-06-12,20.5761661529541,21.229988255010586,20.422325658352577,21.229988255010586,49260600
2000-06-13,20.88385581970215,20.922315959333275,20.345413864866362,20.537714563022,44289200
2000-06-14,21.69150733947754,21.84534781706249,21.383826384307646,21.479976682798238,79992400
2000-06-15,22.268423080444336,22.36457343916819,21.72998107159076,21.78767128682507,65592600
2000-06-16,22.32611846923828,22.49918915504633,21.99920717382308,22.345348545439176,68710600
2000-06-19,22.672245025634766,22.710705152904715,22.15303330749046,22.326103880205228,46604800
2000-06-20,23.05685043334961,23.15300076876808,22.691479158759414,22.729939292926804,62275000
2000-06-21,24.826017379760742,25.287539004171478,23.672213318733906,23.69144338641769,160399600
2000-06-22,24.576030731201172,25.229853145020297,24.402960092249053,25.037552435073497,87315200
2000-06-23,23.90298080444336,24.63372358044404,23.691450000864215,24.59526343433874,49811600
2000-06-26,24.460649490356445,24.652950193896984,23.845287239026725,23.845287239026725,48287000
2000-06-27,24.249114990234375,24.652946405614962,24.114504518440846,24.383725462027904,31071200
2000-06-28,24.287578582763672,24.633719845225862,24.19142823207973,24.30680865290046,37459200
2000-06-29,23.749135971069336,24.28757792021099,23.710675831844934,24.07604715447677,38449000
2000-06-30,24.614484786987305,24.614484786987305,23.59529127627611,23.71067167371511,52356400
2000-07-03,24.614484786987305,24.633714853227136,24.422184124588966,24.518334455788136,15734800
2000-07-05,24.152963638305664,24.576025103307835,24.076043371941633,24.576025103307835,34824400
2000-07-06,24.902938842773438,25.13369966602694,24.152966167199565,24.268346578826318,47873200
2000-07-07,25.2298526763916,25.499073665316512,24.78756105172925,25.003899346401052,54153200
2000-07-10,24.441404342651367,25.018306097395303,24.422174284159905,24.82600551248066,52689800
2000-07-11,24.345256805419922,24.768318140111266,24.15295619874204,24.24910650208098,37164800
2000-07-12,24.710641860961914,24.92217264732034,23.74913828660542,24.076049501886626,58370200
2000-07-13,24.595264434814453,24.614494508649333,23.806831407584276,24.24912310578657,80843200
2000-07-14,24.287578582763672,24.53756949454192,24.133738021669366,24.460649213994767,51180600
2000-07-17,24.056821823120117,24.479883437915195,23.845291015722577,24.076051896519893,53992800
2000-07-18,24.152963638305664,24.460644703761787,23.826052506258534,23.88374270603156,70617200
2000-07-19,22.499187469482422,23.84529270269932,22.403037095681217,23.40300098321377,139924600
2000-07-20,23.018386840820312,23.152997290181837,22.49917510756873,22.595325428541244,54690600
2000-07-21,22.249189376831055,23.0760823268775,22.11457889659094,22.999162052454576,56100600
2000-07-24,21.710744857788086,22.191496515400754,21.537674261047524,22.17226644909625,56165600
2000-07-25,21.229997634887695,21.845359885174293,21.037696931673132,21.787669674209926,64188600
2000-07-26,20.864627838134766,21.383839775120606,20.691557192472818,21.24922927293909,85404600
2000-07-27,21.345369338989258,21.576130088599953,20.768467464962523,20.88384783976787,74337600
2000-07-28,21.441530227661133,22.09535267406515,21.422300155708076,21.826131666722322,75645600
2000-07-31,21.47999382019043,21.883825396040024,21.306923144826314,21.59537427043317,70283800
2000-08-01,21.133840560913086,21.556901973415442,20.98000004727587,21.518441845006137,47163600
2000-08-02,21.345369338989258,21.672280400937744,21.07614846444345,21.095378526911006,48269200
2000-08-03,21.614604949951172,21.653065101107668,20.960782380290727,20.980012455868973,54543400
2000-08-04,21.268455505371094,21.499216324597544,20.98000448133803,21.36460584671545,38107400
2000-08-07,21.53767204284668,21.88381320067814,21.460751785550798,21.595362235818587,52741800
2000-08-08,22.80686378479004,22.979934420593676,21.537679122230056,21.556909192874905,138038800
2000-08-09,22.845325469970703,23.0376261894149,22.499184174971145,22.691484894415343,63945600
2000-08-10,22.345335006713867,22.78762649135622,22.07611410301852,22.710706233157552,48986000
2000-08-11,22.28763771057129,22.36455794425747,22.037646951091197,22.28763771057129,35629600
2000-08-14,22.210723876953125,22.576095092244994,21.960733045437635,22.249184004878582,53427000
2000-08-15,22.037662506103516,22.460724089990318,21.999202362113806,22.15304293807264,40714200
2000-08-16,21.845348358154297,22.229949561642925,21.710737936933274,22.11456920059634,44976200
2000-08-17,22.018430709838867,22.153041203261463,21.710749582015794,21.88382021641627,36112800
2000-08-18,21.845348358154297,21.979958779375316,21.53766739536339,21.88380847850316,54438800
2000-08-21,21.7299747467041,21.787664945146677,21.55690415137637,21.749204812851627,34119600
2000-08-22,21.922277450561523,22.287648741404215,21.604981329566556,21.7876669749879,54428200
2000-08-23,21.7684326171875,21.883813002084253,21.653052232290747,21.787662681336958,36726800
2000-08-24,21.883819580078125,21.903049650007894,21.518448251412497,21.729979020639966,42405400
2000-08-25,21.7299747467041,22.05688587121204,21.710744680556573,21.749204812851627,52729400
2000-08-28,21.94150733947754,22.191498220645997,21.57613605161595,21.59536611939814,56421600
2000-08-29,21.826120376586914,22.38379217475521,21.80689031458111,21.903040624610128,59400200
2000-08-30,21.53767204284668,21.826123007706233,21.441521721226827,21.74920275041035,53498800
2000-08-31,21.47999382019043,22.15304644660642,21.441533670109514,21.806905095878196,72575400
2000-09-01,21.595367431640625,21.729977914295553,21.441526880034992,21.537677224788514,37629800
2000-09-05,21.576128005981445,21.74919855148397,21.479977702924486,21.537667884758662,50755200
2000-09-06,21.364599227905273,21.74920047413219,21.326139103282582,21.556899851018734,62960800
2000-09-07,21.556909561157227,22.172271832305334,21.36460885142344,21.537679490183848,111711200
2000-09-08,21.32615089416504,21.80690271774856,21.287690748278358,21.653062134201832,56709600
2000-09-11,21.172306060791016,21.441527027958205,20.94154523179057,21.268456406207868,48495200
2000-09-12,20.96076774597168,21.326138926864765,20.80692724875354,21.153068367494356,46781200
2000-09-13,20.999237060546875,21.153077625093008,20.672325860886346,20.787706284295947,40744800
2000-09-14,20.24925994873047,21.153073070848542,20.210799815874378,21.1338430044205,78503000
2000-09-15,19.74928855895996,20.19158031831349,19.480067488049112,20.133890088832597,99915200
2000-09-18,19.383913040161133,19.883894924133543,19.133922098174928,19.768514489370677,69037800
2000-09-19,19.999271392822266,20.2300322165856,19.49928960800171,19.576209882589488,79311200
2000-09-20,19.768510818481445,19.999271645156327,19.441599647358697,19.96081150737718,67791400
2000-09-21,19.74928855895996,20.037739706364437,19.55698779402364,19.691598329479064,48952200
2000-09-22,19.46082878112793,19.537749052990094,18.768546334368438,18.80700647029952,84476600
2000-09-25,18.845470428466797,19.537753015634966,18.595479494211627,19.460832728171837,53484200
2000-09-26,19.287757873535156,20.26849132473186,18.595475437396306,18.749315978760496,155704800
2000-09-27,18.653160095214844,19.556973007044842,18.403169289815057,19.518512883137184,106155600
2000-09-28,18.864702224731445,19.03777288734366,18.653171414872073,18.71086163574281,52360400
2000-09-29,18.557016372680664,18.864697473160344,18.037804515621204,18.768547129260444,74053600
2000-10-02,18.19163703918457,18.710848667152842,17.922416195052875,18.614698365677235,58562400
2000-10-03,17.40321922302246,18.403183200477894,17.383989146532933,18.326262894519783,85374000
2000-10-04,17.05706787109375,17.403209045478967,16.768616892439404,17.345518849748096,136453400
2000-10-05,17.037845611572266,17.614747833183067,16.99938546346488,17.076305759679652,81099400
2000-10-06,17.095537185668945,17.46090862158313,16.845546203201344,17.172457487966668,61794000
2000-10-09,16.672466278076172,17.15321790085807,16.30709504476193,17.114757771035517,58323600
2000-10-10,16.78784942626953,17.095530515410783,16.557088609413594,16.595548745556247,62066200
2000-10-11,17.153215408325195,17.518586588547368,16.61477366905041,16.61477366905041,101205800
2000-10-12,16.73016357421875,17.499366497171337,16.557092916554417,17.326295839507004,90219600
2000-10-13,16.537857055664062,16.883998249852382,16.037875330725385,16.576317188351656,104521200
2000-10-16,15.499435424804688,16.557089206894336,15.249444530856223,16.460938863068005,119759000
2000-10-17,15.518669128417969,16.13403147303925,15.460978908609722,15.960960813614514,81276600
2000-10-18,15.922499656677246,16.384021385856297,14.90330583807351,15.268677207006926,110536400
2000-10-19,19.03776741027832,19.13391775073427,17.845503188624527,17.980113665262856,256993200
2000-10-20,20.056964874267578,20.34541595107871,18.80701020808599,18.86470042344822,160378600
2000-10-23,19.114683151245117,20.38386734438614,18.672391689999003,19.883885692542705,185170400
2000-10-24,18.922391891479492,19.364683571869765,18.518560357210113,19.268533206567533,94427400
2000-10-25,18.845470428466797,19.518522943769185,18.595479494211627,19.057001218990404,167603800
2000-10-26,19.826194763183594,20.0184953913425,18.710851119861914,18.76854130830959,114826600
2000-10-27,20.826160430908203,21.287681991703952,19.88388724428355,19.903117309316706,124292400
2000-10-30,21.24921417236328,21.576125159630408,20.730002604350783,20.76846272049986,110057600
2000-10-31,21.191532135009766,21.383832789592432,20.922311218594032,21.2299922659263,104474000
2000-11-01,21.422300338745117,21.556910843566676,21.056928968515173,21.07615904063254,81309400
2000-11-02,21.633821487426758,21.79727702755398,21.422290788438584,21.653051550971135,77985200
2000-11-03,20.999237060546875,21.422298613048735,20.941546848842076,21.306918189639138,68711000
2000-11-06,21.383832931518555,21.576133587377534,20.999231619800593,21.133842078901882,74851400
2000-11-07,21.69150733947754,22.114568652836144,21.383826384307646,21.46074662310012,104331200
2000-11-08,21.364599227905273,22.26841215653853,20.92230779474432,21.883810910311613,206149400
2000-11-09,21.806896209716797,21.941506680147146,21.0569235887477,21.076153655952034,91058600
2000-11-10,20.73000717163086,21.633820100264117,20.55693661082875,21.518439726396043,93744400
2000-11-13,20.441558837890625,20.960770586360095,19.816581733251446,20.518479096923137,83364800
2000-11-14,21.172306060791016,21.479987166124946,20.71078440279012,20.9223151627072,84218600
2000-11-15,21.556909561157227,21.806900483811145,21.1338479997429,21.249228425583173,60422200
2000-11-16,21.21076202392578,21.999194701152398,21.21076202392578,21.364602546311463,92128600
2000-11-17,21.24921417236328,21.537665043481333,20.859805496353907,21.364594520810503,106525600
2000-11-20,20.672313690185547,21.076144934365914,20.172332149771755,20.96076457888581,80157200
2000-11-21,20.84539222717285,21.30691382629845,20.730011827391454,20.730011827391454,59487600
2000-11-22,20.999237060546875,21.383838471912203,20.30695452008929,20.326184590657554,76343200
2000-11-24,21.5184383392334,21.672278827807006,21.076146934584276,21.229987423157883,34439200
2000-11-27,21.74920654296875,22.229958234899975,21.7299764752915,21.979967355095738,85307600
2000-11-28,20.614635467529297,21.460758565077143,20.556945256332853,21.345378142684254,127446200
2000-11-29,20.01849937438965,20.653091573577793,19.460827441769766,20.55694124036747,98280400
2000-11-30,17.653202056884766,19.09545712689169,17.53782165128421,19.076227059291597,197200800
2000-12-01,17.422441482543945,18.653165825681707,17.249370871790198,17.864733043359077,109809800
2000-12-04,17.3647518157959,18.153184622493168,16.98015044667528,17.6147427057243,80407200
2000-12-05,18.422399520874023,18.61470014217751,17.92241790548496,18.210868837440188,101734400
2000-12-06,17.44167137145996,18.48009502532858,17.249370694817625,18.46086495766435,90560800
2000-12-07,16.345552444458008,16.61477330824908,16.076331580666935,16.44170275295482,145308400
2000-12-08,16.749393463134766,17.19168513896955,16.44171229733665,16.80708368172191,120939800
2000-12-11,17.864728927612305,18.07625962535583,16.922455819482053,17.07629632693189,95576200
2000-12-12,17.960880279541016,18.46086195755822,17.460898601523816,17.787809698688907,63106000
2000-12-13,17.61474609375,18.614709845796945,17.48013558866676,18.614709845796945,98360400
2000-12-14,17.07630157470703,18.0714576630979,17.03784143602526,17.8262742790016,71201400
2000-12-15,15.134064674377441,15.999417800612493,14.691773076523972,15.706159241166171,116899800
2000-12-18,14.711002349853516,15.384054744944853,14.461011460248162,15.076373650045955,107187400
2000-12-19,13.787958145141602,14.768691569691422,13.691807809401421,14.5956209653591,120271800
2000-12-20,12.76876449584961,13.537967176322477,12.730304361825965,13.172595903097864,149037800
2000-12-21,13.364892959594727,13.884104628528624,12.4033898689764,12.538000301662967,163173000
2000-12-22,14.287939071655273,14.499469798153534,13.768727288432268,13.768727288432268,109551800
2000-12-26,14.422557830810547,14.941769912719726,14.114876597086589,14.422557830810547,66941600
2000-12-27,14.287939071655273,14.403319467927052,13.845647552613455,14.191788741428791,69003800
2000-12-28,13.711037635803223,14.23024943968357,13.499506900889008,13.884108237096672,77619200
2000-12-29,13.345666885375977,14.095639520144944,13.230286480026907,13.518737493399586,99977600
2001-01-02,13.345666885375977,13.845648641888623,13.191826344910549,13.576427696074122,82413200
2001-01-03,14.749457359313965,15.037908285506546,13.268742604858717,13.28797266660489,135962200
2001-01-04,14.903302192687988,15.537894415086315,14.422550509052892,14.71100151923395,112397000
2001-01-05,15.114829063415527,15.345589812475307,14.634077502874321,14.922528439199045,93414600
2001-01-08,15.057141304016113,15.307132155806931,14.364858945210775,15.057141304016113,79817600
2001-01-09,15.941725730895996,16.191716604842497,15.307133512416423,15.384053781323036,114965400
2001-01-10,16.268640518188477,16.557091591206003,15.614818086015418,15.691738372153425,90230200
2001-01-11,16.922456741333008,17.153217515078456,16.095563968745143,16.307094678011808,101854800
2001-01-12,16.460939407348633,16.922461072975228,16.1532582969309,16.884000934173013,73712000
2001-01-16,16.1724853515625,16.460936338807965,15.730193837786116,16.422476207175237,68462400
2001-01-17,16.287864685058594,16.883996686518827,16.172484297679194,16.49939539525416,72844200
2001-01-18,17.07630157470703,17.28783233745678,16.191718385026263,16.518629563821328,109788800
2001-01-19,18.76854705810547,18.903157539054998,18.11472472206491,18.460865958792265,209348800
2001-01-22,18.49932289123535,18.768543806492417,18.153181714476272,18.6916235449904,76673000
2001-01-23,18.63393783569336,18.749318255728614,18.133956015540598,18.38394692561698,70295200
2001-01-24,19.36467170715332,19.518512197378968,18.691619562416115,18.76853980752894,110455000
2001-01-25,19.01853370666504,19.69158596119818,18.94161344900411,19.306984672893527,85657400
2001-01-26,19.69159698486328,19.787747360765934,18.768553376197815,18.768553376197815,93080000
2001-01-29,19.845428466796875,19.883888599484468,19.53774740529615,19.556977471639946,84983800
2001-01-30,19.499290466308594,19.922351995163414,19.345449910361385,19.84543171718981,57276800
2001-01-31,18.787778854370117,19.614671884808104,18.768548783894815,19.38391103910448,81898800
2001-02-01,19.191614151000977,19.26853444819938,18.576251773413773,18.710862293510974,71792800
2001-02-02,18.710847854614258,19.499280292475703,18.691617795154222,19.230059460035207,71100000
2001-02-05,19.056995391845703,19.095455523817137,18.53778361023134,18.691624138117078,51399200
2001-02-06,19.249300003051758,19.63390140171413,18.980079023988097,19.095459443586808,96442000
2001-02-07,19.90312385559082,20.018504283739173,19.018540573120116,19.076230787194294,126061800
2001-02-08,19.15314483642578,19.845427179911052,19.07622457603853,19.614666398749296,88041200
2001-02-09,18.19163703918457,18.941609390694296,17.99933643623336,18.86468914951381,100575200
2001-02-12,18.076261520385742,18.287792240305148,17.59550988420527,18.09549158583296,71289400
2001-02-13,17.903194427490234,18.787777610803392,17.883964358287773,18.34548601914681,76070600
2001-02-14,17.960880279541016,18.153180924932247,17.345518214289076,17.73011950507154,61728400
2001-02-15,18.095491409301758,18.51855284501338,17.80704043040747,18.153181605080615,65627800
2001-02-16,17.63397216796875,17.922423184892995,17.26860087986471,17.537821828994,66958400
2001-02-20,17.191680908203125,17.922423497142407,17.037840363163273,17.65320254332267,60730800
2001-02-21,17.307056427001953,17.86472824520535,16.980145361158584,16.999375423855252,63947200
2001-02-22,16.980152130126953,17.480133959553115,16.576320652513516,17.32629339665276,100816400
2001-02-23,17.46089744567871,17.691658204872702,16.710924978298237,16.74938510483057,92620600
2001-02-26,18.32625961303711,18.441640051314362,17.6532070564198,17.730127348604633,87936800
2001-02-27,18.268566131591797,18.826238150345652,18.052227848454525,18.268566131591797,99148600
2001-02-28,18.153182983398438,18.484901634313292,17.903192116042316,18.326253583875754,84608400
2001-03-01,18.26375961303711,18.30702727203088,17.307063597508186,18.01857621207241,81781600
2001-03-02,17.44167137145996,17.883962927737336,17.364751100803026,17.691662251095,79800800
2001-03-05,17.67243766784668,18.03780906685548,17.403216636998092,17.614747446950553,49383600
2001-03-06,18.287796020507812,18.46086664530757,17.96088484033049,18.03780511801927,66781800
2001-03-07,18.672407150268555,18.807017706449688,18.24934540227071,18.422416117360736,59743600
2001-03-08,18.230106353759766,18.643552858618243,17.98011544384534,18.557017543647863,54626000
2001-03-09,17.44167137145996,17.90319299540157,16.883999409197184,17.826272724744637,103794400
2001-03-12,15.980179786682129,16.922452722358933,15.884029487123273,16.826302422800076,114376000
2001-03-13,16.672466278076172,16.845536862277655,15.999414006181517,16.057104200915344,91035600
2001-03-14,16.614770889282227,16.99937206727487,16.057099181192893,16.153249475691055,90686200
2001-03-15,16.518630981445312,17.254181196858912,16.460940768471694,17.018612827216646,71638400
2001-03-16,16.78784942626953,16.960920038911485,16.148449662897868,16.1532571799157,112848800
2001-03-19,16.71092414855957,17.076295332475144,16.345552964644,16.76861433549361,61036400
2001-03-20,16.21094512939453,17.268598726211493,16.19171506399786,16.787847091294694,91822800
2001-03-21,15.403284072875977,16.38401751571827,15.30713373534242,16.076336435610884,124988600
2001-03-22,16.614770889282227,16.63400094818186,15.537887590902823,15.557117649802455,126363200
2001-03-23,17.40321922302246,17.537829758449153,16.730166545888995,16.903237234294743,99519600
2001-03-26,17.249364852905273,17.691656259390026,17.095524363693187,17.57627589248096,63118600
2001-03-27,17.922426223754883,18.018576579032537,17.191683523644706,17.2493737368113,95135600
2001-03-28,17.095537185668945,17.826280057497314,17.037846958945654,17.653209377327435,78681600
2001-03-29,17.037845611572266,17.595517759129372,16.787854648874255,17.037845611572266,86985000
2001-03-30,16.826303482055664,17.28782494899205,16.576312687465123,17.153214521135602,91201600
2001-04-02,17.17244529724121,17.518586411855257,16.807074120704165,16.864764306473173,75924000
2001-04-03,16.422483444213867,17.018615747223972,16.23018270130738,17.018615747223972,94187600
2001-04-04,15.980179786682129,16.922452722358933,15.710958947917328,16.422471164652876,104046600
2001-04-05,17.46089744567871,17.65319807834037,16.46093415583808,16.537854408902742,113364000
2001-04-06,17.287832260131836,17.595513368209822,16.9416910135441,17.34552246789646,92622000
2001-04-09,17.583974838256836,17.667047700047465,17.12552949576185,17.40551924191201,56295600
2001-04-10,18.36240577697754,18.488554964782203,17.77781129278416,17.83011768337688,109199400
2001-04-11,18.473175048828125,18.922389210175965,18.36856341925435,18.660860723096697,109879600
2001-04-12,19.131607055664062,19.171605919282438,18.26086915388182,18.325483063945352,87520000
2001-04-16,18.70393180847168,18.94700012612455,18.497784889161622,18.891617441755287,65857400
2001-04-17,18.916229248046875,19.110068622147637,18.473168995240812,18.62085574617617,85149200
2001-04-18,20.13157081604004,20.402329289866657,19.38390578473214,19.503901204177353,156696400
2001-04-19,20.934614181518555,21.229987640919255,20.230024454933925,20.24848456257785,159375600
2001-04-20,21.229997634887695,21.876127528204485,21.076157072316047,21.62998403654226,192919600
2001-04-23,20.999237060546875,21.06692728453449,20.583868005756468,20.956161890267616,92171200
2001-04-24,20.783855438232422,21.5161354770731,20.657705083569997,20.983846238675664,89176600
2001-04-25,21.442302703857422,21.473070353117173,20.69155985532943,20.790017741413333,76744000
2001-04-26,21.26999282836914,21.845357309623534,20.999234315236706,21.559213803079537,118737600
2001-04-27,20.65154266357422,21.43920500917263,20.371551920382277,21.393052405112325,121572400
2001-04-30,20.84539222717285,21.248453672568065,20.823854646443802,21.085383083130925,74368200
2001-05-01,21.58997344970703,21.629973478800608,20.79923343795132,20.817695892694335,83702800
2001-05-02,21.463830947875977,21.89150742441625,21.337680589188484,21.845354796910577,92864400
2001-05-03,21.08538818359375,21.593062534920154,20.96539272658834,21.306918980348602,66273400
2001-05-04,21.7684326171875,21.860737864072878,20.91000227186526,20.92230979461131,119538400
2001-05-07,21.962284088134766,22.199199936153448,21.753060769881223,21.793060829828494,109356200
2001-05-08,22.1715030670166,22.183810594789925,21.768441508979098,22.076122661049475,75084000
2001-05-09,21.66074562072754,21.937659025383695,21.494597577933845,21.91919656679326,76676600
2001-05-10,21.53767204284668,21.91919586175666,21.52536451998894,21.885350760752875,64334600
2001-05-11,21.353065490722656,21.537673652546168,21.122304701588234,21.52536612876858,51128800
2001-05-14,21.143844604492188,21.291530211209675,21.014619111759284,21.269992629087525,44968000
2001-05-15,21.00538444519043,21.322297901458636,20.92231159378585,21.149994915617057,61385600
2001-05-16,21.27922248840332,21.500750871983698,20.716165605013753,20.830006090863368,91893800
2001-05-17,20.974620819091797,21.580752984666933,20.78386003220622,21.260764346840748,106984800
2001-05-18,20.95000457763672,21.29153077999758,20.691553585266583,20.8269340178912,90605400
2001-05-21,21.165382385253906,21.53459875293316,20.84539377113569,20.93769903676571,103491600
2001-05-22,21.633060455322266,21.645367982756756,21.285381608126073,21.36845448403283,83455600
2001-05-23,21.445371627807617,22.029966184477857,21.386913815334935,21.6576723369603,93637400
2001-05-24,22.066892623901367,22.08535274186916,21.313072392130792,21.519220548261732,80781600
2001-05-25,21.817670822143555,22.122274494275228,21.648445255725505,22.048431677756813,52747600
2001-05-29,21.64228057861328,22.076111918689783,21.553055153660853,21.78381590542416,71210800
2001-05-30,21.288448333740234,21.71612471972563,21.122300318351574,21.40228879707383,86501800
2001-05-31,21.28537940979004,21.654595805009023,21.045388518155644,21.380759803280483,70682600
2001-06-01,21.64228057861328,21.753045927253247,21.137683922551094,21.414597294151015,57587600
2001-06-04,21.777660369873047,21.851503151122103,21.476134310444593,21.706895055840114,43736600
2001-06-05,22.33765411376953,22.485342119086127,21.69152407877949,21.771521846135197,89454200
2001-06-06,22.2637996673584,22.6084032683322,22.01457878256752,22.426870238760827,80022800
2001-06-07,22.669939041137695,22.68532403205145,22.177649848358058,22.189957371605054,66960000
2001-06-08,22.519166946411133,22.69146750783892,22.16841089069366,22.676082523103254,51867000
2001-06-11,22.189964294433594,22.414570208358754,22.00227861434777,22.414570208358754,47345600
2001-06-12,22.177650451660156,22.279185760644925,21.786894207053365,21.851506945292734,66714600
2001-06-13,21.749980926513672,22.245347758561067,21.734595930270373,22.168427472186263,55302400
2001-06-14,21.19923210144043,21.706906477930826,21.04539152355976,21.60537113314856,71972400
2001-06-15,20.928466796875,21.014619474270166,20.430024931329655,20.77155113045836,108354400
2001-06-18,20.577709197998047,20.91000531829451,20.310028168387245,20.90692785030465,56846800
2001-06-19,20.71308708190918,21.1838386875903,20.56847662057289,20.986923013938327,63457400
2001-06-20,21.35614585876465,21.41152620215443,20.645400935463176,20.65770846091217,64108400
2001-06-21,21.48844337463379,21.70689898555236,21.205377372417768,21.276145046681833,69603800
2001-06-22,21.17768669128418,21.725358570639116,21.100766430758597,21.53767294716309,51092000
2001-06-25,21.1838436126709,21.47921719182094,20.8515474558444,21.260763888931447,49215600
2001-06-26,21.58074378967285,21.602281364416253,20.83000144589781,20.866924008637756,63077000
2001-06-27,21.888429641723633,22.008425063060074,21.340757749999344,21.494598274525046,69199800
2001-06-28,22.38072395324707,23.429917696477084,21.700748961508076,22.01458501764647,128975600
2001-06-29,22.460716247558594,22.586866602559944,21.968427045863244,22.33764336027974,94283800
2001-07-02,21.7222900390625,22.506877958155474,21.583834452126577,22.16842914209575,72810200
2001-07-03,21.682287216186523,21.783822541273093,21.51613914261408,21.629981993234217,28037400
2001-07-05,21.07923126220703,21.759206161320765,21.057693680693756,21.605365622677287,49242600
2001-07-06,20.325414657592773,21.045389721068926,20.205419204916872,21.01462207761216,67467800
2001-07-09,20.211570739746094,20.58694203002443,20.011577569811863,20.368486399187436,66476600
2001-07-10,19.839277267456055,20.383871751576606,19.799277224311467,20.27618384199575,66562600
2001-07-11,20.46078872680664,20.537708985178096,19.753121410821272,19.75619887843373,73822600
2001-07-12,22.029970169067383,22.168428096896303,21.639216136137048,21.753056660830456,128078000
2001-07-13,21.949970245361328,22.153040913833394,21.826899673776577,21.968432709035586,58934600
2001-07-16,21.90073013305664,22.202258497171183,21.58381912988096,21.983802956761007,55990800
2001-07-17,22.0976505279541,22.156110672307957,21.580746325943835,21.74074176920075,63241000
2001-07-18,21.713056564331055,21.99920010008918,21.49768071910264,21.72228662235218,57590800
2001-07-19,22.32842254638672,22.4607255441739,21.913053433889633,21.913053433889633,76549400
2001-07-20,21.28537940979004,21.353069629978325,20.90385548840768,20.931545661709837,124203600
2001-07-23,20.64232635498047,21.303841269027842,20.41464297087374,21.303841269027842,79999400
2001-07-24,20.405412673950195,20.919239603366325,20.214649526163626,20.614635938566806,67530200
2001-07-25,20.7623233795166,20.77462855880515,20.18695882981803,20.38695203085705,74065400
2001-07-26,20.488483428955078,20.71309166599,20.153112154970096,20.651556384637686,77974000
2001-07-27,20.143882751464844,20.383873642918704,20.01465724797747,20.322338359568697,65396000
2001-07-30,20.24541664123535,20.57771043407195,20.165418900635604,20.19926400829625,42196400
2001-07-31,20.36541175842285,20.734628121293312,20.260798968909974,20.31002906925024,59031600
2001-08-01,20.451555252075195,20.556165659208865,20.233102036514058,20.553090539530537,55679000
2001-08-02,20.75309181213379,20.78078433520326,20.386952854283386,20.67924899631651,54198400
2001-08-03,20.580785751342773,20.72539622397581,20.306949797921984,20.706936111697612,43260400
2001-08-06,20.346952438354492,20.651558449540705,20.208496867757667,20.47002536078542,27831600
2001-08-07,20.414634704589844,20.630012821735818,20.30386935232502,20.319254341913958,31347800
2001-08-08,19.95619773864746,20.688477963126314,19.8423548785619,20.463872058870244,54996400
2001-08-09,20.00235366821289,20.168501782943025,19.78390031757356,19.993123608631393,45536200
2001-08-10,20.15926170349121,20.26387448291589,19.353138841230027,19.928500912095195,51756400
2001-08-13,20.254648208618164,20.303875965982208,19.922352043583626,20.073115131500543,32675400
2001-08-14,19.903888702392578,20.334640312347968,19.830043557182897,20.23002987776458,36481200
2001-08-15,19.44544219970703,20.01465283486953,19.44544219970703,19.910040059336282,39503000
2001-08-16,19.882341384887695,19.910031540215424,19.291593423329267,19.334668563229556,43905600
2001-08-17,19.039306640625,19.731587936241986,18.9223874949442,19.623900021608513,52234200
2001-08-20,19.291603088378906,19.306986906949195,18.79931267815891,18.971614497792427,48371200
2001-08-21,18.70086097717285,19.445450012538178,18.67932338935378,19.291609428853082,47111800
2001-08-22,18.6639347076416,18.81469895684279,18.177799200063685,18.808545194251902,78107200
2001-08-23,18.19011116027832,18.93162276231993,18.153189747058853,18.667016757874194,51813200
2001-08-24,19.091604232788086,19.16237071607719,18.223943978603728,18.33778561052883,63399000
2001-08-27,19.171606063842773,19.494670921756402,18.9439215773483,19.045456884135167,44562800
2001-08-28,18.688549041748047,19.368523936892437,18.639320116617913,19.18083829304938,47422800
2001-08-29,18.537782669067383,18.860847526483397,18.319329412250934,18.783927266445776,48170000
2001-08-30,17.519359588623047,18.35625246913392,17.390134103449522,18.165490535621046,97632000
2001-08-31,17.553203582763672,17.86396209903658,17.322442796381036,17.491667138319624,57900800
2001-09-04,17.260906219482422,18.17779676987168,17.25167616368516,17.596278606733378,67189200
2001-09-05,17.765499114990234,17.965491034405947,17.042448156060367,17.285516395715035,89470600
2001-09-06,17.236291885375977,17.96549561661825,17.19937048946384,17.40243992754561,112356800
2001-09-07,17.04553985595703,17.64859475833662,17.017848499535997,17.263993237883717,89863800
2001-09-10,17.716285705566406,17.830127431505524,16.830163438589548,16.89785251075594,84471800
2001-09-17,16.27940559387207,16.95322672403717,16.24556048790626,16.620931774130458,127502000
2001-09-18,16.71323585510254,16.922459079436017,16.35940215032118,16.433246124554824,83182600
2001-09-19,16.574779510498047,16.830155371196245,15.568662234438834,16.756311395298518,126950200
2001-09-20,15.61789321899414,16.18710399829007,15.59020187109639,16.107106249380863,117983200
2001-09-21,15.294829368591309,15.568665398636123,14.614854322840191,14.744079839787462,184976600
2001-09-24,16.002487182617188,16.13786756439291,15.34405007612185,15.584042037583453,85580200
2001-09-25,15.784045219421387,16.30710349065626,15.433288841567009,16.08249635700759,84940600
2001-09-26,15.467126846313477,15.93787848702556,15.245596110114807,15.848650698977755,58524400
2001-09-27,15.371744155883789,15.593274875647396,14.768689611760628,15.414819312791156,81191200
2001-09-28,15.74404525756836,15.873271962187442,15.070223902736965,15.267139668146475,116641200
2001-10-01,15.934806823730469,16.153260155572468,15.510206513859359,15.673277145556849,69999600
2001-10-02,16.322486877441406,16.476327472278196,15.8640425621057,15.885580151486003,80860800
2001-10-03,17.3008975982666,17.516274472122475,16.122480311729156,16.147094174441794,97199200
2001-10-04,17.365522384643555,17.96857828555909,17.29475586628165,17.513209184752352,101778000
2001-10-05,17.759355545043945,17.845505887534372,16.904001188863198,17.27937255036073,80844400
2001-10-08,17.857807159423828,18.04549277442999,17.457822057483305,17.47628216800196,60605800
2001-10-09,16.787078857421875,17.713198320626674,16.673236021498198,17.69166074057843,99477600
2001-10-10,17.079378128051758,17.153222111871724,16.307099048057424,16.491707247041877,86349200
2001-10-11,17.328601837158203,17.48859617196916,16.796313601925235,17.156299974967077,83742600
2001-10-12,17.347063064575195,17.427059644831928,16.784006012957885,17.1378397947217,63307000
2001-10-15,17.86396598815918,17.999345256441146,17.183989830896014,17.199374825638998,68437000
2001-10-16,17.98395347595215,18.125486444748653,17.60242854516397,17.805497944566284,66169000
2001-10-17,17.239370346069336,18.245487607382465,17.223986526981584,18.19010491969843,73710600
2001-10-18,17.46089744567871,17.716273249234153,17.076296180355392,17.334748277601058,78348000
2001-10-19,17.814735412597656,17.848579346262134,17.116299204034508,17.660894869047453,91219600
2001-10-22,18.510089874267578,18.516243635432325,17.682428363823252,17.814731294590437,72323600
2001-10-23,18.593164443969727,18.903921762943163,18.276253363648014,18.60547196666629,80325000
2001-10-24,18.867006301879883,18.959310403712063,18.34394815988373,18.614707875807092,79141400
2001-10-25,19.248525619506836,19.260831968661783,18.328558825278023,18.648547377506304,75318200
2001-10-26,19.13776206970215,19.577746077167976,19.10084067132819,19.174683468076108,64509400
2001-10-29,18.35009765625,19.13776156773183,18.319330020697066,19.10699275846883,55129400
2001-10-30,18.116262435913086,18.319331903074747,17.90396173816895,18.128568787172746,57395600
2001-10-31,17.89165496826172,18.685471530879067,17.87626997555432,18.24548750003897,64700000
2001-11-01,19.026994705200195,19.153143878980824,18.337788690150667,18.485476615576257,109671200
2001-11-02,18.891618728637695,19.390061748204527,18.617781582287165,19.054689324994275,83360000
2001-11-05,19.46698760986328,19.700824780746192,18.99931209438696,19.033157210607886,66401600
2001-11-06,19.93157958984375,19.980809688425023,19.125455504937836,19.291603566519175,68612000
2001-11-07,19.768510818481445,20.014656639236193,19.700820600402864,19.759280761001733,58899000
2001-11-08,19.820817947387695,20.32541481575145,19.58698080364975,19.833125474350318,74227800
2001-11-09,20.063888549804688,20.199269013996705,19.66390326881387,19.79620509035802,48013600
2001-11-12,20.242340087890625,20.44233327471825,19.583902713968683,19.906966464302048,57752800
2001-11-13,20.89154815673828,20.90693080402027,20.491561768676807,20.553099400066593,60159600
2001-11-14,20.29157066345215,21.0269284154581,20.242342900693448,20.993085648985723,88625600
2001-11-15,20.3438777923584,20.63002134604012,20.137729644817647,20.337722855011677,77922000
2001-11-16,20.230030059814453,20.49463596397979,19.98388426840755,20.417715697592662,59249000
2001-11-19,20.473102569580078,20.605405548715748,20.214649201012868,20.38387476063549,56005000
2001-11-20,20.122337341308594,20.86077219140995,20.008494529225658,20.44540097437691,65921800
2001-11-21,19.70697021484375,19.876193366918464,19.53159095412117,19.80235057960259,50785200
2001-11-23,19.91004180908203,19.9408094466769,19.57466939497334,19.80850649234071,15754600
2001-11-26,20.042346954345703,20.21772508997021,19.814663594350147,19.996194319198086,41983600
2001-11-27,19.611595153808594,20.02081043409281,19.30699032782157,19.93466009586673,90819000
2001-11-28,19.322372436523438,19.72851255974561,19.300834853875852,19.436214112476424,54536600
2001-11-29,19.950040817260742,19.96850327896995,19.368524916670168,19.420830138768654,54034400
2001-11-30,19.75620460510254,20.02388802689895,19.670054266341584,19.894662518757514,48234200
2001-12-03,19.92851448059082,20.07004992807571,19.63006445197263,19.63929568803649,47211800
2001-12-04,20.30695152282715,20.331566572902375,19.722356994352594,19.99927043914795,51005800
2001-12-05,20.953088760375977,20.974626349975313,20.06081283176406,20.45772185217002,74243000
2001-12-06,21.12230682373047,21.229994733328496,20.783858101813653,20.916161061439908,56026200
2001-12-07,20.870006561279297,21.180762737241416,20.47617518576362,20.9992320412291,42334800
2001-12-10,20.63309097290039,21.060767455200185,20.57155570034423,20.774623977715702,38367400
2001-12-11,20.71308708190918,20.962307967876832,20.636166823532005,20.817699853960537,54334000
2001-12-12,20.90692901611328,20.91616142059768,20.38387210484394,20.663863022026995,47884200
2001-12-13,20.39002227783203,20.996154325700417,20.32848700641621,20.654628170276304,53227800
2001-12-14,20.750017166137695,20.90693285991567,20.285417979995767,20.31310815627864,43000600
2001-12-17,21.223840713500977,21.2638384065347,20.66386127392783,20.666936394408737,57079800
2001-12-18,21.313068389892578,21.353068434539328,21.106922619893272,21.205380476267603,47255200
2001-12-19,21.380760192871094,21.503833109326866,21.060771549054344,21.113079123056973,56996200
2001-12-20,20.54079246520996,21.306917805561756,20.497717295707172,21.27615016269129,78585000
2001-12-21,20.780776977539062,20.928462556883904,20.614628940211144,20.925387436736692,84307600
2001-12-24,20.697708129882812,20.931546440850042,20.67617054515035,20.83616604380923,11701600
2001-12-26,20.82386589050293,21.251542615494117,20.734638051468735,20.743868112847874,29328000
2001-12-27,20.87615203857422,21.140757844008593,20.69462140439588,20.91615206451948,32406600
2001-12-28,20.88231086730957,21.183836940728455,20.83000331188728,20.993076218032368,28787200
2001-12-31,20.38387107849121,21.070000903884978,20.38387107849121,20.87308285761326,43006200
2002-01-02,20.626943588256836,20.648481173826887,20.15619182692521,20.50694813330645,48124000
2002-01-03,21.300765991210938,21.306918581040687,20.642326203231097,20.64848114048161,67590800
2002-01-04,21.19923210144043,21.50999072603724,21.128464402750115,21.30692003647271,52731400
2002-01-07,21.09461784362793,21.54383201859455,21.030005087032123,21.460759145091593,58508800
2002-01-08,21.346914291381836,21.494602255141913,20.92231521013001,21.134615924466196,47736400
2002-01-09,21.14076805114746,21.72844007757049,21.09154029591827,21.451526618717246,76304000
2002-01-10,21.316143035888672,21.47613849845157,20.962309354464725,21.069999601252125,50296600
2002-01-11,21.10999870300293,21.636133058552076,20.953080697776596,21.389987260056664,72993200
2002-01-14,21.066919326782227,21.24229741022122,20.842311154522545,21.01461411797512,50997800
2002-01-15,21.399219512939453,21.42075709409912,21.07615344812418,21.12538354644358,60717400
2002-01-16,20.88231086730957,21.488440481506252,20.876155932591747,21.183836940728455,61955400
2002-01-17,21.494600296020508,21.53767545914517,21.045386203848775,21.085383898915868,78958000
2002-01-18,20.337717056274414,20.876158896971496,20.128493847135314,20.64539810810132,107140400
2002-01-22,19.8331241607666,20.500791609177966,19.76851140905782,20.494639019814525,76837200
2002-01-23,19.611595153808594,19.9100450428248,19.457754593427545,19.70697672378056,80403000
2002-01-24,19.87619972229004,20.054655333832432,19.630055063016325,19.72235916353018,83886000
2002-01-25,19.630048751831055,19.953113586617306,19.540820974747152,19.75004533500075,48981200
2002-01-28,19.63620948791504,19.814665105471047,19.356219708485376,19.76235987711106,41622000
2002-01-29,19.17469024658203,19.84543528499498,19.073156071732452,19.66082705415365,58666000
2002-01-30,19.337759017944336,19.353144013784114,18.870084721917017,19.21468726719887,66100000
2002-01-31,19.60236167907715,19.633130491858857,19.11314870609483,19.40236967769192,69566200
2002-02-01,19.279298782348633,19.845432085695172,19.22083979253889,19.73774416401661,63462200
2002-02-04,18.805471420288086,19.28853072831886,18.69162972426891,19.199304087498657,70308400
2002-02-05,18.8146915435791,19.14698637658647,18.614698446161242,18.707002501234967,66772600
2002-02-06,18.583934783935547,19.042378863885318,18.53778215969712,18.956228550597572,66103000
2002-02-07,18.399330139160156,18.95623337067183,18.383946318405638,18.553170694125892,63314000
2002-02-08,18.660860061645508,18.6639363563576,18.10088052722026,18.49778827285728,61283000
2002-02-11,18.808544158935547,18.84238926446731,18.334715028911123,18.46394051507589,50899600
2002-02-12,18.503948211669922,18.722401594156594,18.467026794250792,18.611637341899204,44973800
2002-02-13,19.02083969116211,19.03930097405198,18.44547653875817,18.54085689941445,54168600
2002-02-14,18.977773666381836,19.38083640052518,18.867008263184555,19.076231541732653,57267000
2002-02-15,18.531627655029297,19.09468448383345,18.522397600035767,18.983919129071328,50179800
2002-02-19,18.131649017333984,18.503942901558293,18.030113681430795,18.43317638276684,52262600
2002-02-20,18.430091857910156,18.57162483229118,18.091642063078766,18.27625136218039,50492000
2002-02-21,17.860891342163086,18.54394390208687,17.848583813907947,18.37471949656544,59398400
2002-02-22,17.84242057800293,18.076257606781756,17.583968507400126,17.86088068566112,71347800
2002-02-25,18.177799224853516,18.427020154718132,17.81165797931283,17.82704179895592,51832200
2002-02-26,18.014726638793945,18.46086443060903,17.814734645021773,18.18395099466583,63276200
2002-02-27,17.965499877929688,18.507019290399658,17.842428137794,18.17472312724168,65750000
2002-02-28,17.95010757446289,18.36855387534215,17.888571146620105,18.08548677674923,68068000
2002-03-01,18.882383346557617,18.897767162390178,18.107027056755364,18.168563493795528,62115600
2002-03-04,19.476215362548828,19.53775182350667,18.728550120130404,18.842392983701043,74464200
2002-03-05,19.40852165222168,19.654666263248096,19.180837153453442,19.383906604263995,55926400
2002-03-06,19.577749252319336,19.599286836006318,19.13468770513501,19.356218478727175,49835400
2002-03-07,19.297752380371094,19.654662287592814,19.03314653689968,19.590048386628737,58079200
2002-03-08,19.67620277404785,19.906962380704982,19.436210764343198,19.577744934988,57701800
2002-03-11,19.796205520629883,19.999276221331662,19.38391387605992,19.540830757671582,43718200
2002-03-12,19.24237060546875,19.322367151463357,18.97468728227662,19.23621684443687,66407200
2002-03-13,19.106998443603516,19.39006570449719,19.06084697654211,19.10084585363032,44387400
2002-03-14,18.83623504638672,19.150069871390958,18.783928655364292,19.119301060874793,51819600
2002-03-15,19.22699546813965,19.233148058238687,18.759319982013633,18.768550040872626,69086800
2002-03-18,19.11930274963379,19.38083238042595,18.83008294749644,19.303912107906527,52296800
2002-03-19,19.146997451782227,19.383912073526126,18.922390357489792,19.1316136293231,36376400
2002-03-20,18.49162483215332,19.08237287308375,18.49162483215332,18.891611010590765,55235200
2002-03-21,18.87931251525879,18.9500790275315,18.408560807061495,18.525478780184972,46123400
2002-03-22,18.59931755065918,18.811617028007525,18.52855105820973,18.78392568976992,41341400
2002-03-25,18.22395896911621,18.70086463713348,18.199345081238857,18.608560503599612,47752400
2002-03-26,18.177799224853516,18.7439312994646,17.94088464647725,18.18395181374259,69357200
2002-03-27,18.28856658935547,18.42394704250241,18.027038089120463,18.091650847007642,47318400
2002-03-28,18.556249618530273,18.660861251063803,18.356256411898112,18.44548422247002,43901200
2002-04-01,18.577781677246094,18.583935438942113,18.21471795315127,18.408557338590718,47010000
2002-04-02,17.623971939086914,18.180875118074397,17.571666718712656,18.122416135236666,76509400
2002-04-03,17.331676483154297,17.725507905495483,17.076300613304156,17.673201509503794,76931400
2002-04-04,17.36859703063965,17.528591331517937,17.05168472322047,17.223986548868663,61763800
2002-04-05,17.190135955810547,17.630119849363002,17.180905902034272,17.503970695011517,50166000
2002-04-08,17.605520248413086,17.633211605892,16.69478292116811,16.707090451983348,73389600
2002-04-09,16.882457733154297,17.67012158995616,16.860920155020377,17.63935395653913,63413000
2002-04-10,17.32244110107422,17.571663148512304,16.94091729553807,16.9593774054676,75636400
2002-04-11,16.857845306396484,17.368595811392087,16.76861751864356,17.196293997839202,58165800
2002-04-12,17.20859718322754,17.310131295578213,16.879378630859634,16.968606396117046,52297600
2002-04-15,17.13475227355957,17.460894514336417,17.045525687003494,17.230133793882633,47388800
2002-04-16,17.78704261779785,17.8762692337634,17.34090484312969,17.353212367300834,51921600
2002-04-17,17.42397117614746,17.93164400005855,17.35935728963803,17.830109904760167,55158600
2002-04-18,17.343984603881836,17.633205611160225,16.20864168064851,17.473211286087366,74794800
2002-04-19,17.59935760498047,17.83934846626011,17.49474599324393,17.673200405200287,104268600
2002-04-22,17.103986740112305,17.4455128359723,16.922454904191675,17.390130162389063,51465200
2002-04-23,16.6116943359375,17.174749841365013,16.399393737838746,17.137828457495086,68281400
2002-04-24,16.313249588012695,16.747079826249244,16.307095826101033,16.568624251941266,61220400
2002-04-25,16.531705856323242,16.753236630532555,16.27017738298969,16.27633114601887,57290400
2002-04-26,15.845576286315918,16.753235745225574,15.833268760907936,16.636316601270202,62776600
2002-04-29,16.073261260986328,16.279407035638542,15.827115440784526,15.83634667195376,70246000
2002-04-30,16.079404830932617,16.399393278739634,15.974793268138384,16.03017592924766,77384000
2002-05-01,16.230182647705078,16.365561947728324,15.587128918601135,16.048650700052466,76413000
2002-05-02,15.75634479522705,16.636312702606347,15.737884685151368,16.1963287489167,79009200
2002-05-03,15.248668670654297,15.900951971676836,15.233283683817163,15.771725359245087,71628000
2002-05-06,14.959446907043457,15.55019491952199,14.882526672388572,15.211745182814711,66299400
2002-05-07,15.220983505249023,15.473281898643954,14.876379848267014,15.131755709760279,88385400
2002-05-08,16.913236618041992,16.913236618041992,15.75943207175848,15.774815897633458,101242000
2002-05-09,16.03633689880371,16.922458701253646,15.968647862121584,16.737850530360387,83288200
2002-05-10,15.399442672729492,16.205567027758384,15.380982553285893,16.162491850775925,64408800
2002-05-13,16.211715698242188,16.279405911494486,15.307133744708636,15.522510735657628,64819000
2002-05-14,16.885534286499023,16.95322331109365,16.608620905898544,16.737847541415405,64832400
2002-05-15,16.845537185668945,17.365517728316537,16.57170124386903,16.765540630534716,70412000
2002-05-16,17.150144577026367,17.23937120164765,16.81477213994435,16.83323225428175,53406400
2002-05-17,17.239370346069336,17.35321318948106,17.005533244289083,17.294753033753373,54646200
2002-05-20,16.617856979370117,17.091686191694482,16.460940122670667,17.07630237024714,52115800
2002-05-21,16.05787467956543,16.799386014032308,16.03941456647232,16.599394022026054,63120000
2002-05-22,16.519399642944336,16.52863087507679,15.953266310086379,15.959420073604555,54169400
2002-05-23,16.867074966430664,16.87322872823914,16.310171846718966,16.522472521126268,51412800
2002-05-24,16.387094497680664,16.774773332160464,16.319405455339762,16.657854188174944,35982000
2002-05-28,16.097877502441406,16.519400344807522,15.92249934270841,16.488632699619792,49602000
2002-05-29,16.014801025390625,16.220947972786025,15.86096047534132,15.891729289577333,45393200
2002-05-30,16.196327209472656,16.417857899004176,15.82403349133984,15.888646217883254,63213000
2002-05-31,15.664040565490723,16.43631940355103,15.654810510546119,16.276326307198165,66468000
2002-06-03,15.205598831176758,15.888651223273898,15.128678559047268,15.688659219963348,88439000
2002-06-04,15.377899169921875,15.762500493220372,15.150215843806818,15.230212402620463,88008400
2002-06-05,15.894804000854492,15.922495344053424,15.485588788814852,15.516356426275829,66969400
2002-06-06,15.968647956848145,16.042490756159438,15.38405345603477,15.845575059715815,78703400
2002-06-07,15.99325942993164,16.18402133549604,15.340975990004695,15.35020604510476,97834400
2002-06-10,16.2517147064209,16.399401485381667,15.833268245843625,15.891728402774682,71825400
2002-06-11,16.174795150756836,16.670161903965965,16.128642516793036,16.38094209576217,74368200
2002-06-12,17.088603973388672,17.162446760223595,16.153253399606772,16.177868444358367,136198600
2002-06-13,16.682462692260742,17.07014020089316,16.676308931970098,16.87322456643163,79771600
2002-06-14,16.99937629699707,17.091680367940132,16.30709400435918,16.35324662668568,109433600
2002-06-17,17.131681442260742,17.36551853043959,17.036299891528397,17.12552768024155,94486600
2002-06-18,17.22706413269043,17.31936822166473,17.030147256179045,17.08552994430566,77518400
2002-06-19,16.725540161132812,17.211675554443755,16.713232638843948,17.06706627553432,81247000
2002-06-20,16.645549774169922,16.95323092469957,16.584014483032345,16.72862382565818,86401200
2002-06-21,16.08556365966797,16.783999729358406,16.08556365966797,16.430167253772918,116820000
2002-06-24,16.664005279541016,16.81169203966913,15.95326164607131,16.027105612990383,104523200
2002-06-25,16.291709899902344,16.922455742848346,16.245557278392425,16.830151673538428,84025200
2002-06-26,16.65477752685547,16.734774092845598,15.707119217852789,15.707119217852789,112131400
2002-06-27,16.897846221923828,16.903999985050678,16.264023878092456,16.79938835931487,95812400
2002-06-28,16.83015251159668,17.165524879966863,16.614775556675557,16.78399988778859,89555600
2002-07-01,16.202486038208008,16.734774179309625,16.177872161510873,16.651700144750155,66473800
2002-07-02,15.827109336853027,16.282477050671442,15.793265414652375,16.116330211935257,82814200
2002-07-03,15.950182914733887,16.15940608637169,15.522506517145098,15.765574786211053,80936600
2002-07-05,16.87630844116211,16.89169343565509,16.322482677013316,16.334790203123582,35673600
2002-07-08,16.28247833251953,16.900917814074464,16.17786791686595,16.740923549535623,63199400
2002-07-09,16.3717098236084,16.839385201440166,16.29786702241453,16.40247863553098,85277200
2002-07-10,16.073261260986328,16.676315938318176,16.039416152023065,16.519397919254015,90673400
2002-07-11,16.27940559387207,16.32863451881048,15.768655057494792,16.011723387876366,129550600
2002-07-12,15.956335067749023,16.53169814492435,15.839415972153432,16.420932809487443,95733800
2002-07-15,15.937877655029297,15.95633893998549,14.768689936467615,15.811728475437036,136965600
2002-07-16,15.76865291595459,16.24555828159756,15.580967298332068,15.787114200440573,97154600
2002-07-17,15.999415397644043,16.39940054784312,15.744039550031559,16.159409692465697,98034800
2002-07-18,15.725578308105469,16.22709873723554,15.587121603902684,16.01787553393134,91053600
2002-07-19,15.248668670654297,15.657883733650472,15.017907952613758,15.344049016270175,112543400
2002-07-22,14.617919921875,15.38096963263884,14.122554628993415,15.060981195700398,180069800
2002-07-23,13.23336124420166,14.399472687780078,13.221054894407171,14.304092314895064,168061600
2002-07-24,14.22409725189209,14.264096123923908,12.741074429219715,12.845686051195827,202307800
2002-07-25,13.177985191345215,14.064106123731882,13.057988548064232,13.984109535255088,163411400
2002-07-26,13.953340530395508,13.971801823052413,13.439513542072055,13.457974834728958,123538000
2002-07-29,14.845609664916992,14.86099348164123,14.322551680322997,14.414855754378413,112148600
2002-07-30,14.799456596374512,15.024064773897823,14.562543243777496,14.63023227007238,122690600
2002-07-31,14.762540817260742,14.76869458084801,14.264097703796033,14.648699125172282,93875600
2002-08-01,14.07641315460205,14.796387120277657,13.999492864139745,14.639470244167168,92002800
2002-08-02,13.66411304473877,14.10717325836691,13.476427448570295,14.002561672324312,85947600
2002-08-05,13.534893989562988,13.897956658289846,13.479511289956596,13.627198097670169,78941600
2002-08-06,14.051791191101074,14.537927751242972,13.796416562625325,13.814877845797392,88715800
2002-08-07,14.488707542419434,14.553320311781105,13.89488274123316,14.461016187877203,86349400
2002-08-08,15.048684120178223,15.076375469008491,14.27948129012677,14.494858317283251,88748000
2002-08-09,14.80561351776123,15.122525834209021,14.664080500005626,14.814844748456734,69049400
2002-08-12,14.913296699523926,14.999446993850208,14.64561341579344,14.648690882710653,56866600
2002-08-13,14.479469299316406,15.291747008562794,14.4363929703752,14.765612743306832,100122800
2002-08-14,15.294829368591309,15.300983132309334,14.525626509494456,14.537934036930507,96706000
2002-08-15,15.313288688659668,15.611739735160757,14.999453821698891,15.371747675890594,98745600
2002-08-16,15.384057998657227,15.454824524605794,15.051761782505201,15.208679831369373,69334000
2002-08-19,15.999415397644043,16.014799216168985,15.337900637680482,15.396360791269426,79848200
2002-08-20,15.704050064086914,15.90711962639361,15.614822226814542,15.808661727924347,70317600
2002-08-21,16.08556365966797,16.11633246648625,15.737884945446138,15.864034119126176,81203400
2002-08-22,16.377866744995117,16.445556970570888,16.18402730048021,16.260947584557986,72517600
2002-08-23,16.067110061645508,16.26094834147281,15.95019089576602,16.20248934538829,57929200
2002-08-26,16.030183792114258,16.19940932501482,15.747117762008186,16.153256693549178,55652400
2002-08-27,15.642510414123535,16.13787727562201,15.58405141553887,16.100955864605933,65470200
2002-08-28,15.193289756774902,15.587121103909741,15.168674710723977,15.531738424005155,68875000
2002-08-29,15.562504768371582,15.691730218555447,14.92868151740028,15.04252315309223,94275600
2002-08-30,15.100992202758789,15.531745131277575,15.076377146078029,15.427133487805348,58138400
2002-09-03,14.46716594696045,14.928687612404364,14.461012183909297,14.928687612404364,74452600
2002-09-04,14.833297729492188,14.95329310743939,14.507156686601771,14.599460733198878,80232000
2002-09-05,14.125641822814941,14.621008671691582,14.116411763723725,14.614854907727283,90438800
2002-09-06,14.713305473327637,14.851762159455037,14.605617591734037,14.691767897008916,69918400
2002-09-09,14.984068870544434,15.06098914074876,14.347169127149442,14.537931068617317,81653200
2002-09-10,15.319441795349121,15.328671852487496,14.876380273343726,14.934840431780668,83950000
2002-09-11,14.947142601013184,15.722497639264947,14.931757613015261,15.454815514780176,77443200
2002-09-12,14.507163047790527,14.86099557718167,14.467164179699305,14.814844120501164,63726800
2002-09-13,14.740998268127441,14.848686160369105,14.414855950079833,14.430240940722925,59549200
2002-09-16,14.701004028320312,14.808693128138152,14.476396944074459,14.645621330976363,50166200
2002-09-17,14.550243377685547,15.045610268472512,14.525628319745804,14.974842563751034,73343400
2002-09-18,14.691768646240234,14.842532861869628,14.356396288833158,14.374857572494903,83951800
2002-09-19,14.522550582885742,14.713312568141923,14.3348648927114,14.362556243289752,77777600
2002-09-20,14.602537155151367,14.768685144719779,14.553308251617354,14.679457390280117,130619200
2002-09-23,13.916415214538574,14.371783075594038,13.787189723326026,14.337937968740224,89783800
2002-09-24,14.042561531066895,14.301013634190639,13.73180421805034,13.793340656643602,104142200
2002-09-25,14.3102445602417,14.448701262076872,13.861030526474261,14.27640063197978,107116600
2002-09-26,14.214865684509277,14.614850841210917,14.137945416923957,14.494855411571438,100852200
2002-09-27,13.922571182250977,14.491780805300847,13.904109891849275,14.165639557510046,81011600
2002-09-30,13.457966804504395,13.85795185038643,13.264127455255554,13.805645472591113,115577000
2002-10-01,14.22409725189209,14.230251014797773,13.288746417012756,13.636426392067229,110636600
2002-10-02,14.033332824707031,14.402550318039177,13.894876117993718,14.184095881353704,103488600
2002-10-03,13.784107208251953,14.33485642572263,13.722570779568064,13.937947693106794,105221400
2002-10-04,13.467201232910156,14.02102695123453,13.442586182726313,13.965644262031073,107120400
2002-10-07,13.553354263305664,13.864112878427504,13.442588862815123,13.479511445452255,89790000
2002-10-08,13.842574119567871,14.147177771405532,13.577968168300192,13.768730134258853,115667600
2002-10-09,13.534893989562988,13.984108176405574,13.479511289956596,13.608736806564568,123142600
2002-10-10,14.270248413085938,14.344091212907596,13.30720633144323,13.537967134878661,118515000
2002-10-11,15.03637409210205,15.045605322650228,14.464087093942593,14.571776176463347,108828800
2002-10-14,15.16560173034668,15.17790925606121,14.719463899732212,14.845613104030486,76216200
2002-10-15,16.088642120361328,16.113255993625405,15.584045394492277,15.771729845974757,133374200
2002-10-16,15.510204315185547,15.771732782575356,15.470205443260078,15.504050552296224,95437400
2002-10-17,15.620969772338867,16.1532579407803,15.399439002135168,16.085567722393556,182602400
2002-10-18,16.353260040283203,16.368643869107157,15.73482002764657,16.184034402087022,152817200
2002-10-21,16.156339645385742,16.304027657448852,15.802506961950906,15.990192685808394,112378600
2002-10-22,15.897876739501953,15.977874456944946,15.700961086888238,15.824033956626746,87159000
2002-10-23,16.368637084960938,16.38709720241434,15.82404131958773,15.82404131958773,110866600
2002-10-24,15.762503623962402,16.42094103243438,15.660969464774174,16.417864737669422,95833400
2002-10-25,16.208642959594727,16.245564368690882,15.740967474105194,15.768658824354917,75425800
2002-10-28,15.984031677246094,16.460937096707752,15.848651256491214,16.430169459468985,79906600
2002-10-29,16.020952224731445,16.150178876424686,15.64558096708687,16.04556727218161,90517200
2002-10-30,16.340944290161133,16.42709462722047,15.885576378445576,16.060954521007975,94451200
2002-10-31,16.451711654663086,16.63631987729496,16.260948494404968,16.36556013355248,105973800
2002-11-01,16.307092666625977,16.38093662154869,15.968644043028998,16.131714594108107,105097800
2002-11-04,17.260906219482422,17.614739892037942,17.082451823045147,17.460899368963375,139964200
2002-11-05,17.43936538696289,17.476286791477996,17.100916635868803,17.16245191882388,76658200
2002-11-06,17.54705047607422,17.56858805637724,17.08552888607786,17.53474412569399,115407000
2002-11-07,17.233213424682617,17.420899034795085,17.076296620815608,17.29167356969401,73699600
2002-11-08,16.95322036743164,17.39935799261873,16.92552903417976,17.230133699950443,64522200
2002-11-11,16.571699142456055,16.95322293196243,16.559391620546847,16.943992877385465,58341200
2002-11-12,16.77169418334961,17.054761370890375,16.58400972133238,16.64554499480158,81398600
2002-11-13,17.033222198486328,17.20860029364471,16.64862090669865,16.688619769683367,107370200
2002-11-14,17.534748077392578,17.537824372253397,17.190144367462803,17.227066948054798,78337000
2002-11-15,17.442434310913086,17.513200795375603,17.128599570877267,17.414742975800813,77533600
2002-11-18,17.18398666381836,17.54705040708485,17.150142733268172,17.52243653271107,58086400
2002-11-19,16.879390716552734,17.168610620247925,16.7101662923299,17.0916903207184,76403400
2002-11-20,17.4209041595459,17.507055668666634,16.900923504988135,16.925537383515277,76435400
2002-11-21,17.79627799987793,17.84550693758492,17.470135554000098,17.531672019561448,82922200
2002-11-22,17.913196563720703,17.937810444889923,17.553209015223715,17.67628194220107,70002000
2002-11-25,17.916275024414062,18.042424261644868,17.713205491952024,17.86396978703789,61583000
2002-11-26,17.507057189941406,17.922426256004126,17.470134608376867,17.734740574370765,68650400
2002-11-27,17.87012481689453,18.033195478744492,17.660901505153515,17.722436806727405,55191800
2002-11-29,17.747047424316406,18.039344728474195,17.747047424316406,17.97780826859197,28393000
2002-12-02,17.750120162963867,18.140875255162598,17.540896945507697,18.045494876479125,63735000
2002-12-03,17.44859504699707,17.645510764870153,17.356290950957845,17.623973181584677,58457400
2002-12-04,17.396291732788086,17.673204051306598,17.17476093900497,17.270142513819454,83892000
2002-12-05,17.02707290649414,17.565514856335213,17.014765380235872,17.522439688141574,68435800
2002-12-06,17.06707191467285,17.150145957006337,16.68247051889393,16.88246254047278,71670200
2002-12-09,16.47016716003418,16.990148915042028,16.464013397841825,16.922458704636245,63862800
2002-12-10,16.617856979370117,16.762467483137897,16.45478635934966,16.479401412633685,63730200
2002-12-11,16.817853927612305,16.925541875455107,16.485558850189793,16.568631739262468,69186200
2002-12-12,16.667081832885742,16.940918951951115,16.51939507045962,16.922457666506578,55242000
2002-12-13,16.15325927734375,16.537860688709078,16.150182982485386,16.516323103569448,65245400
2002-12-16,16.762470245361328,16.784007833678775,16.20556689699892,16.307102247961627,60140400
2002-12-17,16.725540161132812,16.91937952919771,16.547084609074034,16.744000270856183,49549800
2002-12-18,16.47016716003418,16.73785053370608,16.242483827467655,16.565548713450504,62709400
2002-12-19,16.340944290161133,16.8455411335835,16.27017777418949,16.3840194586908,82686600
2002-12-20,16.31940269470215,16.528625896458074,16.29171135406651,16.457859397880338,98294600
2002-12-23,16.614770889282227,16.70092117756549,16.27632232213256,16.322473759265886,48798400
2002-12-24,16.559391021728516,16.6855401824614,16.46708695816711,16.473240718899184,18386000
2002-12-26,16.427091598510742,16.82707674159595,16.35940138975275,16.62400728903207,37228000
2002-12-27,16.297868728637695,16.614779895501638,16.2763311448922,16.393249121307658,40891600
2002-12-30,16.230182647705078,16.380946946078502,16.08249581848592,16.310179240057316,48019600
2002-12-31,15.907114028930664,16.304022952681166,15.771733585890624,16.22710267321217,58208800
2003-01-02,16.528629302978516,16.537859360522685,15.910189625893313,16.091721524426998,67025200
2003-01-03,16.550167083740234,16.55324337838822,16.270177322362464,16.48863062738803,55546800
2003-01-06,16.85169792175293,16.993230979102346,16.553246809494386,16.62093704288346,59456200
2003-01-07,17.16859245300293,17.233205154546127,16.8239902043965,16.8978329565289,80517400
2003-01-08,16.688621520996094,17.091682965912664,16.648622653813874,17.036300280186552,64566000
2003-01-09,17.171682357788086,17.20552629236742,16.77784975753069,16.83630991683457,61808000
2003-01-10,17.205530166625977,17.3224493378508,16.891696411497524,16.953231705469065,67730200
2003-01-13,17.350141525268555,17.460906937688993,17.159379522605885,17.39014040724495,60817800
2003-01-14,17.528596878051758,17.53782693769475,17.288604763939087,17.331681114264306,54206400
2003-01-15,17.313215255737305,17.636280168865113,17.288600204899645,17.537822312934928,59622600
2003-01-16,17.030147552490234,17.43013390118859,16.95630474951006,17.32859857995311,81371000
2003-01-17,15.833264350891113,16.30709338373142,15.787112904031018,16.288632100761443,155876000
2003-01-21,15.793268203735352,16.045566560356587,15.780960680556264,15.959415071812986,86159200
2003-01-22,15.69173812866211,16.122492193835033,15.6640467791337,15.87327004807936,86948000
2003-01-23,16.08556365966797,16.16556138368553,15.833265312307894,15.984029531442557,71374800
2003-01-24,15.33790111541748,16.014799714989667,15.291749658405152,16.008645952645995,103027000
2003-01-27,15.128684043884277,15.568668253876094,14.894846848266484,15.174836693378492,114838600
2003-01-28,15.020986557006836,15.291746169807734,14.940990012209465,15.2886687024829,86151200
2003-01-29,15.356366157531738,15.39636503569145,14.747157621060408,14.993302306446234,106884000
2003-01-30,14.842536926269531,15.436360375290779,14.827151932150164,15.433284080693063,87877400
2003-01-31,14.602537155151367,14.87637300441617,14.470234256833148,14.59946086217846,106858400
2003-02-03,14.940998077392578,15.107145017613576,14.602548085267944,14.747158611139138,80129800
2003-02-04,14.559471130371094,14.750233104332485,14.424091854287264,14.707157933474466,81854800
2003-02-05,14.448698043823242,14.931757071967697,14.37793156169422,14.716381332318388,101072000
2003-02-06,14.590235710144043,14.651772158608232,14.325630977055251,14.41793506289647,83312000
2003-02-07,14.331785202026367,14.75330795099474,14.27947880834436,14.731770369393375,75208000
2003-02-10,14.577930450439453,14.621005615475115,14.319478286515263,14.399474853908604,74081400
2003-02-11,14.28870677947998,14.667154310005994,14.15332754721612,14.553312656199793,84292000
2003-02-12,14.28870677947998,14.491776214730768,14.233324099528856,14.322551880973444,71315200
2003-02-13,14.457938194274902,14.497935899918819,14.193332209440486,14.279482558471049,73558200
2003-02-14,14.860994338989258,14.922530783146303,14.390242712551446,14.537929474302327,90446400
2003-02-18,15.359439849853516,15.377901138270495,15.014837348708278,15.150217783012305,57415500
2003-02-19,15.143369674682617,15.359438004516624,14.921126618300109,15.322397887614235,46902700
2003-02-20,14.902606010437012,15.353265673455793,14.877912991598278,15.291531360132828,50897200
2003-02-21,15.205111503601074,15.310059542730023,14.630985242173624,14.995216602827934,56853200
2003-02-24,14.859393119812012,15.124849856715088,14.717405015998228,15.087809737781958,62403700
2003-02-25,14.9334716796875,14.982858887982909,14.43342487102708,14.532200465101822,68113000
2003-02-26,14.575418472290039,15.10633082543918,14.55689782209901,14.8593947103135,57096000
2003-02-27,14.556894302368164,14.945818442467088,14.38403847483309,14.754443146703109,75434300
2003-02-28,14.630982398986816,14.859397913154863,14.538380305556197,14.65567542707966,56585400
2003-03-03,14.53219985961914,14.890257399213397,14.445771365590268,14.82852309704531,50653500
2003-03-04,14.24205493927002,14.606286178909766,14.235881388727131,14.55689895205104,56605700
2003-03-05,14.470463752746582,14.538370416926913,14.229700122066607,14.242047216457115,55415900
2003-03-06,14.365519523620605,14.507507613411013,14.279091018000502,14.303785213173112,54607600
2003-03-07,14.544549942016602,14.686539230898399,14.137105079537493,14.167972828200586,66167600
2003-03-10,14.167970657348633,14.482813403081684,14.130929364628482,14.390212526249373,48413600
2003-03-11,14.075373649597168,14.35935110818171,14.05068062308103,14.235882443147656,53990700
2003-03-12,14.439598083496094,14.470465823890432,13.92103181971019,14.081540537309056,72379500
2003-03-13,15.229804039001465,15.273017724922251,14.470474815718587,14.643329559401735,80701300
2003-03-14,15.347099304199219,15.408832468918684,14.976694428459231,15.235977723728759,75451400
2003-03-17,16.007646560668945,16.01999365882415,15.0199010804504,15.13719615795665,100983800
2003-03-18,16.07555389404297,16.07555389404297,15.742189319726995,15.982951838410276,78108800
2003-03-19,16.248411178588867,16.316319049698738,15.890353528391426,16.03851519287131,73652100
2003-03-20,16.205196380615234,16.371878683126333,15.847138755304817,16.06320827587652,71798500
2003-03-21,16.40274429321289,16.544732389644572,16.069380885178322,16.513865821719108,85586800
2003-03-24,15.612546920776367,16.00764459331222,15.544639066752788,15.7730544671311,61105200
2003-03-25,15.736021041870117,15.896529833918494,15.452044763427601,15.80392892475178,63595100
2003-03-26,15.587852478027344,15.816269052233938,15.581678929807282,15.71749345819687,51673600
2003-03-27,15.458215713500977,15.594030278928846,15.180411855257324,15.396481391948582,60043300
2003-03-28,15.229804039001465,15.495260883925875,15.186590353080677,15.229804039001463,39584600
2003-03-31,14.945825576782227,15.254496087768903,14.82235807887829,14.970519782853748,71384000
2003-04-01,15.032252311706543,15.248321878894323,14.970517981440832,15.100159015262854,49803200
2003-04-02,15.8779935836792,16.05084930781115,15.495243221114343,15.495243221114343,68282500
2003-04-03,15.88418197631836,16.106425089732458,15.803928172854597,16.044690760730276,57394300
2003-04-04,15.489079475402832,15.927390841683392,15.390305049833016,15.902697824032954,55740600
2003-04-07,15.538467407226562,16.316316927696693,15.53846740722656,16.192848301278925,65627100
2003-04-08,15.791570663452148,15.945905795494285,15.556981780840887,15.624888438250572,54132100
2003-04-09,15.168059349060059,15.847134289123499,15.149539883434253,15.810094180388061,76875800
2003-04-10,15.18040657043457,15.303875170555685,14.989031299982297,15.25448678852017,51608900
2003-04-11,14.939644813537598,15.544638392746965,14.785309644709663,15.365609031714293,71565500
2003-04-14,15.285362243652344,15.359442499135152,14.816182974818298,14.982865315881268,51599600
2003-04-15,15.18658447265625,15.303879558655082,14.87791406133187,15.235971691368782,63399000
2003-04-16,15.384130477905273,15.890349669654745,15.186581639903913,15.803922347400137,86178700
2003-04-17,15.7421875,15.766881692643258,15.273008437133303,15.291529081615746,58356600
2003-04-21,15.563167572021484,15.810104938241066,15.482913752239362,15.810104938241066,41557800
2003-04-22,15.902692794799805,15.927385804641068,15.45203447347289,15.470553936482924,58844000
2003-04-23,15.8779935836792,16.044675762933228,15.723658494181015,15.896514218312964,55559300
2003-04-24,15.736021041870117,15.878009181091373,15.631073030818655,15.729847490927742,51703600
2003-04-25,15.5693359375,15.828619143670963,15.538469365747074,15.637243808337516,53657400
2003-04-28,15.890353202819824,16.013821842765473,15.631070000921328,15.67428367165704,56287600
2003-04-29,15.927397727966309,16.20520165591873,15.853317465502025,16.01999982227348,65877300
2003-04-30,15.785396575927734,15.976771803406395,15.587847802080912,15.884170962851144,55566800
2003-05-01,15.8779935836792,16.019982760904828,15.643404765734605,15.766873308326467,42085800
2003-05-02,16.112594604492188,16.229889682467775,15.779230017872331,15.834790782308975,52695400
2003-05-05,15.964435577392578,16.291625491100266,15.952088477162478,16.20519814445813,50391500
2003-05-06,16.27927017211914,16.35952392232455,15.93973217667507,15.964426362882032,54299500
2003-05-07,16.04468536376953,16.2669284024276,15.952084490156667,16.118766769150216,49120000
2003-05-08,15.890353202819824,16.13728930522691,15.87183255358271,15.896526752565528,46401400
2003-05-09,16.273101806640625,16.359529130914733,15.98295091374786,15.989124462265151,58913600
2003-05-12,16.174331665039062,16.341012809173606,16.087903140412095,16.14346391428504,53900800
2003-05-13,16.04468536376953,16.174327528814736,15.982951055532958,16.075553106629815,44501900
2003-05-14,15.816269874572754,16.161980350483354,15.766882663728383,16.100246042556893,45021000
2003-05-15,15.921224594116211,16.05703918714166,15.78540882360628,15.958264723580518,45450200
2003-05-16,15.785396575927734,16.081719736697966,15.686622189004321,15.976771803406395,60620900
2003-05-19,15.285362243652344,15.766888614228332,15.273015141910397,15.680460079519147,55336300
2003-05-20,15.205111503601074,15.433528239641056,15.124857674848235,15.347100858294189,52677600
2003-05-21,14.834704399108887,15.254495282812002,14.748275859903826,15.205108050759607,108960900
2003-05-22,14.914948463439941,14.98285630469418,14.840868252511429,14.939642652071926,93157100
2003-05-23,14.951992988586426,15.14954302358526,14.83469909036458,14.939647068104808,76968000
2003-05-27,15.303871154785156,15.36560426116297,14.951986090020572,14.970506728424033,68486800
2003-05-28,15.069289207458496,15.35326659479173,15.001381340979734,15.297705827215319,91467000
2003-05-29,15.06312084197998,15.229803202072945,14.95817282016047,15.10633452552603,75451300
2003-05-30,15.192754745483398,15.37795648134097,15.131020441036235,15.266834968832859,85096700
2003-06-02,15.21127700805664,15.452040721898943,15.168063340247139,15.421172975260628,66310800
2003-06-03,15.359435081481934,15.384129273040063,15.168059806841876,15.279181313885735,61058200
2003-06-04,15.353271484375,15.569339896556999,15.273016493434941,15.427351746413246,83484600
2003-06-05,14.871740341186523,15.137197080277419,14.8223531230406,15.106329333008617,115877900
2003-06-06,14.612451553344727,15.161884291909397,14.600104459167524,15.087804081813607,119629400
2003-06-09,14.661846160888672,14.80383428321894,14.569245262737814,14.643325510264779,73610000
2003-06-10,15.23597526550293,15.279188944828165,14.723582309604032,14.77914309087489,80655300
2003-06-11,15.359435081481934,15.40882228711433,15.075458943466613,15.229794108253339,75768600
2003-06-12,15.427349090576172,15.51994999092489,15.273013864166865,15.415001989867188,66177700
2003-06-13,15.217450141906738,15.587854849064499,15.118675710329217,15.556988280753062,55157500
2003-06-16,15.674281120300293,15.692801766522734,15.229796208317875,15.310049986980413,69658600
2003-06-17,16.02616310119629,16.13728460931443,15.760707604283242,15.828614276756872,122213900
2003-06-18,16.094078063964844,16.31632117842193,15.871834949507758,16.038517285350572,89957700
2003-06-19,16.094078063964844,16.291626975711413,16.05703793738346,16.106425165320104,63626900
2003-06-20,16.254587173461914,16.285453749981556,16.057038257773602,16.260760724262727,86048900
2003-06-23,15.915051460266113,16.199027756079403,15.73602200443942,16.137293420363836,52584500
2003-06-24,15.865663528442383,16.07555955414046,15.75454196454523,15.834795773201805,51820300
2003-06-25,15.594023704528809,16.04468206014167,15.519942314401607,15.828612614544733,60483500
2003-06-26,15.896530151367188,16.365709434996937,15.563165458728495,15.674287022941392,51758100
2003-06-27,15.822440147399902,16.260752615817122,15.76070702514392,16.019990142064067,76040300
2003-06-30,15.828615188598633,16.12493961981205,15.742187867298522,16.01381810529251,48073100
2003-07-01,16.143463134765625,16.174330884029136,15.674283943318398,15.797752585403966,60926000
2003-07-02,16.59412384033203,16.62499159362033,16.328668226958992,16.3595348027629,94069300
2003-07-03,16.359525680541992,16.63732941780884,16.303964933088622,16.476820722663962,39440900
2003-07-07,16.927488327026367,17.00774212973523,16.637338514175095,16.68055219082482,88960800
2003-07-08,17.100345611572266,17.162078767565117,16.82254169966655,16.82871525076273,61896800
2003-07-09,16.958351135253906,17.100340412326183,16.822536584884897,17.013911900742166,62300700
2003-07-10,16.612640380859375,16.927484321573285,16.415091518642985,16.822536341335315,55350800
2003-07-11,16.859588623046875,16.946017195738982,16.600305259940452,16.637346581444902,50377300
2003-07-14,16.915132522583008,17.168242079143894,16.69906307302319,17.057120580656914,60464400
2003-07-15,16.834880828857422,16.995389548887722,16.729932864894682,16.958348259853402,53567600
2003-07-16,16.989213943481445,17.05094824024595,16.791665135822043,17.013906955696985,49838900
2003-07-17,16.476829528808594,16.834887216272186,16.384228626056426,16.754632237065106,72805000
2003-07-18,16.600296020507812,16.810192015602166,16.513868673404595,16.73611176879492,63388400
2003-07-21,16.07555389404297,16.61263969379553,16.05085969854517,16.58794667578178,48480800
2003-07-22,16.28544807434082,16.396569595059646,16.131112890561123,16.223714942816148,51791000
2003-07-23,16.328664779663086,16.452132234296755,16.137288282132065,16.310144131600172,49828200
2003-07-24,16.050861358642578,16.618814961509297,16.03851425961665,16.53238762329616,53556600
2003-07-25,16.600296020507812,16.63733732139573,16.09407668321589,16.22371888135501,54173000
2003-07-28,16.427438735961914,16.668201266347573,16.353357323351805,16.631161148784575,52658300
2003-07-29,16.34102439880371,16.606481356138254,16.199036177085045,16.59413424707964,62391100
2003-07-30,16.192842483520508,16.402738366528947,16.155802379896567,16.334830528648666,41240300
2003-07-31,16.303966522216797,16.662024053213656,16.242232221531022,16.42126157577138,64504800
2003-08-01,16.15580940246582,16.36570537671135,16.12494283227614,16.254583840053815,42649700
2003-08-04,16.1619815826416,16.303969677458568,15.896524862558703,16.143460935606488,51825600
2003-08-05,15.840968132019043,16.384228808521424,15.803928006002545,16.242239500070163,58825800
2003-08-06,15.834798812866211,16.168163568550717,15.698984196189942,15.766892093270421,56294900
2003-08-07,15.871827125549316,15.933561424409524,15.711319596990117,15.878000673183719,44258500
2003-08-08,15.791570663452148,16.038506639222845,15.742183468298009,15.976772350909268,33241400
2003-08-11,15.810098648071289,16.044687639665295,15.766884979421143,15.810098648071289,36433900
2003-08-12,15.88418197631836,15.908876178912989,15.711327268093518,15.871834875021046,38208400
2003-08-13,15.803924560546875,15.98295277849984,15.742190245655324,15.921219641092408,39636900
2003-08-14,15.822440147399902,15.871827351694986,15.754533477421557,15.840960790566996,37338300
2003-08-15,15.766883850097656,15.84096408319634,15.698975988520466,15.810097515652568,27607900
2003-08-18,15.865663528442383,15.945917337098958,15.717500658256535,15.779234991253228,45817400
2003-08-19,16.433616638183594,16.452136113128603,15.908876594193964,15.958263823188023,72952900
2003-08-20,16.328664779663086,16.378051997013383,16.050860946140084,16.23606271683266,56739300
2003-08-21,16.199020385742188,16.501517197883505,16.131112529603776,16.45212998727847,63802700
2003-08-22,16.18667221069336,16.637331802119984,16.18049866259339,16.53238383938829,65846300
2003-08-25,16.359525680541992,16.384219869402926,16.19284343818188,16.24223063842002,36132900
2003-08-26,16.40274429321289,16.46447860654791,16.026166041604945,16.242235549535472,47546000
2003-08-27,16.31014633178711,16.40892077981206,16.236064907026247,16.365707105986683,30633900
2003-08-28,16.365699768066406,16.408913422515997,16.199017520203327,16.359526220647357,46211200
2003-08-29,16.371877670288086,16.390397139987513,16.266929691216337,16.334836375921057,34503000
2003-09-02,16.828710556030273,16.853403576041867,16.341010752846746,16.48300003347895,74168900
2003-09-03,17.47074317932129,17.53247749132098,16.902789628395432,16.927483824188936,109437800
2003-09-04,17.550996780395508,17.575689796794656,17.27936653510101,17.347274390795626,59840800
2003-09-05,17.5201416015625,17.748558348840902,17.390500523163677,17.42754066306551,64024500
2003-09-08,17.804109573364258,17.853496792503908,17.495439159370402,17.526305729776116,46105300
2003-09-09,17.513959884643555,17.723854683791206,17.476918587013802,17.686814563645644,44315200
2003-09-10,17.007734298706055,17.39665956444585,16.964520641953598,17.30405870319289,54763500
2003-09-11,17.186771392822266,17.353453724650855,17.03243616205158,17.075649838269875,37813300
2003-09-12,17.495437622070312,17.53247773879934,16.946004710234106,16.96452417985658,55777200
2003-09-15,17.507793426513672,17.662128696698073,17.48927277019706,17.513966978619205,41432300
2003-09-16,17.841148376464844,17.872016122076342,17.483090769760132,17.538651534376733,52060600
2003-09-17,17.594213485717773,17.87201732753857,17.575692837101663,17.754722241271548,47221600
2003-09-18,18.21155548095703,18.217729030892755,17.544827395194247,17.588041067260054,67268100
2003-09-19,18.495525360107422,18.50169890792261,18.223896321142394,18.372057936255278,92433800
2003-09-22,17.946094512939453,18.52022157000711,17.785585784701315,18.143643354622093,65678700
2003-09-23,18.273290634155273,18.341197331569067,17.82880443843579,17.976967288665154,57827800
2003-09-24,17.569530487060547,18.335034633043282,17.544837450649613,18.27947382926252,66336500
2003-09-25,17.433706283569336,17.878191292603624,17.421359183391758,17.575694403158643,56224500
2003-09-26,17.40283966064453,17.767070872447384,17.371971910289208,17.452226883728766,49864700
2003-09-29,17.797931671142578,17.847318878204145,17.34727325952031,17.538648539698386,47380300
2003-09-30,17.16206932067871,17.662116086857516,17.13120275967283,17.64976899146163,63333700
2003-10-01,17.606563568115234,17.674470269578983,17.168250896471378,17.304066654367627,58375900
2003-10-02,17.594213485717773,17.748548691732843,17.40283815995466,17.563346915508433,38143600
2003-10-03,17.952272415161133,18.186861427180126,17.859671520350588,18.00165963755904,57303000
2003-10-06,18.020174026489258,18.08808069776486,17.847318219412397,17.995479835128055,34047600
2003-10-07,17.989309310913086,18.131298580137713,17.853494768050453,17.909055530467906,52356800
2003-10-08,17.791759490966797,18.125124047375515,17.7053321663352,18.125124047375515,46989100
2003-10-09,17.865842819213867,18.118952449296494,17.77941430779445,18.038697487084473,62653300
2003-10-10,17.84732437133789,18.02635378796602,17.6991627045513,17.84732437133789,37604700
2003-10-13,17.76706886291504,17.964617732908355,17.594213012928815,17.89053631791879,39320300
2003-10-14,17.705337524414062,17.7608983006296,17.581868871160793,17.692990423591866,34851300
2003-10-15,18.046777725219727,18.16473085359287,17.817080836592588,18.127482933508205,57242100
2003-10-16,18.146099090576172,18.195763358983392,17.879153203853768,17.94744201694728,42232500
2003-10-17,17.959861755371094,18.1833515972501,17.879156563985994,18.17714341452126,49960000
2003-10-20,18.220603942871094,18.23302031134985,17.8791609142457,17.972282493746306,38794500
2003-10-21,18.220603942871094,18.27026823269605,18.108858994742423,18.220603942871094,44166800
2003-10-22,17.935028076171875,18.13368517663188,17.879155618656284,18.021941445690416,48798500
2003-10-23,17.947446823120117,18.0529835697585,17.4445958228266,17.829493710032544,67357900
2003-10-24,16.51959800720215,17.01003264612974,16.401644892892016,16.92932863155326,210558300
2003-10-27,16.705835342407227,16.823788432519983,16.649962888358537,16.705835342407227,65619100
2003-10-28,16.8858699798584,16.8982851604695,16.68721169691454,16.817581158093645,71752600
2003-10-29,16.600299835205078,16.916910036698273,16.55063555952515,16.861037578547137,73551500
2003-10-30,16.21540069580078,16.786540412414645,16.08503124252791,16.76791586649291,98729400
2003-10-31,16.22781753540039,16.414059461397198,16.20919417166354,16.37060336722487,69623700
2003-11-03,16.563053131103516,16.60650922747806,16.32093991753688,16.35818783098794,57772300
2003-11-04,16.184370040893555,16.52581316127074,16.147122109538177,16.507188603547856,84026100
2003-11-05,16.202991485595703,16.339567997052406,16.140910822537144,16.234031225079903,61514400
2003-11-06,16.2836856842041,16.327141766872817,16.140901074267052,16.302310227100456,68189800
2003-11-07,16.202991485595703,16.44510476902491,16.15953537668176,16.376815921251477,57822100
2003-11-10,16.140911102294922,16.28369580094127,16.140911102294922,16.215408136074423,54579100
2003-11-11,16.016752243041992,16.1905778925963,15.936048196089496,16.147121776230314,64990700
2003-11-12,16.12849235534668,16.227820929685087,15.892587287315461,16.047788332730477,75877300
2003-11-13,15.94845962524414,16.097452485507866,15.799466764980416,16.053996382608865,78949500
2003-11-14,15.830506324768066,16.153324777141012,15.793258406137339,15.95466763232381,83146400
2003-11-17,15.613216400146484,15.793250082812346,15.420767540540057,15.762209180237528,103900200
2003-11-18,15.613216400146484,16.041571382964086,15.594593042690954,15.724961281237107,106868300
2003-11-19,15.737390518188477,15.855343676300253,15.625645545671038,15.700142588712772,78853300
2003-11-20,15.582184791564941,15.911210241477072,15.569768424072791,15.625640893697488,106845700
2003-11-21,15.58838939666748,15.756005582971763,15.569764849704912,15.72496585545719,70712900
2003-11-24,15.973292350769043,16.022956641174428,15.693931161272538,15.72497089874212,99463800
2003-11-25,15.768421173095703,16.109864079433446,15.756004809063862,16.06019980739573,85663800
2003-11-26,15.799459457397461,15.91120316284394,15.718754288692871,15.898787984965075,69758400
2003-11-28,15.960870742797852,15.985703471893945,15.768421828661912,15.83050246731245,33402600
2003-12-01,16.04157829284668,16.271275150395063,15.830504800775813,16.078826207891577,101914600
2003-12-02,15.929835319519043,16.196781308978352,15.898795583852152,16.109869101839045,85121700
2003-12-03,15.936036109924316,16.18435743232046,15.90499638865835,16.029156457811688,93121600
2003-12-04,16.265071868896484,16.283695238630617,15.929837004600367,15.967084928158778,87202400
2003-12-05,16.12849235534668,16.438894446176707,16.091244435992277,16.116075987531875,96610900
2003-12-08,16.289897918701172,16.351978559714208,16.02295199120792,16.215402096757316,90504000
2003-12-09,16.376808166503906,16.519593979153694,16.296104171605855,16.414057257154948,103547100
2003-12-10,16.507186889648438,16.532018446610362,16.376817367304973,16.420274664146305,82853700
2003-12-11,16.51959800720215,16.618926571645456,16.314732695026596,16.507181640624264,79309000
2003-12-12,16.544431686401367,16.643760263633453,16.45131129325754,16.569264422754408,69154100
2003-12-15,16.600299835205078,16.823789667809624,16.563051924467565,16.792748755453584,88860600
2003-12-16,16.798961639404297,16.861042297400985,16.618929033712973,16.65617695487496,73978000
2003-12-17,16.786544799804688,16.81137635010076,16.668591679651,16.786544799804688,53712300
2003-12-18,17.010028839111328,17.04106974860877,16.792747208987738,16.82378811848518,61177800
2003-12-19,16.985204696655273,17.1031566518725,16.879667926557133,17.06590872833496,76856400
2003-12-22,16.873456954956055,17.028657992166334,16.743087467972646,16.861040587797646,43894800
2003-12-23,16.854833602905273,16.972786731118894,16.767921394795252,16.867249970946713,39609000
2003-12-24,16.786544799804688,16.861040634782846,16.76171206541867,16.848624267589834,19924200
2003-12-26,16.89208221435547,16.916914951454785,16.761713896854282,16.792753634138354,12076900
2003-12-29,17.047286987304688,17.090744286707388,16.861046154797325,16.892085898851775,40426700
2003-12-30,17.084522247314453,17.103145605009388,17.01002526426658,17.016233444861353,34406600
2003-12-31,16.991413116455078,17.10315688861445,16.90449971487758,17.022452855817658,42198900
2004-01-02,17.041074752807617,17.23973189556943,16.966577732226952,17.121778773020864,44487700
2004-01-05,17.469423294067383,17.49425602116952,17.208685579942962,17.214893761718496,67333700
2004-01-06,17.531509399414062,17.556342134266632,17.425972644470583,17.500469664938322,46950800
2004-01-07,17.51287841796875,17.574959048215696,17.388718341564395,17.488046876323693,54298200
2004-01-08,17.481843948364258,17.68050107758137,17.382515383755702,17.62462861197782,58810800
2004-01-09,17.171445846557617,17.41976731532577,17.127989737534463,17.401143945224515,67079900
2004-01-12,17.11557388305664,17.21490247355256,16.978997367147304,17.177654548139138,55845200
2004-01-13,17.02865982055664,17.159028137447926,16.923123056558428,17.103155663325925,51555900
2004-01-14,17.19628143310547,17.214904806290676,17.05349552884019,17.0845364576328,43907000
2004-01-15,17.096952438354492,17.208696227182607,17.022455395045416,17.103159439880777,58504100
2004-01-16,17.26456642150879,17.30802253096532,17.090741983682666,17.2024857576751,63983400
2004-01-20,17.44459342956543,17.50667406920454,17.339056697405862,17.37009642518056,63068500
2004-01-21,17.568758010864258,17.568758010864258,17.28939683728911,17.46322125175631,53570600
2004-01-22,17.388721466064453,17.65566739522994,17.345265372310024,17.606003118926346,78425200
2004-01-23,17.680496215820312,17.8543217481319,17.51908704669303,17.55633613624595,127259100
2004-01-26,17.87915802001953,17.89778256972278,17.581172329306845,17.686709076112155,58299600
2004-01-27,17.537717819213867,17.829495353119544,17.51909326782372,17.77983106683581,63196200
2004-01-28,17.202486038208008,17.655674062721285,17.053493153031525,17.56876065830069,71336000
2004-01-29,17.326642990112305,17.351475723412523,17.115569493420033,17.264562340951656,63748400
2004-01-30,17.165233612060547,17.32043464143558,17.10315296349256,17.28318672593074,40528700
2004-02-02,17.010028839111328,17.258350194642738,16.910700296898767,17.140398290821334,62891800
2004-02-03,16.941749572753906,17.10315764549038,16.873460722226024,17.010037239191583,47993800
2004-02-04,16.767929077148438,17.02866700502758,16.767929077148438,16.898297449042722,60648000
2004-02-05,16.736886978149414,16.867256525062214,16.65618292270091,16.798967658389294,55527500
2004-02-06,16.811378479003906,16.87966732312324,16.718258081443967,16.780338741180625,47209600
2004-02-09,16.699626922607422,16.90449218983902,16.668587197062187,16.879660646220756,48108500
2004-02-10,16.77412223815918,16.854826226930967,16.649960980260033,16.681001886779573,37790600
2004-02-11,16.854833602905273,16.904497890981006,16.66859281864379,16.743088658712374,51515300
2004-02-12,16.73066520690918,16.854825273696875,16.718248845003576,16.81757737206951,44537000
2004-02-13,16.507186889648438,16.798964492470073,16.451314406371278,16.74930019445596,67541100
2004-02-17,16.755504608154297,16.82379344658614,16.507183173979406,16.587887196052495,43477000
2004-02-18,16.618938446044922,16.830012092323674,16.600313882870655,16.699642518285273,50334700
2004-02-19,16.426475524902344,16.749293933365763,16.40785216016511,16.71204601980147,61840600
2004-02-20,16.494766235351562,16.637550907048986,16.451310133886256,16.550638704118374,57821900
2004-02-23,16.51959800720215,16.612718388356512,16.438892808535783,16.594093838489684,50256800
2004-02-24,16.68722152709961,16.730678829152478,16.482356125212007,16.51960524125732,55426500
2004-02-25,16.57547378540039,16.755506400400552,16.519601308723413,16.699633923723574,64275700
2004-02-26,16.451303482055664,16.544423830985252,16.395431035880012,16.507175928231312,66602700
2004-02-27,16.469934463500977,16.525806931516925,16.358189527469083,16.43268536209705,58266500
2004-03-01,16.57547378540039,16.58788897036962,16.45131246298708,16.53201649369264,51912300
2004-03-02,16.383026123046875,16.569268135152697,16.35819456522028,16.519603835409203,66331000
2004-03-03,16.370601654052734,16.482345377049203,16.277480108754556,16.358185290134358,54998700
2004-03-04,16.370601654052734,16.401641379759035,16.271271926795368,16.34576892621598,44023200
2004-03-05,16.358190536499023,16.513391582985562,16.265070145425106,16.28369351318588,59849800
2004-03-08,16.035369873046875,16.35818828957894,16.022953506851827,16.33335555718885,69367800
2004-03-09,15.967074394226074,16.122275354767467,15.855330697271336,16.016738654235745,81111700
2004-03-10,15.749805450439453,16.016750302065358,15.737389080385162,15.923629894838626,75155800
2004-03-11,15.575974464416504,16.004329611230112,15.563558098632965,15.631846926352619,90536300
2004-03-12,15.756017684936523,15.836722933006453,15.662897246778662,15.756017684936523,64137100
2004-03-15,15.6194429397583,15.787060458411906,15.557362245728363,15.706355200945762,68835300
2004-03-16,15.631844520568848,15.749797609179543,15.58218024916797,15.681508791969724,65453800
2004-03-17,15.60080623626709,15.805671538282644,15.588391054394807,15.675303247949941,56241400
2004-03-18,15.45181655883789,15.538729954267616,15.259367583404346,15.495272664507716,123231000
2004-03-19,15.290413856506348,15.48286409829342,15.246957732261066,15.37732728908749,86281600
2004-03-22,15.209701538085938,15.4207750419131,14.905507649415009,15.197285171016118,127605200
2004-03-23,14.992412567138672,15.3090226690645,14.967581029152582,15.30281448854564,91696300
2004-03-24,15.15383243560791,15.259369210958285,15.011047734866285,15.135207880867185,97584700
2004-03-25,15.638056755065918,15.669096488701717,15.25936584744147,15.271782214531765,85677900
2004-03-26,15.538729667663574,15.836715401694816,15.520105115252852,15.588393956668781,61584900
2004-03-29,15.712547302246094,15.768419751261728,15.52009841346421,15.67529939759885,51881600
2004-03-30,15.644267082214355,15.724971111179599,15.538730315665896,15.650474082520057,59010400
2004-03-31,15.476648330688477,15.644265742753477,15.439400411592919,15.644265742753477,70533200
2004-04-01,15.569767951965332,15.588392502638822,15.426983282405065,15.489063933893425,69051900
2004-04-02,16.047792434692383,16.078832178073423,15.793262749878853,15.818094307765625,98043800
2004-04-05,16.10987091064453,16.12849428049968,15.973293216559329,16.022957509656635,53800300
2004-04-06,16.016752243041992,16.078832916746414,15.929840010310018,15.99812886979392,48992000
2004-04-07,15.886372566223145,16.00432564374649,15.73737976602553,15.979492918335463,63268900
2004-04-08,15.818089485168457,16.047787542065187,15.74359365013002,16.029162991260606,45294600
2004-04-12,15.898797035217285,15.979501065772496,15.787052082071513,15.81809182057195,38786800
2004-04-13,15.799459457397461,15.998116512532688,15.774626733460835,15.942244067764724,56971500
2004-04-14,15.836716651916504,15.942253422395373,15.756011435855529,15.762219620482538,61079600
2004-04-15,15.656682014465332,15.973292309005638,15.582186171097074,15.849132175361845,73756900
2004-04-16,15.6194429397583,15.768435894975699,15.588403184788708,15.724979764381969,51768600
2004-04-19,15.849130630493164,15.892586732237183,15.557351917486251,15.569768284867388,44592100
2004-04-20,15.724974632263184,16.066416561856204,15.693934887423952,15.923631841051149,59902600
2004-04-21,15.799459457397461,15.82429099724464,15.644258485061886,15.743587012629499,49252000
2004-04-22,16.10987091064453,16.134702465148113,15.811883967970545,15.836716706564273,99207700
2004-04-23,17.096952438354492,17.208696227182607,16.972791094202808,17.01003902381218,258269000
2004-04-26,16.91070556640625,17.103154528900482,16.82379336091014,17.0410750587404,89391000
2004-04-27,16.898290634155273,16.991412215485546,16.842418158993144,16.861042712077218,80716800
2004-04-28,16.488561630249023,16.792755590616,16.432689149356086,16.767924034713705,72842200
2004-04-29,16.438894271850586,16.724464808112685,16.33335751472394,16.457518823375285,77787300
2004-04-30,16.221607208251953,16.60650619048888,16.116070486032925,16.507177650057983,66172200
2004-05-03,16.358190536499023,16.463727295473472,16.258861961474842,16.258861961474842,65916200
2004-05-04,16.345775604248047,16.476145110473897,16.15332662124715,16.3581919732391,55496400
2004-05-05,16.327159881591797,16.513401964919577,16.29612012641588,16.339576257298468,51841700
2004-05-06,16.21540069580078,16.351977146957925,16.159528242125216,16.24023223960679,62693900
2004-05-07,16.004337310791016,16.3768189907767,15.985712753155578,16.159538405481847,68290200
2004-05-10,16.097448348999023,16.17194416794294,15.904999435289264,15.911206433459846,64621400
2004-05-11,16.103656768798828,16.209193500600854,16.0105364017005,16.196777135897154,57917200
2004-05-12,16.103656768798828,16.140904678820217,15.787046573392741,16.060200676425588,64145600
2004-05-13,16.202991485595703,16.25886396393939,16.010542495795313,16.02916586584977,63861500
2004-05-14,16.053997039794922,16.246446010835736,15.917419357561402,16.140909249150766,43775300
2004-05-17,15.855340003967285,16.010541055607888,15.780842978180171,15.81188271487227,55149600
2004-05-18,16.035369873046875,16.122282068232487,15.917416762373648,15.954665860958784,58158600
2004-05-19,15.905001640319824,16.30852407046353,15.905001640319824,16.15953122783,60052800
2004-05-20,15.973292350769043,16.060205747046027,15.88638013858214,15.985708719392909,52089900
2004-05-21,16.07261848449707,16.265068616595908,16.004330835642875,16.122282767340984,57809300
2004-05-24,15.991910934448242,16.246440475779554,15.979494570458996,16.171943475933727,56250500
2004-05-25,16.202991485595703,16.25886396393939,15.892589354393065,15.960877018076337,66615000
2004-05-26,16.22781753540039,16.23402571800926,16.047784976102214,16.134697164446866,50306900
2004-05-27,16.25885772705078,16.25885772705078,16.09124035631765,16.24023318005053,49071900
2004-05-28,16.2836856842041,16.358182671700074,16.153317436197955,16.227813239604483,37393000
2004-06-01,16.209197998046875,16.30852657505702,16.060205132531664,16.221613182105614,48369500
2004-06-02,16.221607208251953,16.314728750984322,16.14711139497358,16.215400210553426,54020000
2004-06-03,16.07261848449707,16.221611333028815,16.053995118486792,16.1719470501849,45933100
2004-06-04,16.10987091064453,16.289903529088463,16.103662725996102,16.15953520374184,48815300
2004-06-07,16.40785026550293,16.40785026550293,16.12227980357946,16.15332071470684,65218600
2004-06-08,16.513397216796875,16.544436963047886,16.289907254700257,16.3147399989734,58447700
2004-06-09,16.43269920349121,16.54444423364684,16.389243066006454,16.389243066006454,50385500
2004-06-10,16.618938446044922,16.631354821494433,16.37682386114239,16.37682386114239,48109200
2004-06-14,16.699626922607422,16.699626922607422,16.469930111757563,16.48234529152188,67377500
2004-06-15,17.0162410736084,17.134194189611208,16.743086925424493,16.75550329218056,114183400
2004-06-16,16.960365295410156,17.072110206214273,16.85482856677179,16.972781659741653,67431100
2004-06-17,17.239727020263672,17.332847381588067,16.941741390389748,16.954156570233934,105427500
2004-06-18,17.599788665771484,17.692909002651785,17.196266416563958,17.239722494835476,134218700
2004-06-21,17.599788665771484,17.79223751986935,17.457004070282398,17.51908350547638,116881700
2004-06-22,17.56255531311035,17.59980324189327,17.264568330576108,17.475641900496473,98932000
2004-06-23,17.568758010864258,17.618422298439175,17.382517228480825,17.506678539463124,58558400
2004-06-24,17.624629974365234,17.786039200353574,17.606006607117724,17.680502444287736,65503800
2004-06-25,17.736377716064453,17.773625640533595,17.537720540108797,17.680505237315653,71136500
2004-06-28,17.556352615356445,17.848130319524728,17.488063737833595,17.75500987641491,77024100
2004-06-29,17.692922592163086,17.74258688891783,17.494265405144116,17.494265405144116,55371700
2004-06-30,17.73016929626465,17.879162176256266,17.624632524925982,17.736377480942235,83544400
2004-07-01,17.77362632751465,17.903995844330908,17.54392940297156,17.817083622513547,78441400
2004-07-02,17.736377716064453,17.804666564333022,17.630840943326742,17.76741863986388,36690100
2004-07-06,17.394929885864258,17.5873788111543,17.345265608883285,17.581170628520457,69158900
2004-07-07,17.44459342956543,17.581169889499698,17.10315050359519,17.177647507980065,66255700
2004-07-08,17.15902328491211,17.475633487370047,17.10315082659072,17.30801611240589,59125100
2004-07-09,17.295602798461914,17.38251499452579,17.159025137115986,17.24593851726972,50249300
2004-07-12,17.314228057861328,17.38251689600443,17.127987279040134,17.17765156566512,45757300
2004-07-13,17.134201049804688,17.351482818671506,17.134201049804688,17.32665007521684,43274100
2004-07-14,17.463220596313477,17.606006453810977,16.9727859229298,17.010033841190467,87656300
2004-07-15,17.301809310913086,17.506674599059778,17.258352032987638,17.41355304473785,46759700
2004-07-16,17.0596981048584,17.506677859768732,16.91691343163536,17.494261492334562,66406300
2004-07-19,17.35147476196289,17.543923698016357,17.134193093985196,17.14660945994731,60354500
2004-07-20,17.581174850463867,17.680503428278573,17.289397301144422,17.382517694834455,89010700
2004-07-21,17.91640853881836,18.55583606945216,17.885367620187125,18.55583606945216,201518000
2004-07-22,18.003320693969727,18.189561468892045,17.897783939089752,18.046776795845602,124640700
2004-07-23,17.401142120361328,17.630839010849677,17.39493393628191,17.618422642690835,97372700
2004-07-26,17.792251586914062,17.82329132905193,17.506682170156836,17.60601076590633,72387600
2004-07-27,17.65567398071289,17.854331160025467,17.463223802174916,17.817083234926905,72968400
2004-07-28,17.742586135864258,17.872955649368546,17.5563453269612,17.593593251923775,62718800
2004-07-29,17.680496215820312,17.879153290410947,17.537711591469492,17.866738111316206,60148400
2004-07-30,17.68671226501465,17.885369427974197,17.587383683534878,17.661880711689754,59552900
2004-08-02,17.705339431762695,17.723962803483055,17.481849498396265,17.55013835227829,52267000
2004-08-03,17.425975799560547,17.643257532500964,17.3825196897905,17.61842479315226,53990900
2004-08-04,17.419763565063477,17.506676948488565,17.37630746539589,17.388723832183743,46217900
2004-08-05,17.09073829650879,17.51288411450532,17.08453011305576,17.481844381330106,55591700
2004-08-06,16.848628997802734,17.295608869520013,16.798964699177514,16.9976218936784,75628000
2004-08-09,16.873456954956055,16.935537606658155,16.823792670412363,16.923121239499746,51877500
2004-08-10,17.208688735961914,17.2273132847042,16.916911243538358,16.947950974019015,57632700
2004-08-11,17.0162410736084,17.07832172329882,16.885872774939433,17.003824706852335,53097300
2004-08-12,16.68722152709961,16.95416760497233,16.67480633917491,16.90450330100232,50279700
2004-08-13,16.77412223815918,16.91690685588054,16.749289512943545,16.767914056855272,43333200
2004-08-16,16.817584991455078,16.885873828785435,16.736879786593757,16.78033707295215,54347200
2004-08-17,16.792760848999023,16.9976262817267,16.749304724494756,16.898297658833922,56879700
2004-08-18,17.047286987304688,17.072119729820514,16.6934286950865,16.718261437602326,58844000
2004-08-19,16.83620834350586,17.041073656814355,16.76791951103973,16.978993007671498,46293000
2004-08-20,16.8858699798584,16.99140671163588,16.786541430431324,16.842412703405557,46494800
2004-08-23,16.960590362548828,17.016627650854115,16.885874769863733,16.979269854511568,39572200
2004-08-24,16.960590362548828,17.097569740860123,16.867195277900993,17.060211944517576,40835300
2004-08-25,17.153602600097656,17.228319361073783,16.9232281966213,16.941906496178362,53512700
2004-08-26,17.08511734008789,17.184738918594757,17.053984854565186,17.09756914671408,35465500
2004-08-27,17.097570419311523,17.215871497937336,17.091345109326518,17.122476409583477,33248700
2004-08-30,16.997940063476562,17.053977325093623,16.71775494297363,16.997940063476562,36679600
2004-08-31,16.997940063476562,17.010393052187545,16.842281267336364,16.991714756703438,52106700
2004-09-01,17.053987503051758,17.134930790398396,16.898328614013074,16.954365909073648,48507500
2004-09-02,17.19719123840332,17.234549031982656,17.029079385922028,17.060210682641003,42161700
2004-09-03,16.879650115966797,17.197194388514742,16.87342361796589,17.09757160808327,46174400
2004-09-07,17.03530502319336,17.047756828702934,16.91077746743534,16.99172073495289,44893400
2004-09-08,16.973041534423828,17.103794401372415,16.898324762179776,16.997946333449974,53278100
2004-09-09,16.985492706298828,17.10379256725712,16.92322893403607,16.997944510685237,56904700
2004-09-10,17.116249084472656,17.12870207900655,16.923232419528993,17.022854000634297,52664500
2004-09-13,16.96681022644043,17.166053312480848,16.64926611272009,17.141148520517028,48239200
2004-09-14,17.08511734008789,17.128701632236783,16.979269264476486,17.041533047938998,55920000
2004-09-15,16.929460525512695,17.060213417794564,16.898328036219606,17.03530861394313,52605700
2004-09-16,16.973041534423828,17.029078816711166,16.91700425213649,16.948135547814875,35951500
2004-09-17,17.128694534301758,17.141147523350465,16.973035733940147,17.05397778759193,65283000
2004-09-20,17.128694534301758,17.215863082477895,17.016620008028212,17.085110260213693,51513600
2004-09-21,16.973041534423828,17.141153381285843,16.966815037771593,17.091342595650744,73874400
2004-09-22,16.8858699798584,17.27190320358573,16.854737502085165,16.985491533567554,68409000
2004-09-23,17.02907943725586,17.053984237189546,16.917004868597154,16.92945786235542,52155800
2004-09-24,16.991718292236328,17.09756515555656,16.929454523308312,17.05398087358173,49859800
2004-09-27,16.929460525512695,17.010402622508657,16.892101538360986,16.91700752979546,47813600
2004-09-28,16.979278564453125,17.035315881504143,16.83607261535988,16.94191956136342,62055100
2004-09-29,17.172292709350586,17.240783016978927,16.954369974919523,16.973049473613624,61529300
2004-09-30,17.215866088867188,17.30303583984809,17.134924021080572,17.17850830277972,71218000
2004-10-01,17.589454650878906,17.63303895026602,17.296816363863222,17.321721168834536,66302800
2004-10-04,17.50851058959961,17.72020556469048,17.477378102392894,17.70775375739075,62016200
2004-10-05,17.670391082763672,17.713976555751437,17.496053941143455,17.52718523426629,58017700
2004-10-06,17.763792037963867,17.776243845958383,17.57700066704987,17.676622256504125,56999600
2004-10-07,17.539636611938477,17.801143487878512,17.533410116370547,17.770012197621465,38401500
2004-10-08,17.427570343017578,17.639266542528674,17.415117345967946,17.496060639207393,49556600
2004-10-11,17.471149444580078,17.57077101615708,17.39020736301732,17.558319210397062,44691000
2004-10-12,17.452470779418945,17.533412859299418,17.315490230660448,17.327943223744455,56412900
2004-10-13,17.452470779418945,17.601903133678665,17.396433498123702,17.552092348925427,49500700
2004-10-14,17.30926513671875,17.533414280062924,17.30926513671875,17.45869869067012,41548700
2004-10-15,17.427570343017578,17.58322924338849,17.32172224326203,17.415117345967946,49828500
2004-10-18,17.689083099365234,17.713989101569187,17.421349513590517,17.477386830965855,50350700
2004-10-19,17.545869827270508,17.801150305410616,17.539643329317936,17.763792505278246,57026500
2004-10-20,17.8696346282959,17.900765920080364,17.508506180715845,17.57076876428478,69078100
2004-10-21,17.782468795776367,17.987938454587436,17.726431508138536,17.938127664196355,94988500
2004-10-22,17.271907806396484,17.645489326153292,17.172286226139057,17.62058333729748,101912800
2004-10-25,17.203413009643555,17.290582760178555,17.153602232587524,17.22831899196287,61529500
2004-10-26,17.37152862548828,17.37152862548828,17.20341677082641,17.253227558772576,76966600
2004-10-27,17.527183532714844,17.651711068282385,17.172281600204723,17.346619912482762,72392600
2004-10-28,17.440019607543945,17.770016833234024,17.371529326012464,17.502283391883214,63059600
2004-10-29,17.41510772705078,17.52718226342882,17.309259685758466,17.50850396575415,80010100
2004-11-01,17.48360252380371,17.608130082678056,17.40888575096254,17.533413309836885,72930900
2004-11-02,17.583232879638672,17.726438812575246,17.452479946327035,17.595685879263613,89417100
2004-11-03,17.72642707824707,17.838501625514937,17.62680552236066,17.838501625514937,79666700
2004-11-04,18.05642318725586,18.05642318725586,17.670388789681652,17.670388789681652,87867700
2004-11-05,18.249441146850586,18.280573625826946,18.075104014913556,18.187177376480516,95337700
2004-11-08,18.23076629638672,18.355292673105147,18.137370029369315,18.16850251423607,112802100
2004-11-09,18.53586196899414,18.610577575431517,18.274354971297022,18.324165771449657,100401000
2004-11-10,18.510957717895508,18.67906962958173,18.486052909266032,18.62925882473951,84097700
2004-11-11,18.666614532470703,18.728878328417917,18.56699293398841,18.610577234876523,87358900
2004-11-12,18.660385131835938,18.80359219651623,18.554537051463345,18.778686206977763,162269000
2004-11-15,19.007362365722656,19.083697579596116,18.87551231726255,18.9726652632036,104468000
2004-11-16,18.819990158081055,18.972659213537955,18.771412376990536,18.965719530525025,64522600
2004-11-17,18.85468292236328,18.97959454071028,18.778347750349248,18.910199050116514,58830700
2004-11-18,18.785295486450195,18.854691006799083,18.736719019288813,18.826932269215742,63249900
2004-11-19,18.63956069946289,18.785290058841653,18.625681334681367,18.757532652887683,85808600
2004-11-22,18.49383544921875,18.61180743729896,18.11216207087014,18.563230969902897,92410800
2004-11-23,18.41056251525879,18.528534507388585,18.32034793818979,18.40362283059121,70459700
2004-11-24,18.48689842224121,18.549354267473888,18.320349942823952,18.473020374997013,60069200
2004-11-26,18.459136962890625,18.61180603803024,18.424438543352508,18.43137822726013,24398700
2004-11-29,18.57711410522461,18.702025803059712,18.46608177906224,18.4868995129616,67079900
2004-11-30,18.604867935180664,18.743658977908986,18.528534052928617,18.563231151805958,75960400
2004-12-01,18.910213470458984,18.93103253059575,18.604873873169243,18.70202816353092,99889000
2004-12-02,18.79916763305664,19.01429247224392,18.681195690868336,18.92407925697472,96088300
2004-12-03,18.896324157714844,19.042054854799197,18.83386833376572,18.847747699889794,76498400
2004-12-06,18.96571922302246,19.042054411317842,18.78529143843922,18.80611048714046,55297400
2004-12-07,18.785295486450195,19.000420408283233,18.736719019288813,18.917146842752135,111656000
2004-12-08,18.98654556274414,18.98654556274414,18.674266330353078,18.743661862396614,95655000
2004-12-09,18.896324157714844,18.98653871391211,18.695078643352613,18.826928650703685,83006000
2004-12-10,18.792236328125,18.86163185274746,18.764478912441742,18.792236328125,70949200
2004-12-13,18.910213470458984,18.93103253059575,18.6742694166819,18.80612081699495,93812500
2004-12-14,18.896324157714844,18.965719664726002,18.76447415036377,18.7714125098166,127843200
2004-12-15,18.81305503845215,19.014300600205452,18.78529629966713,18.88938892289191,106303900
2004-12-16,18.84775733947754,18.93103225520329,18.743664687527755,18.840817652866235,88997500
2004-12-17,18.70895767211914,18.958780981085184,18.597925384491848,18.736716405830602,126184400
2004-12-20,18.7020206451416,18.840810352762233,18.660382541606978,18.743657425066854,85552800
2004-12-21,18.785295486450195,18.854691006799083,18.695082236523263,18.736719019288813,94646100
2004-12-22,18.715904235839844,18.840815936242585,18.584054173067848,18.625690965332176,63651900
2004-12-23,18.7436580657959,18.840810996812333,18.618746398140818,18.646505134779467,65801900
2004-12-27,18.63262367248535,18.80611178615168,18.611804622346057,18.74365595934306,55958500
2004-12-28,18.7020206451416,18.75753679291173,18.597926709914415,18.6326251295266,55075900
2004-12-29,18.667325973510742,18.736721503058813,18.611809814594213,18.632628870541524,47594900
2004-12-30,18.570180892944336,18.69509263432361,18.563241204688797,18.660394193045924,48355400
2004-12-31,18.54241180419922,18.6673234759515,18.51465439025952,18.563230857361084,54959500
2005-01-03,18.556291580200195,18.70202230831247,18.493835742953433,18.597928363828206,65002900
2005-01-04,18.62569236755371,18.80612024576219,18.500780657747086,18.646511427058105,109442100
2005-01-05,18.584049224853516,18.806113822615718,18.570169856591026,18.625686006031575,72463500
2005-01-06,18.563230514526367,18.77835543212145,18.486895311285444,18.632626033508167,76890500
2005-01-07,18.50771713256836,18.66038623827801,18.473020029691956,18.611809764807198,68723300
2005-01-10,18.597929000854492,18.6395671095182,18.41750249108321,18.45913927613739,70376600
2005-01-11,18.549354553222656,18.611810399417454,18.466080974036043,18.52159713469701,64712000
2005-01-12,18.584049224853516,18.632625690162822,18.473016925972416,18.577109540722272,72940600
2005-01-13,18.23012924194336,18.59792315424985,18.153794057000148,18.514649610320088,89861600
2005-01-14,18.126041412353516,18.355045703738714,18.070525260611937,18.320347281644313,92180800
2005-01-18,18.264829635620117,18.28564868717351,17.93173275242197,18.063584098374744,69146400
2005-01-19,18.028886795043945,18.223193984074477,17.987250012969344,18.18849556267111,58114100
2005-01-20,17.94561767578125,18.112166168940895,17.862342767396544,17.931738303782172,58380100
2005-01-21,17.799884796142578,18.132981742773154,17.792945110969907,18.00807138049389,76501000
2005-01-24,17.81376075744629,18.042765029881174,17.792941705912444,17.87621658843847,69010900
2005-01-25,18.056650161743164,18.174622177542783,17.869282608953807,17.876222295013758,67580700
2005-01-26,18.049707412719727,18.160739723617652,17.973372202623818,18.091344198404062,64974500
2005-01-27,18.11910057067871,18.153797666947565,17.938672758140026,18.008068274287115,93204100
2005-01-28,18.167678833007812,18.493836070487696,18.015008417652094,18.417502186419345,110466500
2005-01-31,18.237071990966797,18.403620430439315,18.15379710942587,18.285648453695114,71442100
2005-02-01,18.31340789794922,18.341166636080565,18.195435908109964,18.216254961708476,57981700
2005-02-02,18.361988067626953,18.389746811354133,18.23707769168391,18.33423064750953,79329500
2005-02-03,18.167678833007812,18.32034792475402,18.112162679317418,18.299530194376068,62545400
2005-02-04,18.264829635620117,18.299528054875772,18.139917973518475,18.160737025071867,61246500
2005-02-07,18.15380096435547,18.250953910442373,18.08440543560356,18.230136178343532,57763400
2005-02-08,18.209320068359375,18.27871560833741,18.153803901098915,18.174622960175274,61343700
2005-02-09,18.091341018676758,18.257889455751158,18.070523291298283,18.216252677384887,77874800
2005-02-10,18.084407806396484,18.132984285808114,18.04277101313077,18.112166550980156,71796400
2005-02-11,18.02194595336914,18.12603988728474,17.910913659227894,18.06358405637912,83835900
2005-02-14,18.049707412719727,18.126042622815632,17.980311887506133,17.994191257270764,58694000
2005-02-15,18.04970932006836,18.154123106444295,18.000982974939145,18.098435665197574,76551600
2005-02-16,17.95225715637207,18.04970984948891,17.868725328205233,18.007944599252173,57506600
2005-02-17,17.854799270629883,18.00097960635564,17.819995124248695,17.896564511825922,67024800
2005-02-18,17.736467361450195,17.85480334491964,17.680779917917125,17.847842248516336,77091100
2005-02-22,17.56243896484375,17.743423437036803,17.541557009236133,17.57636115371083,96419200
2005-02-23,17.54155731201172,17.645971074931055,17.520674028350637,17.56940036253346,83689400
2005-02-24,17.659893035888672,17.708619369441994,17.50675161307193,17.527634896463216,85236300
2005-02-25,17.57636260986328,17.666854189610277,17.50675298745391,17.632050042252153,62467700
2005-02-28,17.513713836669922,17.659894174447356,17.49283055193226,17.555479078452148,82728000
2005-03-01,17.597244262695312,17.687735834048937,17.49282917491952,17.534595741107033,56394800
2005-03-02,17.583322525024414,17.736462621894763,17.513712907285882,17.53459619091535,67739000
2005-03-03,17.52066421508789,17.61811682887067,17.499780943123458,17.611155738215857,52183600
2005-03-04,17.52066421508789,17.611155738215857,17.49281985246865,17.548507250014847,63058200
2005-03-07,17.729503631591797,17.95225470033109,17.513714985915026,17.520676081284368,80407400
2005-03-08,17.680784225463867,17.833925728259516,17.639018964562194,17.680784225463867,52871800
2005-03-09,17.61812400817871,17.799108455877295,17.59724205539726,17.673811428417288,62991800
2005-03-10,17.701658248901367,17.736462393475893,17.576361204124254,17.701658248901367,59132900
2005-03-11,17.46497344970703,17.736449294433534,17.444090181769596,17.715567354188128,60617900
2005-03-14,17.478914260864258,17.506757320102857,17.374499137562534,17.458030970665224,65550500
2005-03-15,17.339689254760742,17.569400060309068,17.32576706589284,17.471947393619782,71469400
2005-03-16,17.14478874206543,17.3814607269218,17.09606239124679,17.27704692835422,74841400
2005-03-17,17.082134246826172,17.179586906941402,17.07517315286181,17.151742531083954,60573200
2005-03-18,16.922035217285156,17.33969164709461,16.901153258795258,17.075176660574765,135904000
2005-03-21,16.845470428466797,16.956845329837357,16.810664941980026,16.949884232540004,71446200
2005-03-22,16.69927978515625,16.89418640670439,16.678396506089143,16.838498990218167,102113300
2005-03-23,16.83153533935547,16.97771428753262,16.67839397152127,16.699277247414805,79293300
2005-03-24,16.901147842407227,17.03340462943562,16.845460424791913,16.87330346975319,78820900
2005-03-28,16.845470428466797,17.03341474472115,16.831548233872088,16.984688391333222,49802000
2005-03-29,16.650550842285156,16.87330047318783,16.58094125070494,16.80369088160761,74231700
2005-03-30,16.817617416381836,16.838500697566413,16.706242572116487,16.73408694702926,59585700
2005-03-31,16.824581146240234,16.922033818318397,16.789776999838914,16.880268577098196,62382300
2005-04-01,16.78977394104004,16.94987510962745,16.775851753938653,16.873304408262673,64619600
2005-04-04,16.866350173950195,16.88723346309513,16.664483689656034,16.782819672757224,62196400
2005-04-05,17.03340721130371,17.05429049395966,16.789775552115803,16.85938383891637,73549600
2005-04-06,17.172636032104492,17.3605816979066,17.019495856836315,17.03341672535618,78020200
2005-04-07,17.47195053100586,17.492832490364414,17.14478567232722,17.16566895937902,77451500
2005-04-08,17.360578536987305,17.576367228233227,17.33969524646926,17.451070140511895,47956300
2005-04-11,17.381450653076172,17.478904625925093,17.304881286607454,17.423217210451156,47791800
2005-04-12,17.625091552734375,17.64597484085227,17.26312252485078,17.346654349629034,67517800
2005-04-13,17.430177688598633,17.715575848798377,17.39537222534704,17.56243446587669,60929300
2005-04-14,17.290969848632812,17.499797454541113,17.284008751410063,17.40930584603246,66754400
2005-04-15,17.026451110839844,17.332732707826132,16.991646957231715,17.10998293827005,100251600
2005-04-18,17.158706665039062,17.290964818408145,16.98468326817722,17.01948874416548,75766400
2005-04-19,17.14478874206543,17.263124734493616,17.019492980400422,17.20047618981437,65956200
2005-04-20,16.929004669189453,17.193521113973325,16.91508247152844,17.165676718651298,91923500
2005-04-21,17.597244262695312,17.673813645319765,17.033407568400822,17.040368662765406,93562300
2005-04-22,17.38841438293457,17.576359936545916,17.249196486983617,17.43714071290205,80087500
2005-04-25,17.39537811279297,17.597245884896136,17.30488653309738,17.4510655451502,75457900
2005-04-26,17.235279083251953,17.57636481539585,17.221356891484458,17.367537249656575,60464300
2005-04-27,17.39537811279297,17.506752977507432,17.14478400333886,17.165667288357742,47732800
2005-04-28,17.019485473632812,17.346648918894502,17.01252437977283,17.277039307987597,83623100
2005-04-29,17.611164093017578,17.611164093017578,17.256157595051835,17.31880478528062,98641200
2005-05-02,17.56243896484375,17.65293186478678,17.36753363147662,17.56243896484375,54376700
2005-05-03,17.652936935424805,17.680779993463617,17.464991314812618,17.49283437285143,67867800
2005-05-04,17.54851531982422,17.680773447700886,17.47890703665082,17.63900821225827,86864200
2005-05-05,17.56243896484375,17.632048581486156,17.458025203726642,17.541557009236133,59362300
2005-05-06,17.555477142333984,17.73646160702109,17.5345951875924,17.632047850234322,64322600
2005-05-09,17.478914260864258,17.63205440591017,17.43714768046619,17.5624447662735,61872400
2005-05-10,17.33272361755371,17.45802062913942,17.277036204370358,17.430177586394073,62235100
2005-05-11,17.339689254760742,17.381454493671438,17.15174368812311,17.32576706589284,59463300
2005-05-12,17.40233039855957,17.478901077174815,17.283994498741666,17.290955590224186,74540700
2005-05-13,17.611164093017578,17.666851516982096,17.395375491116678,17.423219866945395,77204300
2005-05-16,17.79970932006836,17.806692496562246,17.590219352870694,17.61815072694151,50577300
2005-05-17,17.778759002685547,17.806691707423198,17.632116298526892,17.674014023728695,39983200
2005-05-18,17.946348190307617,18.044109969236608,17.75082330054529,17.806687364491047,71182400
2005-05-19,18.099979400634766,18.190758032002414,17.94635351220308,17.98126806305877,52120800
2005-05-20,17.974279403686523,18.09997387947314,17.967296229264562,18.0720411817853,64444500
2005-05-23,18.051095962524414,18.204721829388934,17.974282363139878,17.974282363139878,75421100
2005-05-24,17.981266021728516,18.072044642790488,17.96031649445056,18.016180568620523,61287700
2005-05-25,17.953330993652344,17.995230042782136,17.80668831741131,17.932382800991864,35749000
2005-05-26,18.08600616455078,18.155836571591596,17.967294872152667,17.981261219941675,50579200
2005-05-27,18.204721450805664,18.218687801658692,18.023162885429873,18.0371292362829,54978000
2005-05-31,18.016183853149414,18.176794261085444,17.981269299892137,18.148861552955758,46131100
2005-06-01,18.023164749145508,18.155842432159982,17.883505221887074,17.9673006718612,54621000
2005-06-02,18.009206771850586,18.058087692102777,17.9044604205614,17.953341340813587,27212500
2005-06-03,17.7578067779541,18.023160753247,17.69495953845498,17.94634849645147,79659500
2005-06-06,17.715909957885742,17.80668856847137,17.674010908165204,17.72289180093473,40756900
2005-06-07,17.813678741455078,18.037135100130783,17.674017851330284,17.687984206723755,54511400
2005-06-08,17.73686981201172,17.890497098180976,17.69497206664979,17.841614841369196,45369700
2005-06-09,17.813678741455078,17.883509186517475,17.701950562117226,17.736865118695945,52767900
2005-06-10,17.7578067779541,17.820654017453226,17.69495953845498,17.79970449365206,39459800
2005-06-13,17.674013137817383,17.799707639027023,17.639098590550084,17.708929016989284,49104100
2005-06-14,17.70893669128418,17.764800790263727,17.625139876862267,17.674020796981225,44243300
2005-06-15,17.63909912109375,17.74384409795074,17.53435414423676,17.73686092190632,50764800
2005-06-16,17.4854679107666,17.618144219430373,17.422620677439873,17.61116104551582,65918800
2005-06-17,17.4854679107666,17.660043262917686,17.401671155696217,17.64607691508858,90821300
2005-06-20,17.53435707092285,17.653068419682967,17.408662544952744,17.443577099097833,50538900
2005-06-21,17.56229019165039,17.590222903263847,17.485477898523385,17.513409278231844,81084000
2005-06-22,17.506420135498047,17.6390978066457,17.478488765306434,17.534352837594202,60492700
2005-06-23,17.674013137817383,17.890487592969365,17.562284988276502,17.576251339945262,105159800
2005-06-24,17.4854679107666,17.73685551216928,17.4854679107666,17.61116104551582,57970700
2005-06-27,17.492456436157227,17.632117304000317,17.478491414896716,17.506422789322485,61636200
2005-06-28,17.506420135498047,17.597200085406012,17.478488765306434,17.520386486546126,53058100
2005-06-29,17.520376205444336,17.68098515253694,17.457528994511794,17.611154770178143,55859900
2005-06-30,17.34581756591797,17.555307582182106,17.331851209659018,17.499443489051334,82018200
2005-07-01,17.25503921508789,17.45056422550182,17.22710783183171,17.35280238624744,69718400
2005-07-05,17.44356918334961,17.590213174403853,17.19218157739189,17.220112941651966,61883500
2005-07-06,17.248044967651367,17.51339891138105,17.241061793881613,17.43658533181794,64214600
2005-07-07,17.213134765625,17.255032490132688,17.10838978840346,17.164253865048593,80082900
2005-07-08,17.520376205444336,17.541325719723105,17.19915697935536,17.206140150781618,56104000
2005-07-11,17.660045623779297,17.722891533603267,17.534351140322524,17.562282507810465,61525400
2005-07-12,17.883506774902344,17.89048995165739,17.597203187469407,17.625134562584808,63384800
2005-07-13,17.918413162231445,17.98126039248567,17.792718701722993,17.82763456958877,44749200
2005-07-14,18.13489532470703,18.22567529485349,18.009202132965907,18.009202132965907,69506800
2005-07-15,18.009206771850586,18.22567998949822,17.981274056332087,18.183782248125656,56472800
2005-07-18,17.84160614013672,18.00919970366079,17.84160614013672,17.95333429454966,39668000
2005-07-19,18.2675724029541,18.33041966263552,17.981268811918653,18.009201519290304,113290100
2005-07-20,18.28852081298828,18.316452186743845,18.07204633983525,18.155843124911378,71424800
2005-07-21,18.463102340698242,18.491033723701758,18.15584913622862,18.365339170423045,112932100
2005-07-22,17.932388305664062,18.393267332331657,17.897472420671168,18.148861465000703,97558900
2005-07-25,17.93936538696289,18.086008058390178,17.911432688459957,17.93936538696289,45174600
2005-07-26,17.834627151489258,17.974286700914654,17.827643974232256,17.960320346400653,51476400
2005-07-27,17.96031951904297,18.016183602620675,17.827643152986422,17.88350723656413,57977300
2005-07-28,17.981266021728516,18.051096447417116,17.918418771799235,17.981266021728516,44738700
2005-07-29,17.883506774902344,18.155844008825195,17.869540421392255,18.002218115928546,59524400
2005-08-01,18.099979400634766,18.190758032002414,17.988251239610857,18.023165790466553,61346800
2005-08-02,18.721464157104492,18.784311403071378,18.06506165996848,18.086009854021107,137510100
2005-08-03,19.02872085571289,19.154415371717775,18.66560366101095,18.68655319098002,139422400
2005-08-04,19.077598571777344,19.20329306677368,18.88905682928284,18.965870427759388,91461400
2005-08-05,19.38485336303711,19.510547869246235,19.028719372746146,19.056652077194688,82212400
2005-08-08,18.94492530822754,19.440720228054648,18.910010754564368,19.412787519600233,77207200
2005-08-09,19.098541259765625,19.21026936377789,18.861118705763545,19.00776134281562,64761800
2005-08-10,18.81922721862793,19.20329253659809,18.74939679756849,19.140445290835046,62818800
2005-08-11,19.04269027709961,19.063638478538998,18.777334849024236,18.840182117152352,48646800
2005-08-12,18.889055252075195,18.951902494325715,18.784310292292474,18.91000477679351,52006500
2005-08-15,19.001117706298828,19.120181162239227,18.692954567510473,18.8960620300821,45976600
2005-08-16,18.72797203063965,19.008120936107954,18.699957808020493,18.931080822013765,46894600
2005-08-17,18.875057220458984,19.015131051124484,18.671948362588694,18.78400796146341,52413100
2005-08-18,18.783994674682617,18.966091728012383,18.769986900767673,18.833020547530083,40861900
2005-08-19,18.713964462280273,18.847035694822985,18.699958018740542,18.805013692493056,36043500
2005-08-22,18.84703826904297,19.029135418484874,18.748986471595614,18.762994252903965,41691700
2005-08-23,18.81902503967285,18.95909885261349,18.727975792198595,18.798013366596724,48296700
2005-08-24,18.77699089050293,19.022121591936852,18.755980565370354,18.798002551490356,63645000
2005-08-25,18.93107795715332,18.973099952650497,18.80501063480665,18.8400287417451,39306300
2005-08-26,18.88905143737793,18.966092862664315,18.819015235322954,18.95208508791135,36774600
2005-08-29,19.015132904052734,19.071162708949913,18.777005899275746,18.777005899275746,52307700
2005-08-30,19.0361385345459,19.071156650536313,18.882055618134878,18.952093185971204,55163200
2005-08-31,19.176219940185547,19.218243299068273,18.938094252463554,19.029142191664075,65210200
2005-09-01,19.050142288208008,19.183212169525873,19.015122843764978,19.17620828063727,75974500
2005-09-02,18.9240665435791,19.09915968035717,18.889047114710714,19.05713636571511,52047500
2005-09-06,18.910066604614258,19.113175368615043,18.89605882726486,18.952088600807286,46089000
2005-09-07,18.805009841918945,18.987106929202355,18.783998177128712,18.868043500434553,44656100
2005-09-08,18.63692283630371,18.82602249938457,18.57388916999167,18.76999272220223,52552300
2005-09-09,18.615909576416016,18.783998893583828,18.5808914696184,18.643925130538225,41515800
2005-09-12,18.63692283630371,18.73497461240899,18.57388916999167,18.64392672543341,40550500
2005-09-13,18.545881271362305,18.741986240402987,18.468841130835024,18.587904623492616,63422900
2005-09-14,18.42681121826172,18.657934229269138,18.419807328733572,18.573890226642078,54969600
2005-09-15,18.398801803588867,18.510861393609538,18.363782346797603,18.468839381315707,60357200
2005-09-16,18.258724212646484,18.489847253217118,18.188686644261793,18.447825246528506,187384300
2005-09-19,18.209693908691406,18.398794896809985,18.11164213819519,18.2727275713976,61832300
2005-09-20,18.097637176513672,18.36377831034973,17.992581500943,18.25872263477906,61043400
2005-09-21,17.852506637573242,18.139659445068446,17.810484633901005,18.06962188171111,68281800
2005-09-22,17.74744987487793,17.929546994126206,17.614378646224317,17.852505545560117,71314900
2005-09-23,17.698423385620117,17.88752438796476,17.59336771849152,17.72643760678861,66396800
2005-09-26,17.698423385620117,17.85250494168504,17.656400050084454,17.789471274236824,56203700
2005-09-27,17.74744987487793,17.82449132344402,17.719434316906504,17.768461543356498,48797900
2005-09-28,17.97857093811035,18.118646041090336,17.775462172374887,17.782466061109407,71019400
2005-09-29,18.167673110961914,18.209695110253794,17.859508665825835,17.93655011107367,66807100
2005-09-30,18.02058982849121,18.1746726823813,17.936545849873852,18.146657132272207,57644500
2005-10-03,17.859514236450195,18.020599730526538,17.817492224051083,18.006591947774936,55341300
2005-10-04,17.495317459106445,17.782470286172426,17.33423198750465,17.761459950832062,151666300
2005-10-05,17.2781982421875,17.544339337091646,17.2781982421875,17.537336784152625,73684700
2005-10-06,17.32021713256836,17.474299986694593,17.180143389373097,17.271191255657268,81724600
2005-10-07,17.222169876098633,17.397263102707317,17.17314398638505,17.348237212993734,50768700
2005-10-10,17.131122589111328,17.28520550091372,17.054082469065587,17.278201610754024,48880900
2005-10-11,17.09610366821289,17.194155454115297,16.984044102651456,17.166141230652634,76567300
2005-10-12,17.01906394958496,17.299214227881357,16.998053613811603,17.152135198190194,71294400
2005-10-13,17.222169876098633,17.3202216555258,16.998050759776365,17.026064981388995,70192000
2005-10-14,17.2781982421875,17.320220239097587,17.159134804396256,17.30621246150916,53846700
2005-10-17,17.18015480041504,17.29221440374311,17.11712110656102,17.285210511553124,46924400
2005-10-18,17.208162307739258,17.390259425941114,17.124118306018598,17.15213252797371,69328200
2005-10-19,17.572355270385742,17.572355270385742,17.159135173621937,17.201157171436243,66574500
2005-10-20,17.362241744995117,17.600367259666665,17.32722230470882,17.544337491063644,58830600
2005-10-21,17.35523796081543,17.50931949143221,17.208158982442765,17.446285834394647,69431200
2005-10-24,17.579360961914062,17.579360961914062,17.28520427534072,17.43228195069971,51868000
2005-10-25,17.53032684326172,17.600363035314462,17.390251787446758,17.47429708810668,41310500
2005-10-26,17.586366653442383,17.740448234251375,17.46029929830071,17.488313523968028,58178100
2005-10-27,17.40427589416504,17.698432718759737,17.40427589416504,17.663413254012756,61566100
2005-10-28,17.880517959594727,17.929543841569156,17.579357443631693,17.579357443631693,106559300
2005-10-31,17.999584197998047,18.069620419833868,17.8595090826158,17.936550529661567,75122100
2005-11-01,18.181684494018555,18.279737633484057,17.936554984993883,17.936554984993883,71370400
2005-11-02,18.5318603515625,18.55987589979139,18.160663688513786,18.160663688513786,75067100
2005-11-03,18.517864227294922,18.657938038892414,18.38479297080004,18.62992381091516,73421600
2005-11-04,18.671937942504883,18.706956046665063,18.52486030200606,18.580890070175382,57464000
2005-11-07,18.917072296142578,18.96609818568262,18.699957069955836,18.713963512784918,77104800
2005-11-08,18.94508934020996,19.03613857936822,18.748985752833097,18.86804921767855,60091700
2005-11-09,18.88205337524414,19.015124604740848,18.868046932025017,18.896061154318602,59562100
2005-11-10,18.973102569580078,19.01512457087328,18.657934220242733,18.868046898419408,73314800
2005-11-11,19.10616683959961,19.183206924600135,19.00110987084961,19.015117644796923,51945600
2005-11-14,19.169212341308594,19.21823824458839,19.050148860833794,19.162208450003526,67152200
2005-11-15,19.316713333129883,19.3448110137955,19.141106848283247,19.197300869843325,65081000
2005-11-16,19.48529815673828,19.583637373449502,19.274570880993853,19.302667225866482,86277000
2005-11-17,19.646860122680664,19.66793339077428,19.49935126534024,19.56256972984946,91351000
2005-11-18,19.71710205078125,19.84353897364937,19.59768955026931,19.752224162562158,75431200
2005-11-21,19.780315399169922,19.83650942372212,19.555539300961144,19.7170969540773,65794400
2005-11-22,19.604711532592773,19.724124018242453,19.569590764954626,19.71007517527863,104253300
2005-11-23,19.611740112304688,19.73115262327311,19.485303178364983,19.611740112304688,70541300
2005-11-25,19.499343872070312,19.625780753149602,19.295639710382318,19.527440212437305,44082500
2005-11-28,19.492321014404297,19.56256388060865,19.33778778057171,19.520418696794533,57517200
2005-11-29,19.443161010742188,19.520428335697577,19.38696695798515,19.520428335697577,62220400
2005-11-30,19.443161010742188,19.506379487565344,19.4080388904116,19.443161010742188,55904700
2005-12-01,19.590665817260742,19.73817601238793,19.478277735150325,19.478277735150325,61006100
2005-12-02,19.674951553344727,19.73816999773926,19.520418322475432,19.541490244092802,42319600
2005-12-05,19.562570571899414,19.681983083359963,19.464229989667864,19.61876461612957,47517300
2005-12-06,19.450180053710938,19.6117377432193,19.4431556315882,19.597688898973825,65980000
2005-12-07,19.492321014404297,19.492321014404297,19.35183528199559,19.43612698939506,55583200
2005-12-08,19.450180053710938,19.534470439640724,19.386961594377834,19.464227558184884,63931600
2005-12-09,19.464223861694336,19.54851557138764,19.415054255944607,19.464223861694336,48467000
2005-12-12,19.281593322753906,19.49232057686559,19.19730161724651,19.45719981443738,63757200
2005-12-13,19.05681800842285,19.26754662575329,18.96550321208628,19.169207408195234,104285500
2005-12-14,19.028722763061523,19.134086407930493,18.860140663316887,18.965504308185857,65076200
2005-12-15,18.909311294555664,19.042772633130888,18.83204399225872,19.02169936711222,79018100
2005-12-16,18.895252227783203,19.021689075947002,18.832033803701304,18.881203391371496,88542500
2005-12-19,18.846092224121094,18.87418991123333,18.719655311658958,18.839067802343035,68680100
2005-12-20,18.867168426513672,18.881215932485105,18.733707071497502,18.79692553756981,62960600
2005-12-21,18.77584457397461,18.902281454301086,18.761795733989196,18.87418511410138,75800900
2005-12-22,18.677501678466797,18.810962952382035,18.558089241757553,18.76179202216105,91276900
2005-12-23,18.712629318237305,18.733702581801573,18.57214491378957,18.628338943522934,30689200
2005-12-27,18.5861873626709,18.860134355432734,18.579164283163788,18.74072190724706,37819000
2005-12-28,18.537025451660156,18.726680831473782,18.508929102671956,18.621317178167835,35444400
2005-12-29,18.45273780822754,18.61429552329964,18.445713384993308,18.551077053963297,34495500
2005-12-30,18.368436813354492,18.480824848926513,18.333316054652386,18.368436813354492,49044600
2006-01-03,18.85311508178711,18.96550314136907,18.333319971277703,18.438683609664373,79973000
2006-01-04,18.94442367553711,19.021690943617305,18.803939316938738,18.803939316938738,57975600
2006-01-05,18.958484649658203,19.056823897606314,18.902290602291888,18.93741137948142,48245500
2006-01-06,18.902286529541016,18.96550498667833,18.607267509490715,18.888237685783505,100963000
2006-01-09,18.867168426513672,19.014677287501275,18.79692553756981,18.91633804684287,55625000
2006-01-10,18.965499877929688,18.97954871790285,18.677505357335406,18.71965053748378,64921900
2006-01-11,19.169208526611328,19.239450063381653,18.89526144207561,18.97252874024869,70120700
2006-01-12,19.0638370513916,19.148128742497843,18.944424603857502,19.141104323258073,45994800
2006-01-13,19.098962783813477,19.141107967505064,18.972525892967475,18.98657473412175,41418000
2006-01-17,18.958484649658203,19.098970437959878,18.89526617889963,18.89526617889963,58566600
2006-01-18,18.846092224121094,18.951455871249053,18.754777420549253,18.782873767890027,52376200
2006-01-19,18.979541778564453,19.13407494245518,18.8601293619946,18.874178196831203,60367600
2006-01-20,18.551071166992188,18.972527048899664,18.445707531458147,18.972527048899664,79165900
2006-01-23,18.508934020996094,18.63537097446956,18.47381190071352,18.551079225563285,47925600
2006-01-24,18.459753036499023,18.579165492457097,18.41760651808718,18.501898215139793,63040700
2006-01-25,18.544048309326172,18.663460796937397,18.42463582171495,18.551072730923472,59072100
2006-01-26,18.61428451538086,18.76881771583252,18.48082323239887,18.65642969009114,69509300
2006-01-27,19.520423889160156,19.63281196907347,19.09896791959944,19.127064269691967,134520700
2006-01-30,19.66793441772461,19.794371353344882,19.513401129617446,19.541497482104333,103999200
2006-01-31,19.77328872680664,19.934846361524283,19.57661033315771,19.604706672348527,94841300
2006-02-01,19.696020126342773,19.717092042944238,19.499340419513455,19.63982477601649,68448800
2006-02-02,19.443161010742188,19.660912797704228,19.35184483765456,19.646863949571994,55073400
2006-02-03,19.344812393188477,19.457200444322524,19.20432665938529,19.30266586918477,75022700
2006-02-06,19.08491325378418,19.34481144667222,19.028719230966654,19.323738185701455,60170500
2006-02-07,18.923364639282227,19.070873517181752,18.832048471254286,18.93038906295913,72159500
2006-02-08,18.902286529541016,19.021699021936886,18.76180077150888,18.972529408557083,51795200
2006-02-09,18.726675033569336,18.986573215044544,18.719650613554208,18.937402274938652,52861700
2006-02-10,18.74774932861328,18.88823371735811,18.621312440903097,18.69857972556403,52127000
2006-02-13,18.537025451660156,18.754778520233522,18.501904680482024,18.705607564903975,46707000
2006-02-14,18.719655990600586,18.740729256699066,18.50892868870182,18.55107388112727,58432900
2006-02-15,18.945194244384766,18.980435368746708,18.677368420791208,18.747849325203653,62808900
2006-02-16,18.895851135253906,18.959283791700294,18.72669783283386,18.92404402447939,48868500
2006-02-17,18.818330764770508,18.89585855194863,18.719656958062433,18.79718608955203,41513200
2006-02-21,18.705562591552734,18.83242661494337,18.564600773147767,18.83242661494337,50216100
2006-02-22,18.83242416381836,18.931097961583607,18.656222585901343,18.698511932505603,43043100
2006-02-23,18.79014015197754,18.952245315452654,18.705564129430368,18.839476389181996,47359100
2006-02-24,18.768985748291016,18.84651484904418,18.691457991848793,18.740794203487738,44753800
2006-02-27,19.065017700195312,19.21302778296996,18.7971917877957,18.8535762611594,51301500
2006-02-28,18.938140869140625,19.241206368850808,18.938140869140625,18.9945253044717,65036100
2006-03-01,19.128440856933594,19.17073019909068,18.994528639703123,19.015671966470453,53061200
2006-03-02,19.008623123168945,19.10024868387811,18.959286903238397,19.04386424048446,41850300
2006-03-03,18.980430603027344,19.142535701455646,18.84651705269866,18.895853270106304,45218800
2006-03-06,18.966339111328125,19.13549247704641,18.909954656088697,18.973387336271987,53054100
2006-03-07,19.072059631347656,19.100252530878425,18.895858042214666,18.959290721847456,51613900
2006-03-08,19.20596694946289,19.38216848110934,19.008620750066907,19.022717195233263,57547400
2006-03-09,19.029766082763672,19.32578472004577,19.029766082763672,19.220064066225962,45360700
2006-03-10,19.14959144592285,19.184831230966235,18.945196928598666,19.072062305653454,41297200
2006-03-13,19.1072998046875,19.23416515763831,18.987482676268556,19.156636032099176,40342600
2006-03-14,19.19186782836914,19.297588463754153,19.02271454289096,19.057955650893174,39821800
2006-03-15,19.283504486083984,19.346937172760175,19.036821965044528,19.17073556406222,57152000
2006-03-16,19.220067977905273,19.36807665451361,19.18482685658568,19.269404203441386,73793700
2006-03-17,19.38216781616211,19.494936685002177,19.220062735243385,19.276447169663417,120615000
2006-03-20,19.657052993774414,19.72753391313498,19.501996046630545,19.523140725732233,67094100
2006-03-21,19.551328659057617,19.889635396040024,19.509040653012686,19.551328659057617,73199600
2006-03-22,19.13549041748047,19.382172886719157,18.888807948241784,19.086154192494995,145696100
2006-03-23,18.924053192138672,19.100254802225045,18.79013959206578,19.08615835078335,73682900
2006-03-24,19.036815643310547,19.177776076871904,18.76194165520143,18.825372976501797,69157600
2006-03-27,19.036815643310547,19.241208742483412,19.029767419985806,19.036815643310547,59908600
2006-03-28,18.959287643432617,19.177777202074225,18.89585497409937,19.03681676024241,58520500
2006-03-29,19.043859481811523,19.170724783823974,18.9733786091034,18.994523274209087,53150300
2006-03-30,19.19186782836914,19.304636685354595,19.0297627644914,19.050907429292728,54612000
2006-03-31,19.177780151367188,19.410367537565477,19.177780151367188,19.241212830455552,62190500
2006-04-03,19.424461364746094,19.544278490216517,19.33988536106776,19.501990488377352,57605300
2006-04-04,19.480846405029297,19.593615309555062,19.361029275931752,19.45265485105355,45470000
2006-04-05,19.551328659057617,19.69229047162269,19.48084775277508,19.650001121266286,41539300
2006-04-06,19.424461364746094,19.5372302658581,19.290549134870176,19.49494226401893,51885500
2006-04-07,19.20596694946289,19.537225345006252,19.191870504296535,19.459697585213295,47249400
2006-04-10,19.234159469604492,19.339880117695404,19.17072681188775,19.191870134919345,39432000
2006-04-11,19.12139320373535,19.2553067692724,19.02976898161711,19.23416344187425,42953400
2006-04-12,19.170726776123047,19.170726776123047,19.008620348754363,19.100245896090268,32183000
2006-04-13,19.079111099243164,19.170736693980984,19.029774860989725,19.086159325323894,28160000
2006-04-17,18.91699981689453,19.065008483807087,18.839470699381536,19.050913380513915,35796200
2006-04-18,19.184825897216797,19.38217213380394,18.902903662314625,18.987481004940904,56272700
2006-04-19,19.050922393798828,19.163691339364327,19.001584803841034,19.107306866581578,45111100
2006-04-20,19.050922393798828,19.163691339364327,18.818336275531,19.06501750376061,45648300
2006-04-21,19.13549041748047,19.30464376499266,19.029769743324263,19.06500951993923,58528000
2006-04-24,19.1072998046875,19.20597225951085,19.015674230084638,19.079106906560042,42318400
2006-04-25,19.1072998046875,19.177779361383394,19.043867128212096,19.09320335562377,49222500
2006-04-26,19.100250244140625,19.191874468023226,19.02976934806332,19.086153796062906,39190000
2006-04-27,19.20596694946289,19.473792686068652,18.987477426628374,19.008620750066907,96509600
2006-04-28,17.021072387695312,17.267754868971465,16.91535170838021,17.077456839617458,591052200
2006-05-01,17.119747161865234,17.620159033136822,16.97878535187556,17.14089049234567,174800900
2006-05-02,16.922401428222656,17.62015958653194,16.84487229586224,17.260708169649313,190533500
2006-05-03,16.330360412597656,16.929445977316668,16.316263965354572,16.908301306452046,211527100
2006-05-04,16.520662307739258,16.682767456273705,16.309219582235983,16.457229624519425,171257400
2006-05-05,16.774383544921875,16.88010552845447,16.577038710190873,16.675711127556372,131604300
2006-05-08,16.725053787231445,17.620158143558974,16.569996879520225,16.809631137817536,80693500
2006-05-09,16.64752197265625,16.91534772006034,16.55589641969173,16.739146181309714,75345900
2006-05-10,16.753244400024414,16.76734084725093,16.626379063608155,16.682763508203028,76563300
2006-05-11,16.3656005859375,16.767341276306094,16.316264363693435,16.710955485957186,92916700
2006-05-12,16.330360412597656,16.47132219640608,16.24578307345036,16.309215741733034,83115900
2006-05-15,16.37989044189453,16.436494761862477,16.294984636719335,16.344513247997106,67314800
2006-05-16,16.280838012695312,16.981317184614184,16.210082254515317,16.386970975188383,82095100
2006-05-17,16.082712173461914,16.330356498545154,16.082712173461914,16.195920776433738,98598300
2006-05-18,16.153470993041992,16.372812534771874,16.103942388414595,16.16054670078209,95476400
2006-05-19,15.962433815002441,16.20300252339129,15.934132328485019,16.125172423303255,100071200
2006-05-22,16.188852310180664,16.28791089424765,15.884604897096198,15.905830676175576,87322300
2006-05-23,16.12517547607422,16.542631590723907,16.11102405535965,16.351592809292274,79986300
2006-05-24,16.627525329589844,16.655828148148895,16.259596785638195,16.26667249027796,107356700
2006-05-25,16.797348022460938,16.924708081405218,16.655837895508874,16.677063672297283,83052700
2006-05-26,16.78319549560547,16.89640412950592,16.66998686170502,16.818574037170215,46861600
2006-05-30,16.37989044189453,16.811499225121015,16.372814733204358,16.662912041734256,52497500
2006-05-31,16.026111602783203,16.5214003682507,16.026111602783203,16.457720345560496,120202000
2006-06-01,16.146387100219727,16.160538508526145,16.00487706581325,16.08978281654662,80230800
2006-06-02,16.10393714904785,16.266674325464198,16.04025714965836,16.18176855931342,73935600
2006-06-05,15.919981956481934,16.082719225922,15.912906246999288,16.075643516439353,63914100
2006-06-06,15.658180236816406,15.96242888280213,15.552047333451245,15.955353175970707,126601300
2006-06-07,15.594500541687012,15.84214351662109,15.57327342259852,15.672330612572152,73827500
2006-06-08,15.644038200378418,15.714792605893791,15.544979603460096,15.587433866233853,104126900
2006-06-09,15.509596824645996,15.70063688978328,15.488369700890757,15.672334058109625,52573800
2006-06-12,15.361010551452637,15.636957778117281,15.3539361926758,15.537899211047733,74309700
2006-06-13,15.219499588012695,15.587428303423595,15.184121048327054,15.37516111396963,113175300
2006-06-14,15.48129940032959,15.523753662668629,15.24780635567993,15.27610919723929,86081500
2006-06-15,15.615735054016113,15.658187966408244,15.4246949239209,15.573282141623984,121577300
2006-06-16,15.63696575164795,15.76432586742785,15.41762407977926,15.544982846005103,147506500
2006-06-19,15.955355644226074,15.99073418385616,15.6511083007271,15.665258367025839,129640900
2006-06-20,15.962433815002441,16.10394529625006,15.919980910449556,15.948283746520481,90598500
2006-06-21,16.330360412597656,16.379889019574694,15.941205915303781,15.997810230356588,91660300
2006-06-22,16.188852310180664,16.394043838305354,16.118097913844597,16.316212382871356,76590600
2006-06-23,15.919981956481934,16.18177780912544,15.919981956481934,16.167626390160148,60532600
2006-06-26,16.146387100219727,16.19591567973962,16.011951420413883,16.026102828720305,53644100
2006-06-27,16.174694061279297,16.38695984205422,16.160542649346855,16.195919829625037,84759100
2006-06-28,16.386966705322266,16.450646736136104,16.210078030740156,16.245455225835183,71906500
2006-06-29,16.606300354003906,16.719508943712235,16.42941176389054,16.500167469846456,121395500
2006-06-30,16.48602294921875,16.733667348793123,16.48602294921875,16.65583725430942,73048800
2006-07-03,16.76904296875,16.78319303374691,16.59215433553345,16.64875864418062,25711400
2006-07-05,16.52139663696289,16.64168094715053,16.486018104817695,16.613378121434376,53093500
2006-07-06,16.613380432128906,16.705363278946958,16.570927537203065,16.592154659442585,44775200
2006-07-07,16.48602294921875,16.662911613264246,16.48602294921875,16.549702976239402,63168800
2006-07-10,16.627525329589844,16.74073390472071,16.54261822346536,16.577996746664173,50565100
2006-07-11,16.344514846801758,16.535554951463475,16.089794707252807,16.535554951463475,88676300
2006-07-12,16.019039154052734,16.18885213259298,16.004889084672907,16.12517344649978,77379300
2006-07-13,15.750166893005371,15.997811293907546,15.743091184459203,15.827998337459789,73099500
2006-07-14,15.771393775939941,15.955356797095636,15.728939525316266,15.764318067502662,67499400
2006-07-17,15.9058256149292,15.99780846018284,15.750164103146417,15.771391225024914,37053500
2006-07-18,16.08979606628418,16.10394748624411,15.905831655466146,15.983663115692076,65047300
2006-07-19,16.556777954101562,16.59923085372409,16.07564059320173,16.14639632560818,82188200
2006-07-20,16.16761589050293,16.59214873688417,16.118087305843115,16.585073031996668,76605200
2006-07-21,16.88932991027832,17.087444346464157,16.273756777499838,17.037915737417695,175483800
2006-07-24,16.981304168701172,17.05913557799795,16.832718405010382,16.988379874051134,59586700
2006-07-25,17.13697624206543,17.1865062101642,16.910558928971323,16.981314676701643,60075800
2006-07-26,17.243106842041016,17.356315474319587,17.052066768988418,17.06621818541158,54942100
2006-07-27,16.88932991027832,17.405844475410504,16.818574176117647,17.39169305866769,85386800
2006-07-28,17.158203125,17.17943025388054,17.02376734119715,17.037918760450843,51705800
2006-07-31,17.02376365661621,17.278483749837232,16.98838646569255,17.03083936471161,40254400
2006-08-01,16.97423553466797,17.12282270981167,16.875178317607745,16.995462659560886,49168700
2006-08-02,17.193578720092773,17.26433446020888,17.002539976198825,17.066220007347972,46462000
2006-08-03,17.12989616394043,17.320936229227932,17.087443265949858,17.11574609764577,43155300
2006-08-04,17.186504364013672,17.32801449471985,17.08744578801051,17.264334463558345,45690400
2006-08-07,17.13697624206543,17.3209406463428,17.115750462433883,17.179430500435803,36862400
2006-08-08,17.221885681152344,17.34924577395745,17.122828430994513,17.25726288490762,58171300
2006-08-09,17.29264259338379,17.434152767411746,17.221886831592858,17.3280197995023,44405700
2006-08-10,17.306781768798828,17.405840312754997,17.221875987754178,17.243103107791868,31753400
2006-08-11,17.28554916381836,17.299700571581525,17.12281202319952,17.28554916381836,30255500
2006-08-14,17.356311798095703,17.405840395532806,17.22895177636998,17.349236091382824,47831900
2006-08-15,17.484140396118164,17.50544432995487,17.356311375006907,17.434428056612756,48994500
2006-08-16,17.540958404541016,17.56226234476692,17.377620520511176,17.47704387481698,52373600
2006-08-17,17.540958404541016,17.57646587459963,17.47704387481698,17.540958404541016,45674800
2006-08-18,18.315031051635742,18.322131461207057,17.73980035070309,17.789511344840307,128414800
2006-08-21,18.54938316345215,18.55648357276118,18.15169251599889,18.222708799795754,88398300
2006-08-22,18.19430923461914,18.64170967072627,18.19430923461914,18.47127134485101,89312400
2006-08-23,18.22981834411621,18.428663752710083,18.123294550218024,18.21561481039018,44648500
2006-08-24,18.279525756835938,18.364745587881554,18.10908744926797,18.336338526025262,35933300
2006-08-25,18.35764503479004,18.464168814739637,18.244019488907355,18.25822166625018,33115900
2006-08-28,18.42865753173828,18.46416499954356,18.24401571920008,18.350539477138984,34190900
2006-08-29,18.350540161132812,18.44996215831188,18.201405810841088,18.407352924452727,42711200
2006-08-30,18.32213020324707,18.386044721184682,18.2085046945853,18.357639021280693,30283100
2006-08-31,18.251113891601562,18.449957839412875,18.236910365465665,18.371841154711063,26380500
2006-09-01,18.350540161132812,18.4428603935815,18.208507575571467,18.386047630261587,31594600
2006-09-05,18.18720245361328,18.435757430403214,18.151693632269694,18.244015213239987,44222400
2006-09-06,18.18720245361328,18.2653191515231,18.116186165449143,18.116186165449143,50160400
2006-09-07,18.05937957763672,18.251123214851592,18.0309725108537,18.094887056591993,51266900
2006-09-08,18.18010139465332,18.315032211947607,18.080678045557118,18.130390397366764,36866800
2006-09-11,18.40025520324707,18.428662268411145,18.05227678212765,18.05937854841867,55608200
2006-09-12,18.41444969177246,18.449957151265036,18.26531538195359,18.393144403363262,52248800
2006-09-13,18.44996452331543,18.535184356480745,18.336338982110544,18.336338982110544,37706700
2006-09-14,18.69850730895996,18.8192345280377,18.449951110326698,18.457052870804485,74324500
2006-09-15,19.067806243896484,19.13172078568738,18.812148076732903,18.876062618523797,126057700
2006-09-18,19.025192260742188,19.202732309366404,18.939972441412408,18.989683438303498,49135000
2006-09-19,19.074909210205078,19.131721989313064,18.975485830873474,18.989689364281347,43039100
2006-09-20,19.302146911621094,19.33765436593955,19.167216147070356,19.18141967060676,71676400
2006-09-21,19.103302001953125,19.35185825038553,19.06779454697246,19.34475648848488,58495100
2006-09-22,18.932876586914062,19.067807445254253,18.805047495278462,19.053603911845073,47712500
2006-09-25,19.138822555541992,19.30926088217528,19.025197004453133,19.03939918244668,67903900
2006-09-26,19.316360473632812,19.401578950093125,19.0891080425177,19.11041333889441,54766500
2006-09-27,19.48679542541504,19.50809936359991,19.259544387956232,19.302153618849,66233900
2006-09-28,19.45838737487793,19.54360718683496,19.35896538969719,19.5080983674683,44179700
2006-09-29,19.422883987426758,19.47259499045282,19.323460626851386,19.422883987426758,34283500
2006-10-02,19.429983139038086,19.522303367306957,19.280848795498446,19.401576081402702,52908100
2006-10-03,19.437082290649414,19.515198979599887,19.323455429905042,19.437082290649414,39386200
2006-10-04,19.841880798339844,19.856082976073917,19.437089610665883,19.451291788399956,82191200
2006-10-05,19.827672958374023,19.962603776458423,19.728250963218727,19.827672958374023,81967200
2006-10-06,19.79216766357422,19.884487904282445,19.635931534574265,19.714049599074244,36452200
2006-10-09,19.685636520385742,19.83477083843469,19.614621597481587,19.742449271422764,33366300
2006-10-10,19.664335250854492,19.706944481277297,19.486795210482626,19.664335250854492,34598500
2006-10-11,19.557815551757812,19.65013579589851,19.472595718723614,19.501001426719483,37219600
2006-10-12,20.04071807861328,20.09043042476254,19.55781033529829,19.58621603571779,120174900
2006-10-13,20.147247314453125,20.374498382534068,20.10463672329554,20.125942018874333,129751900
2006-10-16,20.204059600830078,20.31058336714348,20.11883977506545,20.22536354137885,49744800
2006-10-17,20.19695472717285,20.246665720166245,20.005211164607214,20.054922157600608,40122600
2006-10-18,20.253767013549805,20.38159605229043,20.069125219204782,20.23956348601797,40630800
2006-10-19,20.090429306030273,20.20405481042693,19.96970203829347,20.133038531548305,44730800
2006-10-20,20.189863204956055,20.23247245563294,20.005221312658016,20.225370688099517,48887800
2006-10-23,20.204059600830078,20.374497897836154,20.01231600875205,20.0975344799935,48525000
2006-10-24,20.083328247070312,20.189851991862913,19.976803147754808,20.189851991862913,61409600
2006-10-25,20.104633331298828,20.211157082173987,19.98390605243419,20.083329393837587,40717100
2006-10-26,20.133045196533203,20.175654436156897,19.912895878200263,20.11884166515087,69964200
2006-10-27,20.125944137573242,20.445516832281143,20.062029598631664,20.232467917634757,89060100
2006-10-30,20.26087188720703,20.481021179649957,20.111737534277655,20.133042828845607,47296800
2006-10-31,20.388696670532227,20.488120009751285,20.282172921997404,20.353189205861604,61861700
2006-11-01,20.459716796875,20.58754586093316,20.38160008902417,20.438412855880777,75895900
2006-11-02,20.431304931640625,20.49521944440252,20.29637414308521,20.38869435345083,58674400
2006-11-03,20.40290641784668,20.5449390288724,20.31768793484994,20.488126255366783,41124500
2006-11-06,20.48102378845215,20.63015680585443,20.424211016890805,20.43131278265139,60446200
2006-11-07,20.55913734436035,20.644355805734406,20.45261223585825,20.4952228210683,56511200
2006-11-08,20.5804443359375,20.757984403751706,20.353193265859026,20.438413094400065,77403300
2006-11-09,20.779287338256836,20.878709331487514,20.594645526169103,20.67276358057782,89407500
2006-11-10,20.765087127685547,20.800595955601686,20.701172591959782,20.715376123126237,37855100
2006-11-13,20.843204498291016,20.92132120805039,20.708273665763745,20.729578961801703,47271800
2006-11-14,20.82895278930664,20.96434492806158,20.714938785877475,20.86458301484959,63012500
2006-11-15,20.750564575195312,20.921585543776803,20.743438531610185,20.757689259626595,63943200
2006-11-16,20.999971389770508,21.121111424436673,20.757691320438177,20.76481736473077,64328500
2006-11-17,20.950088500976562,21.04985175269074,20.864578695683097,20.88595546742954,49356700
2006-11-20,21.299251556396484,21.37763665907556,21.021342714757633,21.0355947987272,85703800
2006-11-21,21.320636749267578,21.377643744887788,21.228000891067484,21.313510704920805,66446600
2006-11-22,21.320636749267578,21.377643744887788,21.249377664953823,21.356265611847466,43907200
2006-11-24,21.206632614135742,21.263639636250844,21.12112140138579,21.135373496703217,20456700
2006-11-27,21.007097244262695,21.19237031673429,20.90020929914746,21.1567414547472,72722100
2006-11-28,20.942956924438477,20.964335049690895,20.757683916377974,20.90732807483793,52602300
2006-11-29,21.07122230529785,21.22086645912495,20.97146044218209,20.978586483712277,58775100
2006-11-30,20.921588897705078,21.07123175952036,20.900210763522583,20.964343806916006,53297400
2006-12-01,20.750564575195312,20.87882928226605,20.59379433463023,20.82894833632401,72257000
2006-12-04,20.90020751953125,21.03559963003093,20.786193539895894,20.82894844247069,55123400
2006-12-05,20.7576961517334,20.950095314951902,20.686438410530357,20.921592490301546,45606000
2006-12-06,20.65793228149414,20.757694197107856,20.572422456440716,20.73631742042158,48564100
2006-12-07,20.55817222595215,20.714941158837078,20.52966804225255,20.63655601281747,46831100
2006-12-08,20.950088500976562,20.950088500976562,20.522535397047683,20.536787484314544,108854900
2006-12-11,21.049848556518555,21.199491372637542,20.743435522575513,20.800442503833267,107712000
2006-12-12,20.97146224975586,21.11397901518313,20.821818083030625,21.06409807932591,68529400
2006-12-13,21.056974411010742,21.09260462574946,20.893079500673807,21.09260462574946,46002500
2006-12-14,21.42752456665039,21.434650610954094,21.035601644024542,21.04985373263195,85866500
2006-12-15,21.513036727905273,21.541539547276134,21.399022732113757,21.477406504749148,102783700
2006-12-18,21.299251556396484,21.562909673219306,21.220867812870946,21.51302873847936,56986800
2006-12-19,21.370521545410156,21.498787648421068,21.042731601408256,21.170996345264935,53822100
2006-12-20,21.441776275634766,21.548664219989927,21.356265104658263,21.370517193013338,31202100
2006-12-21,21.363391876220703,21.477405868635376,21.2992588355932,21.470279824215208,32270500
2006-12-22,21.12110710144043,21.27787732548238,21.106856374926007,21.256499196980194,37971700
2006-12-26,21.370521545410156,21.37764759103901,20.950094367387383,21.042731601408256,37098300
2006-12-27,21.39190101623535,21.470284804732078,21.31351586858431,21.37052287801571,31248400
2006-12-28,21.363391876220703,21.399022098321538,21.24225183938586,21.277882061486697,26690600
2006-12-29,21.277881622314453,21.484531469618076,21.256503489495195,21.277881622314453,41739800
2007-01-03,21.277881622314453,21.55579055319497,20.950090381522333,21.313510484525914,76935100
2007-01-04,21.242250442504883,21.356264427422047,20.97859361206666,21.163866677345528,45774500
2007-01-05,21.12110710144043,21.199492213461404,20.985716365054365,21.11398105860637,44607200
2007-01-08,21.3277587890625,21.44889880190415,21.042723864480312,21.128233662278102,50220200
2007-01-09,21.349143981933594,21.505914271670566,21.18524900553064,21.377648165214595,44636600
2007-01-10,21.13536834716797,21.29926332592229,20.971473368413648,21.235130271774203,55017400
2007-01-11,21.876455307006836,21.912084168497287,21.12823698332188,21.206622109585606,99464300
2007-01-12,22.23987579345703,22.368141879561637,21.83370076022847,21.840826804918063,103972500
2007-01-16,22.204248428344727,22.410899660833465,22.111612559433524,22.275507520897882,62379600
2007-01-17,22.161487579345703,22.403767613626403,22.097354549144708,22.275501553224412,58519600
2007-01-18,22.090229034423828,22.353887204797854,21.947710884088604,22.197116967598344,56364300
2007-01-19,22.16861915588379,22.16861915588379,21.869332059961827,21.897834880968905,75826900
2007-01-22,21.890708923339844,22.1757452894735,21.741066054358388,22.132989019060975,56143900
2007-01-23,21.904958724975586,22.0617276226475,21.74818982730367,21.826573596562636,49171200
2007-01-24,22.154359817504883,22.304002636929784,21.840820734083703,21.933457930145124,58527800
2007-01-25,21.69831085205078,22.432275815283806,21.69831085205078,22.147240812127578,97378700
2007-01-26,21.805194854736328,22.25412473341551,21.805194854736328,22.246998689734397,96103700
2007-01-29,21.75531578063965,21.93346281053929,21.61992365735281,21.84082559386525,57605900
2007-01-30,21.71967887878418,21.833692834120036,21.477398883907092,21.783811898554795,61900400
2007-01-31,21.990468978881836,22.16148995805649,21.627048888452975,21.669803793458158,73968400
2007-02-01,21.776691436767578,22.047475669444346,21.641300679583104,21.97621658931078,55355800
2007-02-02,21.513036727905273,21.97621875570257,21.470280460117923,21.961966666440116,60401700
2007-02-05,21.099735260009766,21.39189628867302,20.95721708835032,21.356266066181153,99102100
2007-02-06,21.02847671508789,21.19949770998593,20.82182549678148,21.085483713387237,79281100
2007-02-07,20.9287166595459,21.163870718230495,20.84320547495415,21.121114446357534,65145500
2007-02-08,20.850332260131836,21.235129206563645,20.807577345895908,20.836080169001786,48749000
2007-02-09,20.650802612304688,20.950089665779565,20.615173751310458,20.91446080478533,69823100
2007-02-12,20.62230110168457,20.72918905059213,20.543915971547154,20.586670879279374,52774400
2007-02-13,20.743860244750977,20.87972182675108,20.70810647903163,20.765312504182585,50348100
2007-02-14,21.022733688354492,21.23010144670874,20.84396894378708,20.858270450680497,55588600
2007-02-15,21.065631866455078,21.20149342209909,20.894017915894114,21.15143952366878,63858100
2007-02-16,20.550790786743164,20.69380309951598,20.486435382382048,20.672350843440107,109340300
2007-02-20,20.615144729614258,20.63659698416929,20.357723130419437,20.472132426980156,53978200
2007-02-21,20.98697853088379,21.015580177050488,20.550792174942313,20.557942927450632,68604900
2007-02-22,21.015579223632812,21.12283914252496,20.85111601500242,20.958374570028045,57754400
2007-02-23,20.665199279785156,20.936922390608224,20.658048528040712,20.894017880141565,63787100
2007-02-26,20.786760330200195,20.801061834376053,20.60799561960148,20.70810342109948,63481900
2007-02-27,19.928695678710938,20.71525951716429,19.87149101111675,20.52934400651647,87143300
2007-02-28,20.143211364746094,20.200416028147238,19.964446621134172,19.985898881359635,86333300
2007-03-01,20.08600425720215,20.25761822652293,19.82858262128768,19.892938030266297,80175700
2007-03-02,19.850034713745117,20.13605799356663,19.850034713745117,20.035950186595745,63254700
2007-03-05,19.699874877929688,19.957296554020477,19.59976705450185,19.656971719870157,56454300
2007-03-06,19.900083541870117,19.978740435210177,19.771372757810468,19.878631289904767,49361800
2007-03-07,19.742778778076172,19.950145172055432,19.699874257501076,19.850037351780394,52044700
2007-03-08,19.535404205322266,19.914385821661003,19.02056241282403,19.82142742337684,72175200
2007-03-09,19.513957977294922,19.649818185904635,19.32804250018695,19.6069150339156,80125000
2007-03-12,19.621217727661133,19.64981937609736,19.39954847391358,19.43530223929223,36516400
2007-03-13,19.106365203857422,19.592605267603588,19.09921445422986,19.48534675092218,75169500
2007-03-14,19.592615127563477,19.592615127563477,19.113525572343637,19.177880987512474,75730300
2007-03-15,19.506803512573242,19.642663695329222,19.449598866184843,19.535405153834265,51757100
2007-03-16,19.54256248474121,19.649821062348177,19.44960541451299,19.556863992119958,65055300
2007-03-19,19.900083541870117,19.900083541870117,19.44959716152758,19.54970494296676,49412000
2007-03-20,19.907241821289062,20.136060473325323,19.85003715828,19.971597237657605,47902400
2007-03-21,20.393478393554688,20.393478393554688,19.707021199646437,19.950141313752848,72808200
2007-03-22,20.214717864990234,20.41493350822959,20.028802364934563,20.393482611520675,47934900
2007-03-23,20.03596305847168,20.214727893688877,19.87864913060537,20.17897410832496,50519800
2007-03-26,20.178964614868164,20.178964614868164,19.807134969087762,19.978748966494134,47491500
2007-03-27,19.821430206298828,20.136056472265423,19.771376306595013,20.05025017673502,58979800
2007-03-28,19.764230728149414,20.021652409856383,19.592616728300378,19.721327569153864,46947000
2007-03-29,19.842884063720703,19.914390225011932,19.65696858991014,19.90723947249615,42629900
2007-03-30,19.928695678710938,19.985900346305122,19.664123238671035,19.842887995386228,47061000
2007-04-02,19.83574104309082,19.97160266611577,19.70703017536899,19.94299964490331,41977600
2007-04-03,19.928695678710938,20.064555911830343,19.842887995386228,19.921544924778306,39821300
2007-04-04,20.379180908203125,20.579397913381015,19.950145247888653,20.02880217204189,63244200
2007-04-05,20.414928436279297,20.486434589899613,20.23616373416173,20.250465237659082,30131200
2007-04-09,20.42923355102539,20.536492118482595,20.30052272453007,20.436384304038096,31384600
2007-04-10,20.307674407958984,20.479288396526517,20.178963575566648,20.379180577495475,38643100
2007-04-11,20.100309371948242,20.429235864582626,20.014501689944975,20.2361696029754,44050200
2007-04-12,20.407787322998047,20.464991996315383,20.050257773797945,20.064557919227035,43762100
2007-04-13,20.457839965820312,20.522195389772182,20.093159684715342,20.32912911791657,36002900
2007-04-16,20.543643951416016,20.557945458193213,20.17181295840937,20.45068688509773,30740100
2007-04-17,20.62944984436035,20.658051491574778,20.422082105622557,20.47213601114778,33170200
2007-04-18,20.450681686401367,20.500735583530783,20.279067740300626,20.4578324379722,41778400
2007-04-19,20.515043258666992,20.658054241509568,20.20756766794857,20.264772333858964,43648800
2007-04-20,20.751012802124023,20.808217468382022,20.522194137092036,20.72240978706161,60311500
2007-04-23,20.579395294189453,20.729557006061334,20.50073838004708,20.708104748422528,41739100
2007-04-24,20.586544036865234,20.708102726684228,20.443531727635364,20.586544036865234,34236700
2007-04-25,20.729551315307617,20.736702065890835,20.515034253275925,20.63659428545821,39475000
2007-04-26,20.808218002319336,20.986982759446022,20.672356405020338,20.801067248370245,68760300
2007-04-27,21.53757667541504,21.98091247096887,21.451768999316407,21.573329078200537,128298800
2007-04-30,21.408857345581055,21.71633279741322,21.408857345581055,21.54471751333362,67788800
2007-05-01,21.737794876098633,21.752096384445686,21.380265350623766,21.40886836731787,73539300
2007-05-02,21.88796043395996,21.94516510987904,21.666291121389857,21.730646552282202,80686700
2007-05-03,22.145374298095703,22.166826556723237,21.83074935475846,21.88080326102272,82036800
2007-05-04,21.85220718383789,21.952316392000522,21.65914225039178,21.938014881710565,104385900
2007-05-07,21.95945167541504,21.99520542816992,21.79498850434123,21.82359150654513,59889100
2007-05-08,21.988061904907227,22.123923482299887,21.8665018333173,21.938007998464315,60551700
2007-05-09,22.009510040283203,22.116768585976253,21.85934698521981,21.952305391655816,51735000
2007-05-10,21.866498947143555,22.116769810191357,21.83074655122236,21.938005102852426,55398600
2007-05-11,22.088171005249023,22.152526421245764,21.8450508478984,21.859352354534728,43425300
2007-05-14,22.145374298095703,22.159675803847392,22.030964979815497,22.05241723844303,70188500
2007-05-15,22.166900634765625,22.303202350332054,22.12385849184967,22.166900634765625,75013900
2007-05-16,22.288843154907227,22.3031909846626,22.102325472940443,22.238627119047777,45833600
2007-05-17,22.224288940429688,22.339068891748393,22.20994110444361,22.26015853039488,41045600
2007-05-18,22.116680145263672,22.23146008224913,21.937336322688296,22.21711224805475,58453000
2007-05-21,22.274497985839844,22.35340969063604,22.044938155470387,22.044938155470387,41836400
2007-05-22,22.016244888305664,22.188414769117855,21.99472314009742,22.166893020909615,39999500
2007-05-23,21.937332153320312,22.12384985754367,21.930158237586582,22.12384985754367,46322500
2007-05-24,21.643211364746094,22.095157170566562,21.492561850616138,21.908640809506164,64046400
2007-05-25,21.865596771240234,21.99472453209272,21.650384748675865,21.722122545625545,47726500
2007-05-29,22.087984085083008,22.11667838290048,21.801032897200233,21.872770694170928,42373100
2007-05-30,22.317543029785156,22.33188949396595,21.887117633815134,21.91581193046134,57376800
2007-05-31,22.016244888305664,22.353410733860635,21.958854928034935,22.32471643786756,85290500
2007-06-01,21.944507598876953,22.166893528987675,21.915811933941573,22.087983186984612,39469400
2007-06-04,22.037771224975586,22.0664668970096,21.80821132184328,21.822559157860287,41434500
2007-06-05,21.937332153320312,21.97320036370443,21.75798836483068,21.96602781625522,44265000
2007-06-06,21.729293823242188,21.9014636940415,21.700598160633383,21.78668378017529,38217500
2007-06-07,21.2486572265625,21.729298737689117,21.22713547473839,21.535607076126567,71971400
2007-06-08,21.557126998901367,21.564300916022734,21.09800724941214,21.219961103905813,61346200
2007-06-11,21.535606384277344,21.700602371440446,21.471042499163996,21.47821641620823,48467400
2007-06-12,21.413650512695312,21.693426409625634,21.356260550035643,21.492560856174464,56981800
2007-06-13,21.801025390625,21.815373218735797,21.413643609622845,21.499727841719235,64435600
2007-06-14,21.89430046081543,22.03060081985591,21.736476976032513,21.772346571794618,59065700
2007-06-15,21.872774124145508,22.152550071091078,21.829731986527314,22.13820360407494,100933000
2007-06-18,21.887123107910156,22.037771281621097,21.82255921395262,22.016250895825223,45412600
2007-06-19,21.851253509521484,21.994729133436245,21.793863533612573,21.865601345569953,46802600
2007-06-20,21.528432846069336,21.887120494884314,21.49256326021696,21.836904442975786,46861600
2007-06-21,21.679079055786133,21.736469019713564,21.45669311660292,21.506909164003837,56564800
2007-06-22,21.155397415161133,21.592996785647287,21.126703114693157,21.52125898205016,86219900
2007-06-25,21.155397415161133,21.356262991576127,21.076485694375812,21.141049580784745,53905800
2007-06-26,21.176921844482422,21.377786078011287,21.1625740082918,21.19844223048339,48340300
2007-06-27,21.427995681762695,21.485385637288342,21.062134202180008,21.062134202180008,53468600
2007-06-28,21.39931297302246,21.49974511391356,21.291706912312673,21.42083473247854,46055200
2007-06-29,21.141048431396484,21.4710417626884,20.832578218783784,21.427999630184143,71193900
2007-07-02,21.334735870361328,21.377777994372597,21.155392090649194,21.284519830967444,47316000
2007-07-03,21.535606384277344,21.67908062030774,21.363436480070003,21.37061039711424,35202600
2007-07-05,21.51408576965332,21.679081765532544,21.3993058274517,21.55712790590772,47838500
2007-07-06,21.49973487854004,21.54995229336389,21.27734894317299,21.45669274840424,57541000
2007-07-09,21.427995681762695,21.485385637288342,21.384952188905107,21.42082176628643,33831400
2007-07-10,21.04061508178711,21.514082616037335,20.933009072781996,21.30604451439873,66013500
2007-07-11,21.155397415161133,21.270177353602616,20.954531838746135,20.976053590310713,48017000
2007-07-12,21.57147216796875,21.600167832908845,21.11952639143921,21.205610649690257,54302400
2007-07-13,21.392133712768555,21.535609336753858,21.277353760894293,21.478219360816727,42173000
2007-07-16,21.54277992248535,21.69342807291079,21.320392602879114,21.34908827055143,48023200
2007-07-17,22.080806732177734,22.152543149699603,21.528427560238836,21.535601475647915,77539600
2007-07-18,22.181251525878906,22.217119755199914,21.879953747412635,21.887127666933882,64414400
2007-07-19,22.604494094848633,22.841227870555706,22.188416508203325,22.27450077121425,121159300
2007-07-20,22.353418350219727,22.382114024274706,22.087990206636423,22.34624443170598,98292600
2007-07-23,22.37493133544922,22.611665080469965,22.32471529382126,22.496885165810482,48910600
2007-07-24,22.09515953063965,22.5829749720655,22.030595641728297,22.24580906086109,59729300
2007-07-25,22.03058624267578,22.45383761461579,21.78667999430702,22.231451741179534,54950100
2007-07-26,21.506912231445312,21.901469486969553,21.169746316318665,21.693429982882886,87025300
2007-07-27,21.083656311035156,21.52125561301758,21.06213593112427,21.471039568846074,69214600
2007-07-30,21.09083366394043,21.155397550763205,20.76801559811135,21.098007581174606,67499600
2007-07-31,20.796701431274414,21.32038486158547,20.789527516961137,21.313210947272193,66554000
2007-08-01,21.019100189208984,21.198444052148602,20.67476030075334,20.768019875721592,80006300
2007-08-02,21.176921844482422,21.37061352820094,20.81823414942663,20.940188020477,47938300
2007-08-03,20.77519416809082,21.36344323721529,20.732152020496173,21.126709373016922,61535500
2007-08-06,21.191267013549805,21.191267013549805,20.624539869912887,20.839751912545886,59530500
2007-08-07,21.19843864440918,21.370609913001054,20.839751010031463,21.04061657786549,49163000
2007-08-08,21.521255493164062,21.52842940918927,20.954528441734148,21.320389949312084,52898600
2007-08-09,21.019100189208984,21.59300137158681,20.746498119586207,21.26300795226967,72964500
2007-08-10,20.595836639404297,20.839744261256502,20.273018693977058,20.732138279447422,76576200
2007-08-13,20.538450241088867,20.796705736695007,20.402149945771875,20.76083752598728,55492300
2007-08-14,20.351285934448242,20.797616862553134,20.30089386576681,20.71123085140807,42944100
2007-08-15,20.22890281677246,20.869604272849926,20.192907504414823,20.329686945212302,48117700
2007-08-16,20.020132064819336,20.408873159806422,19.804165705213595,20.0705241238553,81447400
2007-08-17,20.336883544921875,20.336883544921875,20.027330761536362,20.221701305487347,76747700
2007-08-20,20.344085693359375,20.509660016034264,20.214505311063963,20.286494564903727,49952000
2007-08-21,20.207307815551758,20.387280277568546,20.063330669786883,20.228905005302902,50786200
2007-08-22,20.315288543701172,20.38727779435563,20.16411235309949,20.351283855568777,44763500
2007-08-23,20.372873306274414,20.39447048664924,20.228896223016555,20.358476559104854,33886600
2007-08-24,20.74002456665039,20.761621754764878,20.20730628422038,20.308090415926355,45158900
2007-08-27,20.509660720825195,20.71123036388708,20.444870527451048,20.596048103017676,32789500
2007-08-28,20.10651397705078,20.50965171303659,20.092115857495507,20.372872323422023,43924400
2007-08-29,20.581653594970703,20.596051723380487,20.02733800892387,20.25050350695114,45753700
2007-08-30,20.480859756469727,20.826406436402266,20.38727333914605,20.459262574068774,33690700
2007-08-31,20.682435989379883,20.81921545148247,20.416077501848562,20.660840171682253,42511900
2007-09-04,20.74002456665039,20.948793265847986,20.502460989714294,20.51685911512395,45689600
2007-09-05,20.502458572387695,20.682430999546465,20.45926557433217,20.624839877778886,47669800
2007-09-06,20.812007904052734,20.88399713755467,20.552847212677943,20.560046273336177,45430800
2007-09-07,20.47365951538086,20.754416005005623,20.387272163837654,20.60323985615548,52160900
2007-09-10,20.502458572387695,20.696829123258524,20.452066512476144,20.63923800149094,37247600
2007-09-11,20.826406478881836,20.840804600511838,20.5744448426786,20.610438773673152,34380800
2007-09-12,20.826406478881836,20.99917981920051,20.73282006136727,20.74001912218227,42364700
2007-09-13,20.991979598999023,21.063968830092623,20.84800113681183,20.96318473040981,35288600
2007-09-14,20.905597686767578,20.95598974641139,20.79041407076375,20.8624033158609,33496600
2007-09-17,20.682435989379883,20.790419197110985,20.603249036020266,20.72563037093711,39536500
2007-09-18,20.826406478881836,20.85520134906139,20.35127944973537,20.660832199378163,77462400
2007-09-19,20.63923454284668,20.812007879196724,20.372874791131768,20.783213009678594,94242200
2007-09-20,20.459266662597656,20.57444891225957,20.4016755377667,20.50245966295069,67168900
2007-09-21,20.624841690063477,20.74002394371959,20.47366549704512,20.65363794001789,135636100
2007-09-24,20.934398651123047,21.31594079997846,20.73282898082718,20.740028044739287,104459800
2007-09-25,21.279937744140625,21.279937744140625,20.955988224353245,20.97758403515741,75621000
2007-09-26,21.23674201965332,21.48870364026528,21.222343898914264,21.366322360144064,60337000
2007-09-27,21.22954750061035,21.39512180528725,21.193553564143432,21.38072505454888,43407100
2007-09-28,21.20794677734375,21.373522427482882,21.04237250028505,21.229543959469837,45819100
2007-10-01,21.431119918823242,21.445518044526086,21.17195914849541,21.20795308967168,43875100
2007-10-02,21.380727767944336,21.488710964129744,21.287141324324367,21.380727767944336,33700900
2007-10-03,21.200756072998047,21.48871173079295,21.085573809880085,21.387926220754068,37633900
2007-10-04,21.38791847229004,21.431112835121382,21.19354933187053,21.279935311372448,37868000
2007-10-05,21.48150634765625,21.589489515924587,21.402318050155245,21.517500279385533,45012300
2007-10-08,21.48150634765625,21.488705408618202,21.308733003810815,21.351925996502054,30265400
2007-10-09,21.66867446899414,21.877441712346872,21.5966852435662,21.61828242311866,63603100
2007-10-10,21.76226806640625,21.86305357090611,21.618290931962008,21.625489994646344,32251500
2007-10-11,21.53190040588379,22.050220485674597,21.445514412458962,21.8126569441354,50788400
2007-10-12,21.719072341918945,21.88464664366925,21.560697101950907,21.618288223128435,31121100
2007-10-15,21.625486373901367,21.83425366446999,21.596690127985376,21.668679369694775,47150500
2007-10-16,21.82705307006836,22.01422453613544,21.762262894388197,21.7694619553616,56286200
2007-10-17,22.374174118041992,22.482157309511575,22.064621295569946,22.136610547576595,86092400
2007-10-18,22.4317684173584,22.482160488965324,22.050226288921564,22.474961425438483,49208600
2007-10-19,21.719072341918945,22.381370922000805,21.67587934430596,22.381370922000805,75200200
2007-10-22,21.963836669921875,22.100616108333316,21.68308010383379,21.68308010383379,58785100
2007-10-23,22.244596481323242,22.402973129878436,22.107817022956745,22.107817022956745,49956200
2007-10-24,22.496553421020508,22.53254735726188,21.956636138916018,22.20859781184758,77979200
2007-10-25,23.02927589416504,23.194851601462545,22.669330972956306,22.726922105426468,169588700
2007-10-26,25.21773338317871,25.937623028110206,24.879387117450428,25.92322490567225,288121200
2007-10-29,24.886585235595703,25.404906667673817,24.800199245636385,25.08815346088781,114655600
2007-10-30,25.60647201538086,25.620870136449575,24.728205853314776,24.742603974383492,107297300
2007-10-31,26.499141693115234,26.635919751871622,25.563282856255526,25.57048329133612,185635800
2007-11-01,26.67911720275879,26.98867003907559,26.175193789255047,26.297573738134783,152078800
2007-11-02,26.67911720275879,26.995867728825473,26.218385420077695,26.794299461888645,96389800
2007-11-05,26.441547393798828,26.707905804226684,26.369559524870596,26.46314320524506,75485400
2007-11-06,26.211179733276367,26.391152129892152,25.82243869750767,26.340760078532597,100966700
2007-11-07,25.57048988342285,26.031218985548335,25.520097809513008,25.944832965440323,74897800
2007-11-08,25.00896644592285,25.8440382898942,24.764203866853958,25.628069208357395,133742400
2007-11-09,24.281877517700195,24.86498912168326,24.224287773816044,24.605828408801898,125136900
2007-11-12,24.029924392700195,24.267486619454722,23.77076360266843,23.986730012307603,84865200
2007-11-13,24.889419555664062,25.04109557013327,24.109369513221754,24.224932584518427,104311500
2007-11-14,24.506614685058594,25.098875704279905,24.376605899840193,25.00497985823536,84063100
2007-11-15,24.383834838867188,24.629406757649093,24.232158794830525,24.383834838867188,64014100
2007-11-16,24.622180938720703,24.7449654988934,24.347717605949786,24.456059192771228,71113800
2007-11-19,24.52828598022461,24.7305234326936,24.463281576795488,24.52828598022461,63026200
2007-11-20,24.976093292236328,25.25777809917659,24.62940133189659,24.723297185956973,100009400
2007-11-21,24.72329330444336,25.08442818079557,24.68718036785623,24.846080595128146,89518700
2007-11-23,24.63663101196289,24.874978687665077,24.34772189965082,24.81719851834756,33467200
2007-11-26,23.81324005126953,24.824416282184007,23.784348593324268,24.62218158704933,80335000
2007-11-27,23.87824249267578,24.26826612193611,23.60377917522226,24.02991850156818,84178400
2007-11-28,24.340496063232422,24.47772635168142,23.762680697077435,24.10936991677043,88585000
2007-11-29,24.261045455932617,24.506617326116825,24.058810770571835,24.25382396941585,53633600
2007-11-30,24.268266677856445,24.6438473431751,23.972136139560703,24.499392817246246,71027800
2007-12-03,23.777118682861328,24.297153780937755,23.603775486996135,24.19603645747632,61770600
2007-12-04,23.668781280517578,24.008248962513385,23.56766395104834,23.647114068557194,54801500
2007-12-05,24.66550636291504,24.932745326338207,23.856562478934045,23.936012570685723,84894700
2007-12-06,24.95442008972168,24.997757267959823,24.463276423984826,24.744961194431443,49209700
2007-12-07,24.939971923828125,25.062759205870634,24.716070079602783,24.997754822492894,40771000
2007-12-10,25.106098175048828,25.243331206630685,24.896642017526254,25.019426566582908,36083500
2007-12-11,24.62940216064453,25.272224677505584,24.506617601791696,25.08443296306587,55070700
2007-12-12,24.896644592285156,25.344451163451172,24.50661818099167,24.997761938492864,63345400
2007-12-13,25.438339233398438,25.604460930620153,24.759403964916423,24.9038584532258,73913200
2007-12-14,25.503353118896484,25.886155313608842,25.28666992806791,25.31556138754388,71126200
2007-12-17,24.8388614654541,25.37334240473475,24.817194250091717,25.30111376145844,58121200
2007-12-18,25.091651916503906,25.279440836123623,24.70884708170771,25.019423289542175,52791800
2007-12-19,25.127769470214844,25.380562822936966,24.831638933351403,25.05554082997931,58469100
2007-12-20,25.655031204223633,25.850044438452564,25.337233390243952,25.488909431785974,59345000
2007-12-21,26.045061111450195,26.045061111450195,25.82115638586751,25.929498004268574,83240500
2007-12-24,26.420642852783203,26.521760230813754,26.037837807785092,26.09562074108364,29622600
2007-12-26,26.442298889160156,26.463966102360192,26.18950279578319,26.29784437226485,30252400
2007-12-27,25.980045318603516,26.39896036553971,25.95837535126432,26.25450585598769,33311100
2007-12-28,26.0883846282959,26.167834747815853,25.76336266446002,26.07393890154312,33447200
2007-12-31,25.71280288696289,25.994490413604634,25.655022737690082,25.92948602364739,35229700
2008-01-02,25.438339233398438,25.972817258330878,25.279439020734102,25.850032734174032,63004200
2008-01-03,25.54667854309082,25.74891593285652,25.17832220802801,25.438339741126583,49599600
2008-01-04,24.831636428833008,25.423897442824455,24.622177526137328,25.416673201909088,72090800
2008-01-07,24.99776268005371,25.13499297465783,24.737745064811275,24.954425492432932,80164300
2008-01-08,24.15993309020996,25.069992117047004,24.123820139704957,25.069992117047004,79148300
2008-01-09,24.874984741210938,24.94721341448718,24.08771011157393,24.094934356522632,74305500
2008-01-10,24.795522689819336,24.918307229012054,24.398272109512224,24.809965660702744,72446000
2008-01-11,24.492172241210938,24.730522631139447,24.354941951860017,24.65829398786974,55187900
2008-01-14,24.8388614654541,24.968870268110447,24.614959559400074,24.88942013812701,52792200
2008-01-15,24.557170867919922,24.831634137322798,24.557170867919922,24.578838078185285,61606200
2008-01-16,24.001020431518555,24.304375120942225,23.480985395500884,24.1382506748054,120778500
2008-01-17,23.91436004638672,24.41272535253148,23.813242687624715,24.22493636557938,94247800
2008-01-18,23.842126846313477,24.55717521942022,23.81323814592074,23.950468427319027,117062000
2008-01-22,23.083749771118164,23.495443472678012,22.751506214638553,22.780397677438923,108521400
2008-01-23,23.062082290649414,23.148753922828128,22.41926240444437,22.73706022592734,137597400
2008-01-24,24.01546859741211,24.094918708798396,23.199303028498917,23.36542473628826,155640400
2008-01-25,23.79156494140625,25.2794416413251,23.741006278542837,25.20721576730322,196992300
2008-01-28,23.632673263549805,23.90713385633826,23.41599007786049,23.84935369399796,81019000
2008-01-29,23.545995712280273,23.75545462740828,23.365428252047323,23.72656317251322,68023000
2008-01-30,23.25708770751953,23.69044847790413,23.14874613730309,23.517105271846525,106432600
2008-01-31,23.545995712280273,23.647115804412984,22.910398858413263,23.047630513924016,103642200
2008-02-01,21.993120193481445,24.015475471622473,21.84866565463398,22.43370391948711,291138900
2008-02-04,21.805330276489258,22.1881324700721,21.74754873532842,22.02201071143726,119998600
2008-02-05,20.99638557434082,21.62476098756096,20.86637677314903,21.603092394822166,137534100
2008-02-06,20.599136352539062,21.198620270021394,20.433014618475134,21.14806160118632,138315600
2008-02-07,20.310232162475586,20.786930232464115,20.15133188739898,20.46913105993155,164964900
2008-02-08,20.628028869628906,21.003609564851278,20.396902711836848,20.433017035004713,124872000
2008-02-11,20.375226974487305,20.664135948057954,20.1585466219294,20.599131566766566,156814100
2008-02-12,20.469131469726562,20.671367561318018,20.303009703930368,20.534135878537366,84365900
2008-02-13,20.916940689086914,20.981945105979282,20.606365714359953,20.67137013125232,88986200
2008-02-14,20.58469009399414,20.974716462296016,20.555798639621983,20.859152022427764,69113500
2008-02-15,20.526912689208984,20.68581158733673,20.40412673868552,20.447462551334787,68166100
2008-02-19,20.42540168762207,20.91120291772422,20.352893773000037,20.88219919868603,68261200
2008-02-20,20.46164894104004,20.49065265155584,20.244126644063655,20.41089383061042,93056200
2008-02-21,20.37464141845703,20.99820600764393,20.273129810424624,20.75168137292461,98776500
2008-02-22,20.07011604309082,20.58491965070458,19.72207968445277,20.476158461501885,125705400
2008-02-25,20.186120986938477,20.476151182704506,19.92509311926252,20.048356125334717,109974300
2008-02-26,20.577665328979492,20.925703013231402,20.06286180620992,20.113616927274713,108923500
2008-02-27,20.49065399169922,20.795186057167182,20.37464190799458,20.43989887795008,75199500
2008-02-28,20.251379013061523,20.497905038099915,20.1571183301493,20.316635983393635,83002900
2008-02-29,19.722078323364258,20.17887583967984,19.591564352138818,20.077365587826034,117411400
2008-03-03,19.569801330566406,19.859831457773613,19.482792983890615,19.7510703329425,76544300
2008-03-04,20.004854202270508,20.033856533637856,19.548055382219115,19.591560953729964,86925600
2008-03-05,20.389148712158203,20.599420146285773,20.084616572787596,20.120869839128172,106489800
2008-03-06,19.990352630615234,20.42539867112481,19.939597512767545,20.345639838522306,91127700
2008-03-07,20.20787239074707,20.35288678724416,19.809079688690904,19.823581543232503,77597600
2008-03-10,20.3383846282959,20.49065133275776,20.12086234531946,20.178868379644708,72175100
2008-03-11,21.23023223876953,21.273736424776597,20.577662533797806,20.59216439012454,98740700
2008-03-12,20.758930206298828,21.382496157084013,20.69367462312119,21.338991973974572,75993800
2008-03-13,20.751680374145508,21.019957779739517,20.418144620331706,20.69367433647872,84552200
2008-03-14,20.27313804626465,21.034469192414956,20.04111379017171,20.8241963459722,105214900
2008-03-17,20.5196533203125,20.831436268288016,19.780076740595536,19.7945772117082,84490100
2008-03-18,21.331745147705078,21.37524933917898,20.787937913874703,20.787937913874703,83695300
2008-03-19,20.751680374145508,21.45500375372694,20.751680374145508,21.30273704049348,61442100
2008-03-20,21.15772819519043,21.186730530155184,20.72993303641652,20.83869421273778,60170200
2008-03-24,21.15047836303711,21.31724560091351,21.070719517542546,21.266490474861865,48294700
2008-03-25,21.128721237182617,21.295489823806367,20.98370681864989,21.266486110315913,49149000
2008-03-26,20.70817756652832,21.07796662451655,20.577663618653276,21.04896429330721,45868100
2008-03-27,20.3383846282959,20.657418508571226,20.302131375457474,20.65016758140895,47894400
2008-03-28,20.23687171936035,20.613911583756764,20.17886569275881,20.468895825766523,49244000
2008-03-31,20.577665328979492,20.7299320751472,20.186124835784415,20.2151271694043,46780600
2008-04-01,21.389745712280273,21.41874942114089,20.758928874291364,20.903944652648548,65796200
2008-04-02,21.143218994140625,21.447751011874047,21.02720692862055,21.440500084907427,49499400
2008-04-03,21.02721405029297,21.259238259917012,20.882198227791253,21.02721405029297,38961400
2008-04-04,21.143218994140625,21.2157268808339,20.838686976407203,21.12146621324077,43860800
2008-04-07,21.143218994140625,21.455001938840663,21.048959709520407,21.42599823097419,44428600
2008-04-08,20.845949172973633,21.027218296216883,20.69368377327666,20.983714093871125,44733500
2008-04-09,20.947452545166016,21.05621508969472,20.69367696252758,20.824189526610258,45839300
2008-04-10,21.10697364807129,21.317245076970476,20.882198976833646,20.903951765881185,65591600
2008-04-11,20.505157470703125,21.034462817366915,20.45440096996394,20.932952581835018,54373700
2008-04-14,20.345643997192383,20.526913102541858,20.251384670919006,20.47615797431977,43418100
2008-04-15,20.483402252197266,20.65016944304498,20.323885989165504,20.389142956536016,34310000
2008-04-16,20.990957260131836,21.063463776229806,20.577662650318427,20.71542752025623,54107400
2008-04-17,21.186725616455078,21.273735367116515,20.95470145865534,21.114219104372463,48743300
2008-04-18,21.752290725708008,21.824798638055046,21.46951138882529,21.75954165524005,73658900
2008-04-21,22.056825637817383,22.187339619936342,21.83930325626817,21.890058386431413,54411700
2008-04-22,21.933561325073242,22.25984626161084,21.73053943311946,22.216340681423496,67387500
2008-04-23,22.803651809692383,22.810901356191383,21.96981289902183,22.078575458134257,98351500
2008-04-24,23.057424545288086,23.274946870386323,22.593376180826134,22.93416152560623,115416700
2008-04-25,21.629030227661133,22.035072648288708,21.462262977775076,21.78854654716429,145194900
2008-04-28,21.01995086669922,21.6362656785734,20.896687904324384,21.607261977792227,97473000
2008-04-29,20.766185760498047,20.95470577327024,20.62842225279684,20.882197863285036,84428900
2008-04-30,20.67917251586914,21.179474072966197,20.67192158827705,20.83868877397607,74733600
2008-05-01,21.317251205444336,21.382508208374198,20.650180695585384,20.664682559119537,71699400
2008-05-02,21.201229095458984,21.476758841173552,20.92570073271759,21.455006056099293,66024200
2008-05-05,21.085222244262695,21.919059850904542,21.0199652558063,21.70153747803224,119687700
2008-05-06,21.534765243530273,21.650777333244424,20.97645619742268,21.027211313800972,93582000
2008-05-07,21.179471969604492,21.853792955997967,21.085212686214376,21.527509544595663,88775000
2008-05-08,21.222991943359375,21.31000035896487,21.027220933786268,21.230242875155472,69589900
2008-05-09,21.30998992919922,21.426002015209207,20.99095738415832,21.17947598669469,51621200
2008-05-12,21.74503517150879,21.795790284465255,21.280986843937544,21.317240100914134,64278800
2008-05-13,21.67226791381836,21.92697780386821,21.490331484888582,21.832371471573236,70934700
2008-05-14,21.781421661376953,22.021577605686144,21.63587201534411,21.752311176944666,66730400
2008-05-15,22.159854888916016,22.218074483531204,21.78870445271995,21.817813555995233,53355800
2008-05-16,21.825090408325195,22.1816855862622,21.77414843834342,22.17440796368415,81538200
2008-05-19,21.439380645751953,21.75231141652418,21.330219104057164,21.737757562212035,59615000
2008-05-20,20.92995834350586,21.330217767324534,20.835350662052132,21.322940146592384,75767600
2008-05-21,20.55881118774414,21.14100705553413,20.515146844676003,20.966348295197133,60125100
2008-05-22,20.718915939331055,20.886298475853977,20.507870445201885,20.580645280029522,52203100
2008-05-23,20.413251876831055,20.61702102826221,20.340478468807728,20.566079087420366,48890700
2008-05-27,20.697086334228516,20.740750683852205,20.413264591512892,20.45693032920123,47334500
2008-05-28,20.50786590576172,20.79168617189458,20.405981992393865,20.784408551216274,52318500
2008-05-29,20.602474212646484,20.871740651811706,20.478757425148576,20.52969938681283,47699200
2008-05-30,20.609750747680664,20.88629479365884,20.52242207173492,20.65341508565354,63399200
2008-06-02,20.231325149536133,20.63886364515356,20.049388767299064,20.551533570931415,77028400
2008-06-03,19.87473487854004,20.602480585870623,19.845625772040503,20.311382580551346,86616700
2008-06-04,20.042116165161133,20.114889620791043,19.7946825294383,19.852902126781046,79567400
2008-06-05,20.595195770263672,20.595195770263672,20.085774785863997,20.173103462931692,76063400
2008-06-06,20.005725860595703,20.50059307790142,20.005725860595703,20.369598651195254,78500800
2008-06-09,20.16582489013672,20.311374529132944,19.86744937945226,20.122160553663544,66787100
2008-06-10,20.296823501586914,20.58792284001655,19.882008748808556,19.911119237877326,77433900
2008-06-11,19.736461639404297,20.333212820097803,19.729184016705034,20.267715603869043,59330800
2008-06-12,20.551536560058594,20.777137318187116,19.787404198749122,19.94023011578516,113996300
2008-06-13,21.155561447143555,21.51943419687238,20.740746734542995,20.83535303872416,131969100
2008-06-16,21.05367660522461,21.18467101151691,20.84262975329494,21.11917380837076,74718900
2008-06-17,20.959075927734375,21.191955721297244,20.95179969211925,21.133736119922723,44256700
2008-06-18,20.711641311645508,21.00274069304481,20.711641311645508,20.77713853365388,49677800
2008-06-19,21.05367660522461,21.242890593417453,20.617029046938374,20.777132550148785,62037800
2008-06-20,20.544254302978516,21.04639906637683,20.449648002543867,21.031843823828627,97480400
2008-06-23,20.355043411254883,20.675251855716372,20.224050372582244,20.595199397584864,57145300
2008-06-24,20.180383682250977,20.384152935084664,20.02028016163738,20.318655724818996,65218300
2008-06-25,20.631591796875,20.864470209217213,20.20222170359473,20.23860843499889,64280200
2008-06-26,20.194942474365234,20.522428583229477,20.194942474365234,20.398711762999064,67049100
2008-06-27,20.10760498046875,20.311374194089375,19.98388820578198,20.143993083649686,73450200
2008-06-30,20.020275115966797,20.36231493710041,20.005719875561763,20.180378596229826,57830500
2008-07-01,19.55452537536621,19.925674419219373,19.241594537392523,19.845623345086636,100327800
2008-07-02,18.834056854248047,19.64913259485725,18.834056854248047,19.576357752078177,84669000
2008-07-03,18.906835556030273,18.994165662802715,18.630292762703295,18.89955793146049,37074500
2008-07-07,18.94321632385254,19.20520376631886,18.521123979144356,19.0014359097411,71527600
2008-07-08,18.812223434448242,19.066934663894507,18.564789827336387,18.870443025059,65553200
2008-07-09,18.361024856567383,18.812227830281273,18.324638124457408,18.768563474136332,54255800
2008-07-10,18.52112579345703,18.68122932331807,18.179084478299306,18.3391893962249,57830600
2008-07-11,18.37557601928711,18.659396353226136,18.099033307765048,18.31007880559894,69532600
2008-07-14,18.302797317504883,18.78310919106323,18.244577738530058,18.542953254284054,51216200
2008-07-15,19.03054428100586,19.38713940444667,18.14269528313676,18.14269528313676,92719300
2008-07-16,19.838356018066406,19.860188897650517,18.863176272354707,19.016002265247497,82060400
2008-07-17,20.027557373046875,20.311377686335927,19.729181815982884,20.071221716307242,96526100
2008-07-18,18.81949806213379,19.263421849377337,18.273688966485494,19.183370792565988,150277000
2008-07-21,18.659391403198242,19.04509696058897,18.579340353976903,18.67394664417091,77575600
2008-07-22,18.77583122253418,18.877716524901825,18.542952910946816,18.58661863541762,88657200
2008-07-23,19.23431968688965,19.53269532236613,18.812227222942564,18.819504846742575,79408800
2008-07-24,18.51384735107422,19.045101274328825,18.51384735107422,18.986881685315506,81092600
2008-07-25,19.037826538085938,19.081490889448762,18.55751450890074,18.659398458102235,58682300
2008-07-28,18.557518005371094,19.001443390072527,18.44107878775514,18.965055267026937,59707800
2008-07-29,19.001434326171875,19.05965390720845,18.48473432991602,18.57206439550303,66368200
2008-07-30,19.08876609802246,19.277980114079377,18.84861011380878,19.066934619135004,51977700
2008-07-31,18.71761703491211,19.125155585616643,18.710339412071175,18.812224743779623,60461000
2008-08-01,18.51384735107422,18.88499775155832,18.244580884347304,18.863164885154138,82720200
2008-08-04,18.397409439086914,18.59389969798827,18.27369263041183,18.47746051194873,60588300
2008-08-05,19.074214935302734,19.12515830242599,18.55751613277883,18.659400090895698,84297600
2008-08-06,19.663684844970703,19.765568776499066,19.197926754988625,19.452637971873994,95550000
2008-08-07,19.93294906616211,20.194937893830247,19.45263714081346,19.576353932982926,82565800
2008-08-08,20.471477508544922,20.544252326219237,19.78739783137327,19.903836984426494,80814100
2008-08-11,20.304092407226562,20.667965035987123,20.12943371198916,20.274983318718956,68743800
2008-08-12,20.46420669555664,20.638865471391238,20.07122340888037,20.216773082774818,62813000
2008-08-13,20.311376571655273,20.74074652300115,20.20221502546288,20.427815739335745,51165200
2008-08-14,20.311376571655273,20.580643014456594,20.056665371830107,20.245879366326964,49732300
2008-08-15,20.238603591918945,20.486037192838115,20.071222446610243,20.362320392378532,47267400
2008-08-18,20.151275634765625,20.41326310144868,20.04939030899459,20.216772848452525,38078200
2008-08-19,19.9613037109375,20.27548258294663,19.924771867327348,20.122047167463382,40332900
2008-08-20,19.939390182495117,20.151277437263285,19.851711784714624,20.122052233737026,41497200
2008-08-21,19.8590145111084,19.895546356700052,19.625207354680434,19.80056272200141,43614200
2008-08-22,20.341245651245117,20.37047085407234,19.888243161816167,19.895549810923175,47930400
2008-08-25,20.209720611572266,20.34123745530575,20.06359047551278,20.173188774357524,51381300
2008-08-26,19.924768447875977,20.253559164742416,19.851703379594458,20.15126890530845,44774400
2008-08-27,20.136661529541016,20.304711654045537,19.822482619137762,19.975919446972206,33975300
2008-08-28,20.414308547973633,20.465453692608246,20.165888079519213,20.17319472783854,48372600
2008-08-29,19.939390182495117,20.297407635697155,19.939390182495117,20.22434253648022,50735500
2008-09-02,19.800567626953125,20.28279535494231,19.77134102835939,20.217036901707335,66079200
2008-09-03,19.654438018798828,19.859020034372698,19.6105995131762,19.72750312390385,57127700
2008-09-04,19.252580642700195,19.64712995205238,19.252580642700195,19.537532999099046,66141900
2008-09-05,18.741125106811523,19.157594336847215,18.726511809083764,19.018772189235833,82305200
2008-09-08,19.084529876708984,19.237965315948333,18.75573765890935,19.15028692666819,62110800
2008-09-09,19.069904327392578,19.43522815974263,19.033371107997677,19.142969372582552,85735700
2008-09-10,19.31833267211914,19.625204874550096,19.179509167933606,19.376784453839303,75064900
2008-09-11,19.975927352905273,20.06360438042458,19.018778339812354,19.06992350479882,72913300
2008-09-12,20.180496215820312,20.268173186031085,19.683655405958216,19.829784154176274,75628500
2008-09-15,19.595979690551758,20.085513920123656,19.530221257206243,19.66904477133572,82349400
2008-09-16,18.98953628540039,19.35486018791352,18.646132318734086,19.062601344623037,111729700
2008-09-17,17.95201873779297,18.901861847009695,17.900873607604428,18.799570193032338,106972100
2008-09-18,18.456174850463867,18.521933304053718,17.54286454349476,18.12007593282675,132291300
2008-09-19,18.383108139038086,19.289111717062443,17.17023226897315,19.26719316351721,134926100
2008-09-22,18.558460235595703,19.230656498944864,18.50000844720015,19.15759141505028,105207700
2008-09-23,18.58768653869629,19.121059273744592,18.51462145593338,18.74842860589425,92181300
2008-09-24,18.792261123657227,19.06260142585296,18.60229252630889,18.689970876469697,80250300
2008-09-25,19.44254493713379,19.639818850286698,18.806880524350596,18.86533231224786,96203500
2008-09-26,20.01975440979004,20.136657975315202,19.099137786079055,19.121057727215184,100744300
2008-09-29,18.27350616455078,20.209723034686938,18.27350616455078,19.683656990278756,134383100
2008-09-30,19.500993728637695,19.500993728637695,18.660748884120817,18.828797574304126,107192700
2008-10-01,19.347564697265625,19.72019545989736,19.201435888171403,19.274499595918066,88957000
2008-10-02,19.179513931274414,19.38409591490428,18.777658006345156,19.128368783767137,93819800
2008-10-03,19.230655670166016,20.0709006147405,19.172203884289544,19.267188907339126,114289400
2008-10-06,18.20044708251953,18.98954710584126,17.637847617610284,18.726513300200388,146374600
2008-10-07,16.972959518432617,18.41964280466298,16.907201060549326,18.251594031672802,145941200
2008-10-08,16.812217712402344,17.75475330382148,16.439586908575833,16.73184595267475,171598600
2008-10-09,16.293453216552734,17.469797186098194,16.125404476217884,17.367506890868416,131948700
2008-10-10,15.708935737609863,16.329986964095994,15.087884511123733,15.920824376952517,228467500
2008-10-13,18.631526947021484,18.631526947021484,16.534566242152803,16.702616367870302,144935400
2008-10-14,17.608617782592773,18.799573457014873,17.243293767989606,18.73381502289826,165674900
2008-10-15,16.556486129760742,17.718216740965723,16.42496924643932,17.374812629538095,113280200
2008-10-16,17.674379348754883,17.674379348754883,15.570111871330832,16.761069150400882,161147800
2008-10-17,17.48440933227539,18.34657431701385,17.03140689511427,17.22137556917534,133673100
2008-10-20,18.061620712280273,18.083540657197357,16.812213117620413,17.681684755588794,93484300
2008-10-21,17.067934036254883,18.2735026969184,17.002175618982314,17.754742004390362,100385600
2008-10-22,15.730860710144043,16.848751881356982,15.270551433149457,16.834139972348595,150054800
2008-10-23,16.308067321777344,16.50534266686356,15.263240190692008,15.745467882946652,154774100
2008-10-24,16.045034408569336,16.702618928265537,15.30708092508964,15.387451282474032,153919700
2008-10-27,15.475132942199707,16.04503778783009,15.358229312654952,15.833150481880667,117683900
2008-10-28,16.877967834472656,16.958338160899423,15.592027282040418,15.811221108441215,134088800
2008-10-29,16.804899215698242,17.513627072229493,16.585705435542206,16.89988281547251,111701800
2008-10-30,16.534568786621094,17.447879071630233,16.359213379131447,17.309056911701493,95323000
2008-10-31,16.31536865234375,16.73914440719942,16.16193325191687,16.461498799645856,93055200
2008-11-03,16.527257919311523,16.739145108820424,16.227690965425825,16.42496625447235,61923500
2008-11-04,17.192153930664062,17.287137590567863,16.709926194165792,16.899893513973396,72123000
2008-11-05,16.132715225219727,17.053332297072075,16.110795273413324,17.04602564646994,81179700
2008-11-06,15.255924224853516,16.132702071835887,15.241312329163785,15.979266715093956,95509700
2008-11-07,15.708935737609863,15.738162333491937,15.343611650688702,15.577418843342118,71256300
2008-11-10,15.562795639038086,16.052329659647825,15.48242533872299,15.964652715013191,67106800
2008-11-11,15.489737510681152,15.562801192750078,15.190171954677261,15.55549593942351,78014500
2008-11-12,14.832160949707031,15.343615352221537,14.817549041841776,15.263243587757538,90162300
2008-11-13,15.526262283325195,15.526262283325195,13.692336547568694,14.722549604056642,148413700
2008-11-14,14.6568021774292,15.59203235442838,14.357236533546809,15.022126269344389,96624500
2008-11-17,14.116122245788574,14.78831860956902,13.99191200268999,14.422994529114447,97289000
2008-11-18,14.432428359985352,14.461851540174791,13.792457705129165,14.34415601333433,108966500
2008-11-19,13.454086303710938,14.675178709030021,13.424661714165103,14.439786201788301,103010500
2008-11-20,12.89503002166748,13.858662752986437,12.872961582431241,13.329032838689908,139532800
2008-11-21,14.476561546325684,14.491273835618399,13.22604501726744,13.25546959585287,157231900
2008-11-24,15.219521522521973,15.403421004514122,14.616331446074394,14.631042338322072,125289900
2008-11-25,14.704604148864746,15.396066675693257,14.380940629470697,15.34457503913913,92948100
2008-11-26,15.07239818572998,15.212162155315495,14.513343710429329,14.513343710429329,79678300
2008-11-28,14.873791694641113,14.939995629731955,14.726672930138497,14.881147843322529,28650800
2008-12-01,13.689474105834961,14.675175169190288,13.682117960222898,14.623682149905852,79639900
2008-12-02,14.086695671081543,14.204391190810584,13.652692915940227,13.969000151352502,79689800
2008-12-03,14.616326332092285,14.638393364263807,13.682116953704732,13.718896276018077,80961500
2008-12-04,14.057273864746094,14.65310766691156,13.821882802312398,14.270596488936103,78719200
2008-12-05,14.616326332092285,14.697241121789887,13.586488470824097,13.910151838738134,91996200
2008-12-08,15.45490550994873,15.631448762906038,14.814934990317573,14.969411213555874,107225000
2008-12-09,15.153312683105469,15.631450900634269,15.050328052515596,15.1680249736242,80484900
2008-12-10,15.160674095153809,15.418132253465844,14.932637722017814,15.31514899014103,61499000
2008-12-11,14.307374000549316,14.800224452781656,14.204389381622425,14.792868308355372,83564300
2008-12-12,14.24117374420166,14.601616494982446,13.75567931228946,14.086697477843353,78112600
2008-12-15,14.005779266357422,14.30001803181848,13.895438501648558,14.226457989692939,59925900
2008-12-16,14.792865753173828,14.844357352222552,13.97635210242737,14.13082689957354,97688700
2008-12-17,14.461851119995117,14.748733782953384,14.344155596574224,14.572190497822042,78922700
2008-12-18,14.197038650512695,14.726670026824367,13.969003698512738,14.6089744772088,80759200
2008-12-19,14.064634323120117,14.564839782636712,14.057278174783454,14.28531316105268,113530400
2008-12-22,14.108760833740234,14.189677010920734,13.895436876824713,14.15289629263826,58575400
2008-12-23,14.18232250213623,14.395645080601643,13.983710809638671,14.182322502136232,47511400
2008-12-24,14.10140609741211,14.307373931226843,14.049914489718695,14.167609993886806,16880400
2008-12-26,14.071985244750977,14.219105365424841,14.042562062441075,14.123478269115846,23101000
2008-12-29,13.946934700012207,14.130834164324867,13.711543610178653,14.086698685741467,58512800
2008-12-30,14.226456642150879,14.3367959933672,13.976353364438697,13.983709508258583,43224100
2008-12-31,14.300024032592773,14.476567365952969,14.174972329415755,14.204395516788274,46419000
2009-01-02,14.954696655273438,15.006188254190624,14.248523750624862,14.366219234732958,50084000
2009-01-05,15.094464302062988,15.204803670324145,14.756088649282095,14.859073275628205,61475200
2009-01-06,15.271003723144531,15.447546948476505,15.160664382692152,15.263647580042262,58083400
2009-01-07,14.351517677307129,14.925284643549048,14.329449231398707,14.851724560229536,72709900
2009-01-08,14.800227165222168,14.851718782601948,14.380935274326788,14.439783037481014,70255400
2009-01-09,14.358868598937988,14.93263395327236,14.277952396437959,14.837006861897091,49815300
2009-01-12,14.32209300994873,14.557485555982804,14.197041289853894,14.498636367192873,52163500
2009-01-13,14.579545021057129,14.704596676156697,14.35886628995961,14.35886628995961,65843500
2009-01-14,14.042564392089844,14.476567276732835,13.983716614665795,14.366227869442953,80257500
2009-01-15,14.152902603149414,14.197038081726614,13.62327265109831,14.027850911312706,96169800
2009-01-16,14.498628616333008,14.645748703574755,14.0866943363137,14.439780862044534,79634100
2009-01-20,13.593852043151855,14.432434799875454,13.512937209244912,14.314737817476125,89873000
2009-01-21,14.255889892578125,14.307382935720277,13.579139616171448,13.880736113836196,68340900
2009-01-22,12.586077690124512,13.373167041794057,12.556653107275656,13.27753855057661,222436600
2009-01-23,12.652284622192383,12.86560728666205,12.321265001240885,12.48309603646069,117020600
2009-01-26,12.968587875366211,13.100995696488498,12.674349052339673,12.718485928074688,92476500
2009-01-27,12.990660667419434,13.218695656317175,12.821473462851491,13.07893304543506,61695000
2009-01-28,13.270179748535156,13.46879000984438,13.064211940723073,13.093635111529997,64145500
2009-01-29,12.939165115356445,13.211335509366258,12.917096676771287,13.07892908697959,49192800
2009-01-30,12.57872486114502,13.086287824790283,12.578724861145021,13.049507086530943,62370900
2009-02-02,13.115707397460938,13.336386154027629,12.505161341049021,12.527229777922216,88871700
2009-02-03,13.608556747436523,13.689472939232301,12.946519132223527,13.130418547729425,86865100
2009-02-04,13.704182624816895,13.976354353244464,13.608555554474872,13.637980131836155,75618000
2009-02-05,14.005779266357422,14.079337905441857,13.424656476910865,13.61591202522083,75195200
2009-02-06,14.461851119995117,14.660462841908368,14.02049220564611,14.094052258544497,86746000
2009-02-09,14.300024032592773,14.542771291343254,14.167616181812203,14.447142775538754,52196400
2009-02-10,13.82923412322998,14.564831712828195,13.755675486703005,14.1602535997656,83953200
2009-02-11,14.130840301513672,14.33680829609312,13.917517559844045,13.932229860108759,58599000
2009-02-12,14.167610168457031,14.21174563230363,13.637980393174553,13.954286187623124,75323200
2009-02-13,14.042564392089844,14.322090984093654,14.005785057340445,14.174972242054375,47416000
2009-02-17,13.398202896118164,13.701865753866624,13.250074052633446,13.694459170426255,75853300
2009-02-18,13.420421600341797,13.664833184177201,13.331544018646543,13.494484603649733,54946900
2009-02-19,13.264884948730469,13.612985834869253,13.190820539667017,13.553734590150713,49195600
2009-02-20,13.331543922424316,13.47226617048394,13.079725757543404,13.16119675578759,69413800
2009-02-23,12.746435165405273,13.442638332180683,12.709403668170216,13.346355591772893,70803400
2009-02-24,12.716813087463379,12.850128767512045,12.116893939905763,12.613123741941697,122674500
2009-02-25,12.561274528503418,12.76865458056626,12.190953915101863,12.598307437440193,105894600
2009-02-26,12.161334037780762,12.650157336926238,12.161334037780762,12.627937582360856,83219500
2009-02-27,11.961358070373535,12.235396004054437,11.924326566234024,12.06504882475456,93428000
2009-03-02,11.69472885131836,12.035423957760502,11.642884174141539,11.820637958459852,80602100
2009-03-03,11.761385917663574,12.028016576473021,11.583632145123943,11.872482555248872,80476600
2009-03-04,11.939139366149902,12.146518043218025,11.768791485752933,11.939139366149902,69285100
2009-03-05,11.309597969055176,11.761389106675853,11.309597969055176,11.746575935115718,89708500
2009-03-06,11.317000389099121,11.568818577997918,11.013337528249634,11.36884576738049,92821400
2009-03-09,11.220715522766113,11.657694007074454,11.183684022466565,11.257747729396252,66479100
2009-03-10,12.205775260925293,12.30946606279727,11.29478628030665,11.383663202342785,95184200
2009-03-11,12.67237377166748,12.739031605239434,12.168737434751042,12.316864855063306,84522200
2009-03-12,12.598308563232422,12.620528310580056,12.205768169391163,12.598308563232422,93694100
2009-03-13,12.331680297851562,12.627936605838993,11.98357931254902,12.576091928523882,82965800
2009-03-16,12.035422325134277,12.561277022493485,12.028015741876375,12.457587682205485,67028900
2009-03-17,12.516839027404785,12.516839027404785,12.042828996713231,12.087267083925234,62481000
2009-03-18,12.561274528503418,12.75384141699155,12.2946446474638,12.613120601014902,70710700
2009-03-19,12.69459342956543,12.924193285847403,12.531652826457501,12.864942029020757,58994600
2009-03-20,12.63533878326416,13.072317214887677,12.502023138001254,12.827905669459355,81725500
2009-03-23,13.575963020324707,13.768530041997781,12.820508107452337,12.86494762891213,71600000
2009-03-24,13.279702186584473,13.487080900381612,13.21304433924638,13.36117320281137,50044100
2009-03-25,13.242671012878418,13.56114712273054,12.976041000982693,13.316735454440122,73927100
2009-03-26,13.94627571105957,13.983307211230272,13.420421062797486,13.457452562968186,63775100
2009-03-27,13.427827835083008,13.790743360837265,13.36857658014256,13.731492105896818,47670400
2009-03-30,12.946410179138184,13.153790261213937,12.790876177077298,13.138977095495404,49633000
2009-03-31,13.60558032989502,13.91664971016282,13.168601881122132,13.205633378410246,92423300
2009-04-01,14.30178165435791,14.338814563191976,13.464857691962404,13.501889188135442,96438900
2009-04-02,14.28697395324707,14.731357683931913,14.072187259109494,14.44250797645448,99082300
2009-04-03,13.887024879455566,14.18328112768504,13.650019880871987,14.168467962108261,81858400
2009-04-06,13.894437789916992,13.894437789916994,13.531523543978272,13.7314971323512,47476100
2009-04-07,13.894437789916992,14.175881000741885,13.79815358248031,13.894437789916994,65815200
2009-04-08,14.212909698486328,14.53138574526592,14.042561092832548,14.049967676788055,56408900
2009-04-09,14.5684175491333,14.590637301452428,14.235128327653761,14.405476936777456,55759600
2009-04-13,14.509169578552246,14.701736570993573,14.346228929253492,14.58323402374688,44444700
2009-04-14,14.331404685974121,14.47953204926599,14.072180034387474,14.398062493886707,63796300
2009-04-15,13.94627571105957,14.257345115541469,13.709270719580255,14.227718785275965,72725500
2009-04-16,14.635077476501465,14.649890646822639,14.0647831330914,14.190692255498016,67688700
2009-04-17,14.220316886901855,14.583231040179363,14.072188026818116,14.583231040179363,61398500
2009-04-20,13.78333568572998,14.035153852447912,13.753709354275525,13.990714355266228,62937200
2009-04-21,14.049962997436523,14.131433981151684,13.75370680119182,13.768519964169299,60928300
2009-04-22,13.909246444702148,14.212909315385673,13.849995187316619,13.894433277190414,59401000
2009-04-23,14.012930870056152,14.02774403236491,13.679641781413704,14.012930870056152,86116300
2009-04-24,15.486817359924316,15.701604124427265,14.442512707904195,14.679517818623387,168478500
2009-04-27,15.109087944030762,15.420157464025294,15.020211745553299,15.220183898458444,68219600
2009-04-28,14.760986328125,15.01280456831875,14.657296963102272,14.997991398269317,76685200
2009-04-29,14.997982025146484,15.471991869198435,14.857259822945775,14.894292724925313,79301600
2009-04-30,15.005395889282227,15.627534817922033,14.82023552748851,15.257214094334598,87439900
2009-05-01,14.990582466125488,15.072053475979564,14.709139342560892,14.953550959461689,63224500
2009-05-04,14.953546524047852,15.109080501096154,14.798011134338541,15.086862168752686,54313400
2009-05-05,14.657293319702148,14.990581086998302,14.546195984608799,14.916516667823169,66835500
2009-05-06,14.657293319702148,14.864671998198965,14.523977647719168,14.857265415015322,59639100
2009-05-07,14.30919361114502,14.805423474634114,14.175877914586522,14.78320372098718,68727200
2009-05-08,14.383258819580078,14.546199450459387,14.175878679010529,14.412883746711936,67597600
2009-05-11,14.30919361114502,14.612856514345347,14.079595140772916,14.220317421880393,63762600
2009-05-12,14.731353759765625,14.85726282662948,14.420284383552637,14.449910711125804,71966800
2009-05-13,14.627662658691406,14.812822945510284,14.5684114234158,14.753571710234679,49281700
2009-05-14,14.857266426086426,14.983175523454166,14.664699488190976,14.68691923925401,54539500
2009-05-15,14.975773811340332,15.18315398407128,14.798019982997458,14.909115949129022,61289900
2009-05-18,15.257211685180664,15.257211685180664,14.990580354247836,15.079457935445856,46073800
2009-05-19,15.137953758239746,15.458452276553121,15.093233464550034,15.287023299382131,51368300
2009-05-20,15.190125465393066,15.421183362775118,15.070870418449175,15.212486319807159,47450700
2009-05-21,14.772735595703125,15.078326889010732,14.541679076243545,15.011245734710762,58232800
2009-05-22,14.720560073852539,15.033604952541534,14.511863014182405,14.854722367809595,37318700
2009-05-26,15.160319328308105,15.242307743584805,14.496962649456119,14.564043821658336,44991700
2009-05-27,15.003796577453613,15.354109692236477,14.959076268497522,15.09323861699879,42892900
2009-05-28,15.242303848266602,15.376464736751979,14.944164749501102,15.14540821467804,45480800
2009-05-29,15.57026195526123,15.60753007107073,15.130508140141941,15.324298077451566,46134900
2009-06-01,15.950382232666016,16.024917014735514,15.547896684103069,15.652244526020736,57317100
2009-06-02,15.950382232666016,16.38268226270985,15.801314090159737,15.92056917281785,48935700
2009-06-03,16.196346282958984,16.21870714443497,15.86839551110767,15.883301330458915,56039600
2009-06-04,16.27088165283203,16.323055576524187,16.08454539871273,16.226161349900583,42330000
2009-06-05,16.50193977355957,16.628648495232564,16.255975951680576,16.367777430419586,59579200
2009-06-08,16.43485450744629,16.636097972018916,16.12180959198862,16.38268059180877,49000600
2009-06-09,16.457216262817383,16.63609887830497,16.3081467057614,16.442309022785253,50887700
2009-06-10,16.807527542114258,16.859702881197137,16.48703041754376,16.52429709525605,61297200
2009-06-11,17.01622200012207,17.336720496724936,16.82243217841726,16.837339415848184,65124600
2009-06-12,17.388893127441406,17.42615979664598,16.949139606992393,17.06839465440579,50963500
2009-06-15,17.455982208251953,17.545424245306165,17.157844454126167,17.31436624192985,69089600
2009-06-16,17.47833251953125,17.970259872221995,17.47087890247447,17.49323833201272,105295600
2009-06-17,17.649770736694336,17.75411858714736,17.269644596516095,17.515608402321682,86483100
2009-06-18,17.515609741210938,17.65722570738859,17.366540153483623,17.605051778173916,58852200
2009-06-19,17.94045066833496,18.141694123023438,17.701940539059365,17.918091232235692,115459000
2009-06-22,17.35162925720215,17.85101038191228,17.329268399093024,17.85101038191228,71291600
2009-06-23,17.396360397338867,17.63487067933573,17.299464706756755,17.426173471771765,56752700
2009-06-24,17.493244171142578,17.701941253497857,17.41125719941547,17.478338353685647,54287700
2009-06-25,17.73175621032715,17.828650423759314,17.292002596744222,17.463431586003303,57724300
2009-06-26,17.403804779052734,17.65722217450527,17.381443918877746,17.567780155437983,65126400
2009-06-29,17.783933639526367,17.91064235696933,17.552875646662038,17.59014375275284,62854900
2009-06-30,17.716848373413086,18.06715995986449,17.61249912212108,17.865916498407646,66452400
2009-07-01,17.918092727661133,18.111881157646557,17.858463768733152,17.925544925894503,54908400
2009-07-02,17.418710708618164,17.918091841892405,17.299454218290197,17.70939476085916,65422200
2009-07-06,17.292011260986328,17.351638827198006,17.046047372658993,17.299463462833636,49207700
2009-07-07,16.79262351989746,17.247283007467992,16.740448175234683,17.202562705104103,52842500
2009-07-08,16.81497573852539,16.911871343937086,16.39758311191546,16.628639566799077,73023400
2009-07-09,16.72553825378418,17.001315042635213,16.67336434354925,16.882059984488965,46981200
2009-07-10,16.68827247619629,16.800075352656826,16.509389864145106,16.53920434363662,43229200
2009-07-13,17.314363479614258,17.35908520182298,16.50193734071452,16.710634446123727,67584000
2009-07-14,17.224925994873047,17.306912990490382,17.03858971685541,17.292007168690034,45448700
2009-07-15,17.977720260620117,17.977720260620117,17.560326078020704,17.70194201217524,67238700
2009-07-16,18.216236114501953,18.216236114501953,17.783935978423827,17.836109912179847,64555100
2009-07-17,18.10442543029785,18.223680481642038,17.962809523714498,18.18641238957676,52860100
2009-07-20,18.283315658569336,18.283315658569336,18.000083726874905,18.21623448641186,47798000
2009-07-21,18.506921768188477,18.506921768188477,18.16406364914169,18.402573892240877,52028400
2009-07-22,18.484556198120117,18.55909098553851,18.268406878402885,18.41002283233455,66192500
2009-07-23,19.051021575927734,19.17027668582141,18.514373581406193,18.58145475842552,106060500
2009-07-24,17.47833251953125,17.806283140237017,17.001310979321975,17.597587549175547,215135700
2009-07-27,17.224925994873047,17.478343446707672,17.06840278208908,17.47088982499101,80950000
2009-07-28,17.493244171142578,17.552871705868007,17.06839780851984,17.135478962790017,70288400
2009-07-29,17.739206314086914,17.82119469997994,17.39634837604778,17.687032403657692,73626900
2009-07-30,17.74666404724121,18.2087785726372,17.6721292629344,18.03734956387448,67820000
2009-07-31,17.530513763427734,17.94045292191028,17.515606523067323,17.716850003034832,54258200
2009-08-03,17.761579513549805,17.78394038568666,17.515615606578088,17.754125889504184,46902900
2009-08-04,17.716848373413086,17.73175561240231,17.537965770440078,17.64976721959414,49218300
2009-08-05,17.74666404724121,18.0746162452115,17.73175822768606,17.76902490902308,53310300
2009-08-06,17.485790252685547,17.873369932591594,17.344175748653853,17.83610325713747,59686000
2009-08-07,17.560325622558594,17.754115469103574,17.515605326165932,17.70194155304004,46169700
2009-08-10,17.455982208251953,17.552876445230478,17.366540171197745,17.48579527284806,35261900
2009-08-11,17.239826202392578,17.44106965830708,17.180198669710414,17.381442125624915,33615800
2009-08-12,17.5379638671875,17.813740650397534,17.165291462695365,17.23982480628787,61972300
2009-08-13,17.605045318603516,17.776474286446856,17.44106854794256,17.6124975157859,38954500
2009-08-14,17.6572208404541,17.739207811636057,17.523058532805834,17.605046925620343,46330200
2009-08-17,17.32926368713379,17.59013460761062,17.314356452447765,17.381437586902724,42474400
2009-08-18,17.674057006835938,17.72652429270478,17.441701271005503,17.456692332575546,38878900
2009-08-19,17.72652816772461,17.778995465062806,17.4267140189159,17.4267140189159,41821300
2009-08-20,17.74151611328125,17.89142387614233,17.644077068160012,17.689048825167784,39505900
2009-08-21,18.296178817749023,18.303674351423098,17.816476099623056,17.936401779154547,69011400
2009-08-24,18.468564987182617,18.5360233357256,18.198733022637022,18.296172065184475,54180900
2009-08-25,18.468564987182617,18.603481684268584,18.33364829009665,18.438584293178145,43980300
2009-08-26,18.40110969543457,18.551017479238645,18.303670636700527,18.431091824046018,41079000
2009-08-27,18.506046295166016,18.57350465702656,18.213726250561447,18.296175677196917,45495600
2009-08-28,18.498552322387695,19.105676200692468,18.44608502087857,18.790870962010967,55808000
2009-08-31,18.47606658935547,18.62597439751679,18.206234536142627,18.4161037520163,49592800
2009-09-01,17.988861083984375,18.543517462518746,17.913907210209196,18.251198927384394,62608500
2009-09-02,17.883930206298828,18.09379938059473,17.82396738083907,17.853948078755685,40771300
2009-09-03,18.071311950683594,18.0937971138976,17.808974086051517,17.921404191000594,34120000
2009-09-04,18.453575134277344,18.588490400123302,18.048825047860504,18.056320578678555,44999700
2009-09-08,18.603483200073242,18.618474263110112,18.29617355594966,18.453576858583897,53737100
2009-09-09,18.573501586914062,18.70092275718557,18.491052173907093,18.543519462320116,49900300
2009-09-10,18.738401412963867,18.775877643939165,18.47606350725706,18.588493629809527,46256000
2009-09-11,18.633464813232422,18.865820565402153,18.59598715667187,18.685932102790773,54303500
2009-09-14,18.738401412963867,18.805859772420664,18.468567975136686,18.47606350725706,42806800
2009-09-15,18.888307571411133,18.940774862114125,18.633465219745357,18.71591320672444,44716600
2009-09-16,18.888307571411133,19.00073768429275,18.70092357339962,18.925783799162858,50055800
2009-09-17,18.963260650634766,19.023223474785627,18.78337217818218,18.78337217818218,42428800
2009-09-18,18.93328285217285,19.098180286427894,18.813357185509783,19.083189220688332,68016500
2009-09-21,18.963260650634766,19.015729372689954,18.81335430507086,18.820849836793027,28878700
2009-09-22,19.315542221069336,19.353018447585015,18.95576529986379,19.03821328412356,61376700
2009-09-23,19.27056884765625,19.67531895232474,19.218101559190274,19.42797214268057,60599900
2009-09-24,19.442960739135742,19.570381893375643,19.233090182262316,19.42796967872488,56302900
2009-09-25,19.1506404876709,19.35301551125362,19.128155327023606,19.25557647932093,50158900
2009-09-28,19.36050796508789,19.607854700289614,19.188115089261892,19.188115089261892,44358000
2009-09-29,19.300552368164062,19.45795424494585,19.255580607601622,19.420478016081564,39050300
2009-09-30,19.27806282043457,19.480437856409456,19.023220500235,19.30804494263512,63533400
2009-10-01,18.648452758789062,19.090679058802916,18.588489943344452,19.04570730462603,75958100
2009-10-02,18.708412170410156,18.80585262129568,18.311159126476014,18.33364428466034,51219700
2009-10-05,18.468564987182617,18.783370137174426,18.378621475542865,18.723407319539145,60804900
2009-10-06,18.82084846496582,18.895800917471337,18.483556710185418,18.498547772537076,48795300
2009-10-07,18.813352584838867,18.873315403506925,18.64845376128194,18.730903173060405,38472700
2009-10-08,19.24059295654297,19.412985927295125,18.903301118439405,19.068199985790812,60521300
2009-10-09,19.1506404876709,19.330530350606328,19.083182146476656,19.165631547853213,39520000
2009-10-12,19.27806282043457,19.405483980534356,19.150641660334784,19.23309106676002,29145800
2009-10-13,19.345523834228516,19.4429643151947,19.128159136796935,19.180626428258815,37749000
2009-10-14,19.457950592041016,19.63784045977245,19.353016027219535,19.59286727802648,45365500
2009-10-15,20.020112991333008,20.020112991333008,19.41298901578361,19.41298901578361,65620100
2009-10-16,19.862701416015625,19.96014045430391,19.562887340944418,19.825225192741577,56500900
2009-10-19,19.757770538330078,19.922667953019108,19.67532111617229,19.85520959482211,48143200
2009-10-20,19.76526641845703,19.87020100877778,19.442965685755794,19.802742649392567,54604700
2009-10-21,19.92266273498535,20.05008388602551,19.780250523910777,19.832717804405046,61672700
2009-10-22,19.930160522460938,20.027599564469046,19.58537325074679,19.907673929862298,61600000
2009-10-23,21.001996994018555,21.998879718621794,20.89706099221073,21.88644961562357,281761000
2009-10-26,21.496692657470703,21.751535011233024,21.069457367229894,21.08444700067803,124149700
2009-10-27,21.42923355102539,21.646598239471004,21.316803441165494,21.534168129611107,69685800
2009-10-28,21.001996994018555,21.564148938636013,20.949529707927805,21.166894383107532,73542400
2009-10-29,21.15191078186035,21.294323058355012,20.874583191958298,21.039480639207444,65225500
2009-10-30,20.784635543823242,21.286824783995886,20.732168245982713,21.009497229802623,73371800
2009-11-02,20.897058486938477,21.024479636294096,20.544777158544072,20.762143237290896,62428900
2009-11-03,20.634723663330078,20.792125514749124,20.559769788052613,20.717171639471655,50294800
2009-11-04,21.031984329223633,21.27933120577845,20.702189446901727,20.754656749560812,63898400
2009-11-05,21.33928871154785,21.54166376807855,21.19687790550899,21.376766368105248,52681700
2009-11-06,21.376768112182617,21.459216104082785,21.136916809152066,21.27183209488685,38908500
2009-11-09,21.72904396057129,21.736539490571452,21.384258158320716,21.45171649869603,57518000
2009-11-10,21.744043350219727,21.946418448870965,21.5941355520425,21.66159391825958,65881100
2009-11-11,21.826488494873047,21.961403771179516,21.75153461050738,21.796506369276205,49693400
2009-11-12,22.006378173828125,22.10381722814141,21.736544747073623,21.744040278886416,55352400
2009-11-13,22.20875358581543,22.328680674759955,22.01387546164382,22.088827926497537,53037600
2009-11-16,22.14129066467285,22.336168736134514,22.013869507408693,22.193757947729935,54129500
2009-11-17,22.585472106933594,22.585472106933594,22.18646158277067,22.209047571818033,75648900
2009-11-18,22.668292999267578,22.690877559378418,22.44243734653654,22.585479116338256,59431200
2009-11-19,22.41984748840332,22.585473779176816,22.359619615763346,22.577945115603598,51967700
2009-11-20,22.29939079284668,22.412317869741088,22.15634906294273,22.329504009910533,42647100
2009-11-23,22.540300369262695,22.592999571632443,22.359616774304037,22.46501517904353,41832700
2009-11-24,22.517715454101562,22.577943321956887,22.39725971839091,22.547830106002042,37341400
2009-11-25,22.42737579345703,22.480075001681353,22.269276732838343,22.44243168441703,32033500
2009-11-27,21.99825668334961,22.12624112559407,21.64441801876604,21.91544423432987,29357900
2009-11-30,22.14129066467285,22.171405316224675,21.832622665994784,21.945549737422873,44172000
2009-12-01,22.593002319335938,22.623115537518554,22.14129255903071,22.224106421937964,49904200
2009-12-02,22.41984748840332,22.577945115603598,22.32197629789727,22.51018857939041,36308600
2009-12-03,22.457494735717773,22.736049610694216,22.40479551406047,22.465023401089688,43095200
2009-12-04,22.570411682128906,22.864023755651022,22.45748462428753,22.62311088005852,58810700
2009-12-07,22.42737579345703,22.645701289807175,22.344561931421257,22.419847130004168,38082700
2009-12-08,22.261743545532227,22.389727926331496,22.118701840887056,22.224101671862915,37402200
2009-12-09,22.367143630981445,22.442428819955257,22.02083377202567,22.18646003901162,44713300
2009-12-10,22.48760414123535,22.555359241854166,22.329505077269435,22.36714695938497,45940200
2009-12-11,22.47254753112793,22.58547461702389,22.42737698395871,22.562888625466375,43744200
2009-12-14,22.668292999267578,22.705934890083036,22.51019389876124,22.51772256411355,34651200
2009-12-15,22.600526809692383,22.74356708255256,22.495126975650887,22.502655637792813,49473200
2009-12-16,22.660751342773438,22.894134091115117,22.615580812501403,22.638165359664786,55737800
2009-12-17,22.284337997436523,22.55536274990167,22.261752003086936,22.547835521064453,43691200
2009-12-18,22.85650062561035,22.92425716390333,22.434904068243863,22.465018723461096,94118000
2009-12-21,22.976957321166992,23.21786882904648,22.86403023134171,22.886614787739255,40129100
2009-12-22,23.20280647277832,23.28562032414586,22.99200966703628,23.037180205988786,36321000
2009-12-23,23.27809715270996,23.300683145486772,23.104942182592062,23.119998075164055,28362700
2009-12-24,23.338315963745117,23.338315963745117,23.157632399565045,23.247973463682417,11083900
2009-12-28,23.466306686401367,23.473835349773232,23.255508419826334,23.338322280971116,25384000
2009-12-29,23.631933212280273,23.714747074264466,23.511477469000937,23.601819994433303,29716200
2009-12-30,23.30820655822754,23.556648130264715,23.187750821695015,23.451248283839522,42006200
2009-12-31,22.946836471557617,23.330789622094635,22.946836471557617,23.32326096001209,31929700
2010-01-04,23.30068588256836,23.41361298782595,23.029659681193298,23.052245676623237,38409100
2010-01-05,23.30820655822754,23.41360640465273,23.067295085162495,23.225394136827457,49749600
2010-01-06,23.165164947509766,23.39854774423908,22.976952690417768,23.247977364187257,58182400
2010-01-07,22.92425537109375,23.11246764364478,22.728514435327195,23.059767001136116,50559700
2010-01-08,23.082351684570312,23.24797795810211,22.766155027140076,22.796269678298003,51197400
2010-01-11,22.788742065429688,23.157637943436438,22.675814990275896,23.11999462775473,68754700
2010-01-12,22.6381778717041,22.88661807943022,22.517722100439684,22.69840575733631,65912100
2010-01-13,22.848970413208008,22.976954817315466,22.5930016049931,22.781213879507256,51863500
2010-01-14,23.30820655822754,23.41360640465273,22.78121306988417,22.818854949070964,63228100
2010-01-15,23.23292350769043,23.519005531684805,23.119994994798162,23.398549791482363,79913200
2010-01-19,23.413610458374023,23.51900888710175,23.097413736244945,23.150112950608808,46575700
2010-01-20,23.02964973449707,23.2931471569221,22.81885150936796,23.19527598827645,54849500
2010-01-21,22.593002319335938,23.127524506602672,22.585473655803845,23.04471207964116,73086700
2010-01-22,21.802507400512695,22.736041469093376,21.712166320292358,22.585471087465375,102004600
2010-01-25,22.073530197143555,22.32949894589177,21.90790395098986,22.013302340729,63373000
2010-01-26,22.209049224853516,22.472546706235846,21.900381197960026,21.983195061351953,66639900
2010-01-27,22.337032318115234,22.449959393214662,21.847680702053935,22.096120841650944,63949500
2010-01-28,21.95307731628418,22.487600867369675,21.749807736183545,22.465014879821087,117513700
2010-01-29,21.215286254882812,22.525243416981294,20.823804408017818,22.510186091499044,193888500
2010-02-01,21.388442993164062,21.44114220084896,21.019547103424067,21.37338566641246,85931100
2010-02-02,21.426084518432617,21.45619917143593,21.185173038188857,21.358329421066536,54413700
2010-02-03,21.55406951904297,21.674526698448265,21.170117734231688,21.275516150772376,61397900
2010-02-04,20.959318161010742,21.4561984308495,20.93673217203784,21.365855910903527,77850000
2010-02-05,21.094831466674805,21.29057239886453,20.756048807895347,21.079774140518904,80960100
2010-02-08,20.86897850036621,21.140004661392343,20.756051411920602,21.087305449180782,52820600
2010-02-09,21.087305068969727,21.335745233448943,20.891564115751887,21.05719041342276,59195800
2010-02-10,21.072254180908203,21.260466527757274,20.959327059988013,21.102368845658255,48591300
2010-02-11,21.170116424560547,21.380913244601157,20.853919758553992,21.02707469957182,65993700
2010-02-12,21.02707290649414,21.124942645174947,20.763575467967406,20.936730394219495,81117200
2010-02-16,21.443082809448242,21.458210550763322,21.19348084839269,21.276680540303996,51935600
2010-02-17,21.624610900878906,21.669992681163617,21.4506462075702,21.5792291205942,45882900
2010-02-18,21.912031173706055,21.957414397495498,21.564101780618543,21.62461130301032,42856500
2010-02-19,21.76075553894043,21.874210699796738,21.70024602363969,21.775883278430776,44451800
2010-02-22,21.73050308227539,21.88934148369425,21.669993558558883,21.813704218383403,36707100
2010-02-23,21.42794418334961,21.80612886815469,21.246415707762377,21.692673751245184,52266200
2010-02-24,21.65486717224121,21.775887669909174,21.465774718460107,21.57166747358696,43165900
2010-02-25,21.63217544555664,21.669993356529066,21.193481042036705,21.382573482220483,48735300
2010-02-26,21.685121536254883,21.821268326764567,21.564102487504247,21.66999379449584,40370600
2010-03-01,21.949840545654297,21.972530704570353,21.579219709203777,21.760748193833003,43805400
2010-03-02,21.526283264160156,22.1616339952995,21.359882431780186,21.995233162919526,93123900
2010-03-03,21.526283264160156,21.639739885382863,21.443083569300605,21.564102618788016,48442100
2010-03-04,21.65486717224121,21.669994914782322,21.382575019805856,21.526284245963623,42890600
2010-03-05,21.624610900878906,21.692684292636365,21.49602798785491,21.677556551654533,56001800
2010-03-08,21.65486717224121,21.881778982375096,21.55653973104585,21.57166747358696,39414500
2010-03-09,21.783445358276367,22.01792098865714,21.5943529456432,21.601916815267803,50271600
2010-03-10,21.912031173706055,22.017923919887274,21.783448258290928,21.82883148208037,44891400
2010-03-11,22.07086944580078,22.078433316389226,21.821267487025317,21.85152152671829,35349700
2010-03-12,22.138946533203125,22.222146238239606,21.964981808618344,22.176764449795975,31700200
2010-03-15,22.154062271118164,22.214571770471885,21.942278302050003,22.070861168509197,37512000
2010-03-16,22.214576721191406,22.305340269119338,22.08599382607635,22.252394625717947,36723500
2010-03-17,22.41123390197754,22.59276390215751,22.237269214687526,22.31290647431906,50385700
2010-03-18,22.39611053466797,22.479310232754518,22.3129093939205,22.411236834444935,43845200
2010-03-19,22.380979537963867,22.615453741014164,22.199450983086795,22.509562444667715,81332100
2010-03-22,22.388540267944336,22.464177515866346,22.22970190304207,22.31290302002233,37718200
2010-03-23,22.600326538085938,22.61545427868386,22.244833289999274,22.38098007005907,42026600
2010-03-24,22.426362991333008,22.57763751969491,22.388545080572943,22.47930864346143,33987700
2010-03-25,22.69864845275879,23.122214961063094,22.539810110481987,22.562501714424474,73168700
2010-03-26,22.433916091918945,22.842356256815197,22.38097046520872,22.75915516189334,55595500
2010-03-29,22.380979537963867,22.554944222721804,22.35072405748733,22.471743094072046,33336000
2010-03-30,22.517122268676758,22.585195644856118,22.312902140138675,22.4112295486975,34954800
2010-03-31,22.154062271118164,22.47929992848176,22.063297300757448,22.418790429128038,63760000
2010-04-01,22.05573844909668,22.343159718389682,21.647299596233715,22.199449083743183,74768100
2010-04-05,22.138946533203125,22.259965597493498,21.957417936767566,22.033053769953266,34331200
2010-04-06,22.1767520904541,22.373408320992592,21.919586361493018,22.04816922597356,47366800
2010-04-07,22.19944953918457,22.35828647337313,22.04061116233539,22.05573890158972,58318800
2010-04-08,22.63058090209961,22.675962678992306,22.16163106533948,22.176758805190605,63713800
2010-04-09,22.948253631591797,23.001199272425062,22.6154506057906,22.653269951143297,54752500
2010-04-12,22.933130264282227,23.061713177667034,22.849929131309473,22.880184613358033,37068800
2010-04-13,23.031457901000977,23.069275808869264,22.789418385597514,22.804546125809114,41374600
2010-04-14,23.311309814453125,23.447456567282373,23.19029079919612,23.288619650755223,68941200
2010-04-15,23.349130630493164,23.409640141936652,23.228110164945633,23.31131128417814,52745400
2010-04-16,23.197860717773438,23.432334940650076,23.144915065123307,23.28862572421711,88703100
2010-04-19,23.47771453857422,23.63655147198889,23.26593051802738,23.27349438761769,64970300
2010-04-20,23.719751358032227,23.78026086893902,23.54578525184722,23.61385863194993,52199500
2010-04-21,23.69706153869629,23.825644439409047,23.621424283689844,23.69706153869629,55343100
2010-04-22,23.74243927001953,23.848331986053577,23.37181837055137,23.477711086585416,84847600
2010-04-23,23.417198181152344,23.886147888973582,23.182724048571863,23.53821862402579,126766600
2010-04-26,23.530662536621094,23.65924544719621,23.341570105931847,23.447461405466385,63649300
2010-04-27,23.334003448486328,23.63655101291958,23.258366196712867,23.409640700259786,68730900
2010-04-28,23.379384994506836,23.44745837617309,23.16003855342936,23.386948863876484,64557900
2010-04-29,23.44745445251465,23.772693567681632,23.19785257572655,23.394508818447527,52665200
2010-04-30,23.09953498840332,23.507973940898086,23.084407245769196,23.500410069581026,63214800
2010-05-03,23.341571807861328,23.492844897846208,23.12978775068946,23.197861146113958,43989500
2010-05-04,22.789413452148438,23.107088714518177,22.501993663652193,23.08439855177345,82085600
2010-05-05,22.577632904052734,22.75916143537987,22.45661388316798,22.51712339361036,66833800
2010-05-06,21.91958999633789,22.600322327140464,21.110274779732347,22.38097589998274,128613000
2010-05-07,21.337181091308594,21.896895743338103,20.664012755102043,21.881768008383748,173718100
2010-05-10,21.88933753967285,22.29777639050155,21.71537142800487,21.942283183052442,86653300
2010-05-11,21.84394645690918,22.426351209677833,21.609472359523643,21.69267345067918,63789400
2010-05-12,22.26751708984375,22.373408351562915,21.87420462822936,21.919586391443254,47146800
2010-05-13,22.116249084472656,22.48687005144298,22.070867307998505,22.131376824184258,45188800
2010-05-14,21.88176918029785,22.093551710360362,21.662421339692777,22.085989285138375,63334000
2010-05-17,21.88933753967285,22.10868398262553,21.518716593355126,22.02548430416928,46053300
2010-05-18,21.729787826538086,22.03370064910541,21.5778306906691,21.934929525210023,52690600
2010-05-19,21.456260681152344,21.79816343450226,21.114359376972743,21.66900033314455,61746700
2010-05-20,20.59770965576172,21.152350684212358,20.544525098125426,21.007991564077773,87991100
2010-05-21,20.39256477355957,20.59770642007724,20.08865202825762,20.233009676544622,117596300
2010-05-24,19.959489822387695,20.407761685181097,19.951891822269292,20.400163685062694,73711700
2010-05-25,19.807523727416992,20.00506729331635,19.283273550575217,19.488415113144132,98373600
2010-05-26,19.002164840698242,20.217817408296284,18.66026205790895,19.929099180791894,176684100
2010-05-27,19.75434684753418,20.027869036849903,19.549205205547388,19.549205205547388,136433600
2010-05-28,19.60239028930664,19.845521935992313,19.49602119018623,19.632782288581208,67496900
2010-06-01,19.670766830444336,19.989875511955173,19.389648140285978,19.397246138556472,76152400
2010-06-02,20.10384750366211,20.119043503918974,19.549206536819657,19.799934744376543,65718800
2010-06-03,20.407760620117188,20.46094516900001,20.065857878484366,20.172226976250013,67837000
2010-06-04,19.59479522705078,20.18742476621725,19.4656321186634,19.830327442638215,89832200
2010-06-07,19.21489715576172,19.625178888887188,19.17690716712147,19.61758089115914,80456200
2010-06-08,19.078140258789062,19.19210735124328,18.72863953286989,19.18450935185697,87355000
2010-06-09,18.83501434326172,19.389655381616166,18.804622338829432,19.16171969588561,87794000
2010-06-10,18.994564056396484,19.108531150900816,18.82741241440148,19.093335151854845,78930900
2010-06-11,19.496021270751953,19.5416078206819,18.81981522497163,19.024956873411828,68057700
2010-06-14,19.37445831298828,19.723957649699194,19.351664310918697,19.647980541141486,50972400
2010-06-15,20.19502067565918,20.24820522375258,19.556803200197876,19.56440119980697,81641500
2010-06-16,19.997478485107422,20.19502214177433,19.929097932831553,20.111445589177084,48698000
2010-06-17,20.035463333129883,20.26339748264841,19.784735188991508,20.179820951545626,47995500
2010-06-18,20.088653564453125,20.157034118521462,19.883511902248106,20.035469011104503,52075600
2010-06-21,19.71636199951172,20.430556706962623,19.6707739932885,20.346981593894423,54625300
2010-06-22,19.579591751098633,20.09624398739897,19.571993753603646,19.87590640755389,55985400
2010-06-23,19.23009490966797,19.587193616601677,19.16171436787939,19.587193616601677,61466200
2010-06-24,18.994564056396484,19.541606979519422,18.94137950890581,19.34406333943247,85243400
2010-06-25,18.63746452331543,19.078138298244518,18.470311452334357,19.03255030661147,156256700
2010-06-28,18.470314025878906,18.698249668293194,18.325956379770474,18.622271120821765,73784800
2010-06-29,17.710535049438477,18.386742665296314,17.558579372778592,18.333556656836272,119882100
2010-06-30,17.482601165771484,17.991655663744982,17.43701460676253,17.70293740862358,81050500
2010-07-01,17.596559524536133,17.71812458746589,17.269852874473706,17.543374990650594,92239400
2010-07-02,17.68013572692871,17.83968932568116,17.512982681565383,17.748516254728283,62485100
2010-07-06,18.098026275634766,18.303167981833113,17.915678575404247,18.00685315010486,73592000
2010-07-07,18.46271514892578,18.477911147532055,17.938466239541086,18.09801987739638,79965300
2010-07-08,18.54629135131836,18.70584643541216,18.211986633973865,18.6906504370851,50758100
2010-07-09,18.439918518066406,18.54628758642258,18.348743995782637,18.485505054623356,53806100
2010-07-12,18.865402221679688,18.910988772689233,18.553891466302197,18.561489466332176,49854200
2010-07-13,19.09332847595215,19.222491524341134,18.91857889553462,19.10092647281853,61928700
2010-07-14,19.32887077331543,19.45803388012199,19.085740560307876,19.37445732596175,72808100
2010-07-15,19.382061004638672,19.442843575698067,18.979375565638428,19.3744630021099,56934700
2010-07-16,18.91098976135254,19.480826750858977,18.903391760925338,19.382055643646172,65064800
2010-07-19,19.169313430786133,19.222497977535667,18.926183246119564,18.964171794034886,38181800
2010-07-20,19.359264373779297,19.359264373779297,18.766634748547048,18.888199874193184,45530700
2010-07-21,19.085742950439453,19.488426872722933,18.97937238204994,19.45043831562204,73297300
2010-07-22,19.632783889770508,19.746750998004366,19.351663670234615,19.38205567198786,73016400
2010-07-23,19.609989166259766,19.769544271247405,19.184511301576656,19.632783166735244,108520100
2010-07-26,19.830320358276367,19.906298885920467,19.602384775344067,19.647972761432456,67249900
2010-07-27,19.875917434692383,19.936699999204535,19.723960298826675,19.86072143127168,60672100
2010-07-28,19.71636199951172,19.89870967689305,19.625187436235795,19.807535113617124,69704800
2010-07-29,19.77713966369629,20.065856385798572,19.450432945810704,19.853116756922567,69446200
2010-07-30,19.609989166259766,19.632783166735244,19.260489853991228,19.564402614479164,83534800
2010-08-02,20.00507354736328,20.04306209341746,19.564399746952134,19.746747376518456,55044600
2010-08-03,19.875917434692383,20.020276568847738,19.731558300537028,19.906309441533782,56877700
2010-08-04,19.549205780029297,19.936695076556756,19.328869581515814,19.868314527218363,78531900
2010-08-05,19.275684356689453,19.435238000110264,19.154117812769,19.36685745316699,64922100
2010-08-06,19.41244888305664,19.42004688453548,19.009764948872434,19.13133007419264,55982100
2010-08-09,19.45802879333496,19.549201874792814,19.275681181249258,19.412440803436034,57096500
2010-08-10,19.047744750976562,19.25288634909118,18.903385687580727,19.245288351105092,87257700
2010-08-11,18.888200759887695,18.91859131813898,18.66026505173501,18.75143962483022,76746900
2010-08-12,18.607074737548828,18.751433829848764,18.508303642293225,18.553890190167333,70240500
2010-08-13,18.538692474365234,18.743834094556785,18.417127391845074,18.50070392951647,45263500
2010-08-16,18.61467170715332,18.698248247940295,18.4627146237534,18.508302618275465,40909700
2010-08-17,18.87437629699707,19.065335190120393,18.790355374715308,18.87437629699707,52912600
2010-08-18,18.958396911621094,19.05769634266731,18.64522447259952,18.851460407633414,46818900
2010-08-19,18.668142318725586,18.89729241408467,18.492459024922795,18.80563295870135,54064600
2010-08-20,18.50773811340332,18.637590236834953,18.48482397549834,18.568844909318152,49560100
2010-08-23,18.545923233032227,18.820902974427195,18.515369119043704,18.668136775185623,51643000
2010-08-24,18.362606048583984,18.599394644739764,18.332051929389383,18.400797240676642,66522500
2010-08-25,18.40843391418457,18.500093348724327,18.232752117233,18.332050080801146,47404800
2010-08-26,18.194568634033203,18.477188522796038,18.171654492309987,18.40080465094923,49105300
2010-08-27,18.278587341308594,18.347332666374598,17.957776309967542,18.240394684660323,60939400
2010-08-30,18.05707359313965,18.19456423786318,18.026520925923766,18.133457446530592,45453100
2010-08-31,17.927217483520508,18.125814875309846,17.812642457422946,18.026516907865428,66074600
2010-09-01,18.255674362182617,18.293867024301438,17.98069447943257,18.079992487139318,65235900
2010-09-02,18.28622817993164,18.2938667122251,18.110544850984247,18.240396986170897,48837100
2010-09-03,18.553564071655273,18.675777629025625,18.484818763521886,18.515371424414212,64189100
2010-09-07,18.301498413085938,18.56120260719289,18.270945749785458,18.408436376889213,51928700
2010-09-08,18.278587341308594,18.484823316506603,18.133458159846935,18.385523866121982,65512400
2010-09-09,18.33969497680664,18.49246123970879,18.32441791344614,18.47718563324924,46028900
2010-09-10,18.21747589111328,18.35496650610214,18.171646171750496,18.316773859216063,58284300
2010-09-13,19.17991065979004,19.31740128854706,18.400798068100688,18.484820442763457,114680400
2010-09-14,19.11880111694336,19.36322821862103,19.011863167284044,19.126439645983343,87160400
2010-09-15,19.18755340576172,19.26393581016421,19.03478568315479,19.17227634212083,56201900
2010-09-16,19.347959518432617,19.37851364779126,19.134084983625357,19.141723515965015,44548300
2010-09-17,19.263931274414062,19.500721334391976,19.15699476790832,19.401421901007527,70341600
2010-09-20,19.42433738708496,19.493082700013662,19.179910255294295,19.309762351170665,49838700
2010-09-21,19.21046257019043,19.41669850523918,19.156994318192737,19.41669850523918,52675700
2010-09-22,18.79799461364746,19.07297443941482,18.607035713328088,19.011867649588655,94299400
2010-09-23,18.660493850708008,18.78270736407073,18.60702562072432,18.72160060738937,46201800
2010-09-24,18.92784309387207,18.943118695723236,18.775075420156355,18.820905139510867,51948800
2010-09-27,18.889652252197266,19.08824966424661,18.782715744517102,18.981313156566443,43603300
2010-09-28,18.85146713256836,19.0195104783385,18.59940138546259,18.943126609569845,56041200
2010-09-29,18.713964462280273,18.836177991196212,18.637580642482767,18.813262408186905,44318900
2010-09-30,18.706331253051758,18.96603544006028,18.607033278913484,18.79799215424913,61262700
2010-10-01,18.622310638427734,18.958398698655436,18.561203850831856,18.920207502745786,62672300
2010-10-04,18.263307571411133,18.324414356089395,18.164009592646707,18.301498765497296,98143400
2010-10-05,18.599401473999023,18.675785343131277,18.263313323957785,18.377888399205602,78152900
2010-10-06,18.660493850708008,18.74451618748238,18.431342420477907,18.576471513933637,50489700
2010-10-07,18.736888885498047,18.904932202816546,18.545929974358486,18.805634210060358,50096100
2010-10-08,18.76743507385254,18.828541846042803,18.614668871827057,18.805627717034184,41327800
2010-10-11,18.782716751098633,18.89729179502479,18.713971433362794,18.89729179502479,27587800
2010-10-12,18.966028213500977,19.042412025911098,18.660494420760536,18.828537642542766,50141500
2010-10-13,19.3555965423584,19.50836426344401,19.011869898366253,19.111169354142188,75336500
2010-10-14,19.271574020385742,19.355596412107506,19.09589216215019,19.317405210543587,51949100
2010-10-15,19.508363723754883,19.51600079838702,19.271573616932766,19.370873069961632,68954800
2010-10-18,19.722232818603516,19.821532251691803,19.439614493138208,19.546550999325014,48330500
2010-10-19,19.17227554321289,19.37851152306811,19.05770048448252,19.302127664947555,66150900
2010-10-20,19.332674026489258,19.401419330678507,19.172269287981297,19.29448283833987,56283600
2010-10-21,19.41669464111328,19.508355524082557,19.134074920783288,19.401417584468348,50032400
2010-10-22,19.386152267456055,19.508367337724724,19.302131318829158,19.493090271828493,25837900
2010-10-25,19.24101448059082,19.363228030240666,19.22573742265948,19.279205668518735,50912400
2010-10-26,19.78334617614746,19.836814447009573,19.14172401199988,19.187555207225504,69304200
2010-10-27,19.897916793823242,19.94374797878394,19.569468709676297,19.699320819930033,64805500
2010-10-28,20.073596954345703,20.149979336884087,19.79861571512572,20.02012724690805,80730300
2010-10-29,20.371496200561523,20.776329606763532,20.22636702371162,20.738136951328908,114193200
2010-11-01,20.585369110107422,20.791603605919782,20.39441021838806,20.53189939662939,61912100
2010-11-02,20.92145538330078,20.944370974432907,20.638837043841395,20.669389708450193,54402100
2010-11-03,20.646482467651367,20.997846240919515,20.593012737157306,20.974930642136346,110255300
2010-11-04,20.730499267578125,20.95201230745054,20.631201273191074,20.936735244652258,93599300
2010-11-05,20.508983612060547,20.76868780045734,20.264556483428418,20.75341074069268,110953700
2010-11-08,20.478431701660156,22.051934061548522,20.302749866116557,20.379133716279224,71670800
2010-11-09,20.585369110107422,20.707582684255755,20.402047291984196,20.478431140052088,58538600
2010-11-10,20.577730178833008,20.684666689904894,20.478430741208516,20.63119843436895,52277300
2010-11-11,20.379131317138672,20.409683979466458,20.073597409357852,20.379131317138672,62073100
2010-11-12,20.06595802307129,20.256916889396138,19.936105935694368,20.21872424199085,64962200
2010-11-15,20.012487411499023,20.241637441281693,19.989571825760613,20.11178536923142,51794600
2010-11-16,19.835729598999023,20.012492352030662,19.712765097843743,20.012492352030662,65339200
2010-11-17,19.651281356811523,19.912581268411284,19.635910428869803,19.904895804440425,58299700
2010-11-18,19.858783721923828,20.04323045256634,19.682022454956293,19.75887416000144,59514000
2010-11-19,19.743505477905273,19.85109904189773,19.674337767952306,19.828042649962615,52423200
2010-11-22,19.77424430847168,19.781929771843934,19.551371734085233,19.712762067345874,53350500
2010-11-23,19.305448532104492,19.67434208897111,19.28239213510557,19.651285691972184,69742500
2010-11-24,19.49757957458496,19.566745829613687,19.336187737244327,19.366929598014963,56825900
2010-11-26,19.40535545349121,19.528319964839184,19.343873197817224,19.37461359272792,21356500
2010-11-29,19.451465606689453,19.536004252841835,19.159425276298748,19.359242961661867,56603600
2010-11-30,19.413042068481445,19.574432449489795,19.213224359242993,19.251650221620405,75282100
2010-12-01,20.012493133544922,20.173883497919057,19.643598149820757,19.65128361467465,74123500
2010-12-02,20.66574478149414,20.734912510236928,20.135460815603142,20.166201214015064,91759200
2010-12-03,20.76565170288086,20.79639209733785,20.58120493858116,20.60425986796076,52622000
2010-12-06,20.627307891845703,20.734901427558494,20.565825662030967,20.696475583618778,36264200
2010-12-07,20.650371551513672,20.85018776940493,20.635000622182805,20.811761911930265,57860500
2010-12-08,20.927047729492188,20.934733196647315,20.596579971086534,20.61963637255192,41666800
2010-12-09,20.8117618560791,21.011579539286625,20.757965069417942,20.965468217270274,47148300
2010-12-10,21.011587142944336,21.057698481647424,20.83482578970497,20.896308063260097,37625800
2010-12-13,20.942413330078125,21.096119702327996,20.880931074348698,20.957784260473634,47943900
2010-12-14,21.226768493652344,21.326676603938928,20.9500976253933,20.988523483383716,64070500
2010-12-15,21.403532028198242,21.511125614525888,21.157602993247817,21.157602993247817,69634200
2010-12-16,21.51112174987793,21.51112174987793,21.25750729491762,21.334360470995495,57680200
2010-12-17,21.441951751708984,21.587972624101994,21.32667273281019,21.457322678456094,87456500
2010-12-20,21.37278938293457,21.51112482648959,21.272881265840738,21.48038443117326,52811000
2010-12-21,21.572603225708008,21.626400007281966,21.33435970765804,21.40352741706809,38153000
2010-12-22,21.664833068847656,21.8262234563439,21.50344121549866,21.52649761336359,42252300
2010-12-23,21.749366760253906,21.764737689688612,21.488066823273964,21.49575228799132,24902500
2010-12-27,21.572603225708008,21.672512790790236,21.426582342969866,21.611030545298235,21652800
2010-12-28,21.52649688720703,21.649461406633165,21.488069558728427,21.49575502442415,23042200
2010-12-29,21.49575424194336,21.61103475733007,21.42658651905239,21.47269931154813,19502500
2010-12-30,21.403532028198242,21.51881108009967,21.349735235034423,21.457328821362065,20786100
2010-12-31,21.44963836669922,21.4573238304854,21.234449778243153,21.365099730903562,24752000
2011-01-03,21.503440856933594,21.65714724176459,21.457329527825383,21.557237651868626,53443800
2011-01-04,21.587976455688477,21.649458707736954,21.403529699543043,21.472697416329147,54405600
2011-01-05,21.518808364868164,21.5264938294722,21.342047076532772,21.44195518468028,58998700
2011-01-06,22.14900016784668,22.17205655995574,21.411213210585327,21.549548631534925,88026300
2011-01-07,21.979928970336914,22.087522557725705,21.71094353601224,22.01066936708256,73762000
2011-01-10,21.687883377075195,21.82621880306661,21.549549416936216,21.718625234341037,57573600
2011-01-11,21.60335350036621,21.71094710544415,21.55724069888744,21.672521236731434,50298900
2011-01-12,21.941499710083008,21.97224156997444,21.572606186501158,21.611033511365452,52631100
2011-01-13,21.664833068847656,21.818537990388926,21.52649761336359,21.77242666051182,67077600
2011-01-14,21.749366760253906,21.810849012140217,21.449640965539714,21.580290934029684,62688400
2011-01-18,22.026037216186523,22.087519466927034,21.62640185344695,21.641772782595197,53322700
2011-01-19,21.880016326904297,22.04140815129962,21.726311432937663,21.87233086232809,50005900
2011-01-20,21.78779411315918,21.94149901015553,21.618716820854928,21.90307315236957,58613600
2011-01-21,21.5341739654541,21.849270606986657,21.5341739654541,21.82621421887984,58080300
2011-01-24,21.810850143432617,21.94918558381517,21.511124333172145,21.5341807285201,52047800
2011-01-25,21.864643096923828,21.864643096923828,21.611028673009855,21.62639813366204,42436600
2011-01-26,22.11826515197754,22.279655538399386,21.903076504229002,21.910761970132818,74628800
2011-01-27,22.18743324279785,22.640864011730294,21.895391397078857,22.09520911629376,146938600
2011-01-28,21.326675415039062,22.23353968524198,21.096117348244483,22.210483292221546,141249400
2011-01-31,21.311309814453125,21.44195980919484,21.073066223754516,21.342051679499555,65029000
2011-02-01,21.51112174987793,21.564918533376723,21.219081439804885,21.365100861915202,62810700
2011-02-02,21.47269630432129,21.60334626638989,21.42658351828359,21.465010839981673,45824000
2011-02-03,21.24982452392578,21.49575354586209,21.16528733879305,21.49575354586209,60340100
2011-02-04,21.342050552368164,21.395847347505455,21.1422328376777,21.288253757230873,40412200
2011-02-07,21.672517776489258,21.780111364388762,21.357421012624112,21.36510501245748,68980900
2011-02-08,21.733997344970703,21.78010866752478,21.557234587783803,21.59566191145596,34904200
2011-02-09,21.49575424194336,21.71862834144818,21.44964291530026,21.664831549389124,52905100
2011-02-10,21.13454246520996,21.47269555509199,20.973152117266594,21.465010091020535,76672400
2011-02-11,20.942413330078125,21.372789120184123,20.804077888223762,21.334363260047954,83939700
2011-02-14,20.927047729492188,20.9577895981127,20.711860512560488,20.91167679518193,56766200
2011-02-15,20.842004776000977,21.12804185019614,20.83427535937548,20.903851905138715,44116500
2011-02-16,20.88838768005371,20.927040656727794,20.563697662635178,20.911578876251543,70817900
2011-02-17,21.035268783569336,21.15896154470418,20.803347989788953,20.849731853641742,57207300
2011-02-18,20.919309616088867,21.035270019793952,20.865194859327598,20.973424372850136,68667800
2011-02-22,20.55596923828125,20.950235840622398,20.501854474639337,20.702853221392672,60889000
2011-02-23,20.55596923828125,20.764698876200104,20.432277928666387,20.509585365804856,60234100
2011-02-24,20.69512367248535,20.919313632759184,20.48639402102857,20.59462355533202,64494200
2011-02-25,20.525047302246094,20.83427707533682,20.48639431786817,20.80335350822101,53006300
2011-02-28,20.548240661621094,20.764701215087072,20.494125891883822,20.6332789995036,51379900
2011-03-01,20.22355079650879,20.702855786541313,20.215819904385388,20.563702677353906,60055000
2011-03-02,20.161699295043945,20.385890678144182,20.130777210022536,20.18489196469736,48658200
2011-03-03,20.25447654724121,20.409089982816734,20.23901476132854,20.300860430462162,68271500
2011-03-04,20.06119728088379,20.28538715153082,19.945235426755907,20.26992537437827,70437200
2011-03-07,19.883390426635742,20.308580464790445,19.7519682656812,20.20034949578794,64980400
2011-03-08,20.03028106689453,20.115319397880544,19.8292823138019,19.922051536197255,50549800
2011-03-09,20.01481819152832,20.084394735897675,19.837012122369607,19.9529725381463,39789100
2011-03-10,19.643749237060547,19.875670127242177,19.597365353927632,19.806095039801335,66549500
2011-03-11,19.85247230529785,19.98389449246363,19.605089711695577,19.64374268900222,49905800
2011-03-14,19.860200881958008,19.91431563368959,19.5973565382477,19.705586041710863,54473400
2011-03-15,19.62828254699707,19.690128200561002,19.326785170187485,19.388630823751416,76067300
2011-03-16,19.164438247680664,19.54324300799392,19.07939993277809,19.496857668310795,100725400
2011-03-17,19.156696319580078,19.496846434161746,19.133503663102204,19.373155215311023,62497000
2011-03-18,19.172168731689453,19.465936667990043,19.172168731689453,19.373167457969707,85486700
2011-03-21,19.581892013549805,19.77515979950056,19.44273897174267,19.46593163688259,46878100
2011-03-22,19.55870819091797,19.682399511886107,19.504593422309018,19.55870819091797,30895600
2011-03-23,19.744247436523438,19.798362207296616,19.465941215956338,19.504594202360916,43969000
2011-03-24,19.952964782714844,19.99935011060956,19.71331315332327,19.790620558631684,38696700
2011-03-25,19.806093215942383,20.061206761456674,19.78290053925311,20.04574497699716,57029800
2011-03-28,19.643749237060547,19.88340102018384,19.62055655823556,19.837017137050925,48973200
2011-03-29,19.705589294433594,19.728781966653905,19.558705319404897,19.58962888236531,40763500
2011-03-30,19.79836082458496,19.88339768363947,19.71332249101364,19.790629932940586,41999300
2011-03-31,19.62828254699707,19.852473962739257,19.58962956646337,19.79062830917532,63233700
2011-04-01,19.697853088378906,19.736507531648822,19.566430930293677,19.736507531648822,63114200
2011-04-04,19.751976013183594,19.837014349073172,19.64374647624548,19.674670043665998,35433700
2011-04-05,19.929786682128906,20.23901503193151,19.898863109890105,19.960708779850627,73651100
2011-04-06,20.215818405151367,20.339509720918848,19.991628448266603,20.08439619783382,65581400
2011-04-07,20.25447654724121,20.300860430462162,20.076668958279623,20.246745654284876,46134700
2011-04-08,20.153966903686523,20.31631263013269,20.06892859580918,20.231274322255345,39887600
2011-04-11,20.084396362304688,20.293126012315394,19.945243262297552,20.24674213715195,34286300
2011-04-12,19.82154655456543,19.983892285258822,19.75197002348489,19.968430506237276,36920400
2011-04-13,19.81382179260254,19.999360249207168,19.759707023808215,19.829283576405736,38144700
2011-04-14,19.65147590637207,19.66693768893224,19.396362392196203,19.65147590637207,55239900
2011-04-15,19.61281967163086,19.75970215804127,19.46593571070395,19.68239473257887,65080400
2011-04-18,19.388626098632812,19.543240932120472,19.110319988161553,19.404087876884844,58045100
2011-04-19,19.44274139404297,19.45820317272924,19.226282390500646,19.326781002928673,38892400
2011-04-20,19.91431427001953,20.099851180901283,19.721046470203174,19.744239137007003,61608600
2011-04-21,19.728782653808594,20.014818248571885,19.60509134669203,19.937512287511552,46892300
2011-04-25,19.79836082458496,19.806091716229336,19.589631173737253,19.759706366363083,33525100
2011-04-26,20.24673843383789,20.44000626527139,19.844740990572248,19.89885574745098,69200000
2011-04-27,20.393617630004883,20.40134851895548,20.200349829788887,20.331771992916416,52689000
2011-04-28,20.64873504638672,20.772427818915947,20.409083340801796,20.45546720892739,80200000
2011-04-29,20.03801155090332,20.59462245040848,19.605091962399307,20.52504590365574,319317900
2011-05-02,19.83700942993164,20.099853789759038,19.6978563600799,20.05346992464729,89825600
2011-05-03,19.952964782714844,19.983888334644654,19.70558226534082,19.790620558631684,71892900
2011-05-04,20.146238327026367,20.293122291716756,19.937510189801277,19.98389405646057,73292300
2011-05-05,19.93750762939453,20.16169751822074,19.852469322676136,20.138504850611266,55600000
2011-05-06,19.999359130859375,20.269932959700732,19.90658990774464,20.153972536694894,55993000
2011-05-09,19.968433380126953,20.0689320091981,19.844742079185565,19.945240708256712,38696400
2011-05-10,19.844745635986328,19.983898743115144,19.52005554419138,19.620554191275037,120798700
2011-05-11,19.60509490966797,19.83701578403101,19.489132997969488,19.82928489161665,78600000
2011-05-12,19.574167251586914,19.628282012667633,19.404092077545133,19.59735992398579,77400000
2011-05-13,19.3499755859375,19.574165501010018,19.2881299395882,19.543243415093627,66812300
2011-05-16,18.99436378479004,19.380899479147235,18.940249023502695,19.29586115454332,91350900
2011-05-17,19.079959869384766,19.22002506249709,18.885425208769135,18.986582579249326,82882100
2011-05-18,19.212247848510742,19.25115419577139,18.86986635272538,19.08774575625825,53931100
2011-05-19,19.23558807373047,19.3600901466337,19.06439809453397,19.336746935577956,37783600
2011-05-20,19.056610107421875,19.35230354405539,19.017703779319124,19.235581591384577,45451500
2011-05-23,18.807607650756836,18.869858671543124,18.698668735426185,18.838732419059276,52692500
2011-05-24,18.792049407958984,18.90098983578113,18.70645515974805,18.830957233674678,47691800
2011-05-25,18.82317543029785,18.91655124247012,18.799830735163894,18.807612300208547,34904200
2011-05-26,19.196683883666992,19.47681432118113,18.924335012104013,18.94767970995751,78016600
2011-05-27,19.266712188720703,19.37565111933536,19.18111646656255,19.20446115920067,50251000
2011-05-31,19.46124839782715,19.50015473782044,19.220025824668934,19.422340573652125,60196300
2011-06-01,19.009918212890625,19.53127091423627,18.96323033216472,19.445675229421308,74033500
2011-06-02,18.84651756286621,19.1811174197318,18.815392788650314,19.056615354504842,51487800
2011-06-03,18.605295181274414,18.784266716287956,18.550825712720876,18.71423411838149,60697700
2011-06-06,18.68310546875,18.86985852970511,18.49635240779489,18.58972819618175,54778700
2011-06-07,18.722013473510742,18.807609190668238,18.597511421744304,18.74535816478502,41112600
2011-06-08,18.628639221191406,18.690890252235572,18.566388190147244,18.5975129635785,42205000
2011-06-09,18.644197463989258,18.70644996785646,18.535258550584416,18.683105278906257,42878700
2011-06-10,18.44966697692871,18.690891030933646,18.43410533165558,18.690891030933646,49327200
2011-06-13,18.706451416015625,18.82317190143978,18.44188419082408,18.51191677891487,47572500
2011-06-14,18.84651756286621,19.025490580288945,18.823174353249712,18.90876859547969,42894500
2011-06-15,18.47300910949707,18.6831068754585,18.41853964814,18.675325311810127,49410200
2011-06-16,18.675321578979492,18.75313571572815,18.4029728424498,18.480786979198456,57184100
2011-06-17,18.877643585205078,18.908768359031768,18.659764231691558,18.846517327196715,83320400
2011-06-20,19.04104232788086,19.188889010056148,18.799819887412383,18.807601447966967,54338400
2011-06-21,19.266712188720703,19.34452634666615,18.98658181378974,19.0799591001606,49708700
2011-06-22,19.18111801147461,19.305620080542493,19.134430106619586,19.142211671459044,44287300
2011-06-23,19.165546417236328,19.181109540041717,18.830948182006953,19.017701203128375,59470400
2011-06-24,18.90876579284668,19.09552034718829,18.823171563303365,19.072175656850224,101387200
2011-06-27,19.60909652709961,19.811411290173996,18.854301011531803,18.854301011531803,92044200
2011-06-28,20.07597541809082,20.16935270374358,19.577967185760382,19.686906115537266,81032100
2011-06-29,19.9359130859375,20.005944199762805,19.733596856604105,20.005944199762805,66051000
2011-06-30,20.231605529785156,20.231605529785156,19.967038261814967,20.029289296385496,52535400
2011-07-01,20.247163772583008,20.36388424870818,20.107098607560246,20.177131190071627,52906200
2011-07-05,20.25495147705078,20.34832729259084,20.153792612003585,20.309420950146123,37805300
2011-07-06,20.488384246826172,20.519510495588946,20.200472382495448,20.208253944686142,48744200
2011-07-07,20.830772399902344,20.91636664373337,20.511735666267946,20.612893039588872,51946500
2011-07-08,20.947490692138672,20.99417859149972,20.628453992172,20.6517986839433,58320700
2011-07-11,20.721826553344727,20.854110151017853,20.612887643795563,20.71404647481807,43999800
2011-07-12,20.65179443359375,20.84632903910606,20.4961661555114,20.659574511734736,47319300
2011-07-13,20.721826553344727,20.97861218598299,20.628450769211536,20.698483349402093,40861800
2011-07-14,20.597326278686523,21.01752179574098,20.51173204994619,20.714048245100397,46382300
2011-07-15,20.838560104370117,20.955280641570642,20.597335978749257,20.597335978749257,49132400
2011-07-18,20.690706253051758,20.931928812345067,20.43392056498297,20.721831026421064,44501900
2011-07-19,21.429933547973633,21.507746205347424,20.838548150008744,20.86189135354836,86730600
2011-07-20,21.056428909301758,21.28208980294366,20.99417788419046,21.22762034149396,49795400
2011-07-21,21.087560653686523,21.25096908057584,20.737397618663856,21.04087274374413,81737400
2011-07-22,21.42215347290039,21.437715114946926,20.760735450026846,20.900800617715525,76380600
2011-07-25,21.71784210205078,21.8579072481454,21.15758300185348,21.21205245107224,108482400
2011-07-26,21.85013198852539,21.904601453454926,21.61669100048978,21.64781577294311,74636500
2011-07-27,21.266521453857422,21.780092655969188,21.16536411945771,21.69449696089018,71488700
2011-07-28,21.570003509521484,21.84235234226474,21.173152607669614,21.23540512640566,83761400
2011-07-29,21.32099151611328,21.562214000616063,21.21205261682451,21.414368775633076,104394800
2011-08-01,21.219846725463867,21.54666510074935,20.815214168599546,21.406599870743847,61838400
2011-08-02,20.854110717773438,21.359901918269276,20.822985950276934,20.994175881961123,63883100
2011-08-03,20.947490692138672,21.009741719347254,20.605109300400695,20.877458101006322,64581200
2011-08-04,20.184913635253906,20.90858269671312,20.177132071947938,20.644015481035954,92949500
2011-08-05,19.98259735107422,20.309415587533152,19.632434424803424,20.208256749196504,112071700
2011-08-08,19.048831939697266,19.920347795817577,18.978799349286636,19.469027482161042,134257200
2011-08-09,19.90478515625,19.9359114123876,18.698670930368028,19.227803927073005,126268900
2011-08-10,18.830957412719727,19.52350039104402,18.75314324473028,19.414561446367877,127819900
2011-08-11,19.601301193237305,19.749146379004134,18.98657131789457,19.064385432823887,90690100
2011-08-12,19.531282424926758,19.718035542073608,19.18111940266276,19.554625636956462,64787100
2011-08-15,19.850313186645508,19.90478264382949,19.570182853492028,19.640215436780398,56529400
2011-08-16,19.850313186645508,20.038244963755115,19.615397345096753,19.74851587390968,54251500
2011-08-17,19.772010803222656,20.12438387040275,19.521435063694245,19.772010803222656,50923700
2011-08-18,19.317848205566406,19.646729344402285,18.81669656297829,19.239542888024587,105714200
2011-08-19,18.832351684570312,19.278691433984775,18.722725163775177,19.114250159242747,77397900
2011-08-22,18.777538299560547,19.176893971513167,18.62875987762572,19.122080711479352,54721000
2011-08-23,19.356998443603516,19.380490484899422,18.816694935743833,18.816694935743833,59670600
2011-08-24,19.497940063476562,19.52143209556647,19.122076511331958,19.302177610040957,45329700
2011-08-25,19.239534378051758,19.70153390429358,19.184721128082227,19.638889976678538,48192000
2011-08-26,19.772010803222656,19.842485416658675,19.12207941873988,19.1925540321759,71957000
2011-08-29,20.2340087890625,20.24967014493656,19.865975887316726,19.991263747210994,38863200
2011-08-30,20.539396286010742,20.69600684640756,20.12438083999246,20.14787137856769,57341400
2011-08-31,20.829126358032227,20.915260826122825,20.562889288917862,20.586381322151155,59300800
2011-09-01,20.52373695373535,21.03272057840737,20.52373695373535,20.71949942674793,60510800
2011-09-02,20.20269203186035,20.359302649662187,20.093065495528794,20.187032164919803,43894400
2011-09-06,19.97560691833496,20.03825086247886,19.662387197615462,19.73286182147103,54929300
2011-09-07,20.359296798706055,20.359296798706055,20.022585112682673,20.116551755069082,41961000
2011-09-08,20.53156852722168,20.876110912942373,20.320146182245743,20.359298081135936,65811900
2011-09-09,20.155698776245117,20.50024105692545,19.96776703047823,20.3592918742131,64529200
2011-09-12,20.273162841796875,20.304485556877008,19.787672706448877,19.92079125844093,55046100
2011-09-13,20.390625,20.508082214441572,20.210522344736773,20.296658332317033,48792300
2011-09-14,20.750816345214844,20.985730649816656,20.27315556650261,20.492410012733362,66739200
2011-09-15,21.134517669677734,21.16584038413439,20.602043472308434,20.930924506357165,67808300
2011-09-16,21.236316680908203,21.353773882329676,21.00923146375059,21.181501926265458,89681500
2011-09-19,21.306787490844727,21.385092781130265,20.829128057846393,20.985737144868285,52324900
2011-09-20,21.12668800354004,21.5338743496952,21.08753610214213,21.38509443599441,49211900
2011-09-21,20.351469039916992,21.189332289386304,20.33580768168128,21.181501610268448,72750700
2011-09-22,19.623241424560547,20.085241252233903,19.263038979147435,19.811173330021738,96278300
2011-09-23,19.623241424560547,19.693716075802246,19.333513630389135,19.497953487586418,64768100
2011-09-26,19.920785903930664,19.983429823703606,19.364819809090555,19.725023467946613,51057600
2011-09-27,20.100893020629883,20.296655515379474,19.928622562927995,20.093062341613983,55620700
2011-09-28,20.03042221069336,20.649032528599662,19.975608940711705,20.30449005415122,60736200
2011-09-29,19.928617477416992,20.4924127807452,19.646719078978425,20.343632904508297,63407300
2011-09-30,19.4901065826416,19.96776737825307,19.48227590640467,19.73285306534019,54060500
2011-10-03,19.208213806152344,19.842483781251076,19.20038312824383,19.356992205766836,64592500
2011-10-04,19.842483520507812,19.881635415986807,18.996789733639442,19.028110951312826,83485400
2011-10-05,20.273162841796875,20.48458668794,19.70153673352777,19.90512990090086,94061300
2011-10-06,20.625537872314453,20.672520455835496,20.124386331958252,20.280995441544864,55111400
2011-10-07,20.55506134033203,20.758654508071707,20.515909439960627,20.62553595583997,52741600
2011-10-10,21.095369338989258,21.11885988525656,20.727334849607054,20.81347083538578,41815300
2011-10-11,21.142349243164062,21.197162502234008,20.923094713334986,21.032722725024172,38826200
2011-10-12,21.111026763916016,21.38509455588578,21.06404418326527,21.28329871555094,52489800
2011-10-13,21.283292770385742,21.298954124077664,20.84478532185412,20.9544118105998,43823500
2011-10-14,21.353771209716797,21.5338723289251,21.158008733999296,21.385092429186034,50947700
2011-10-17,21.12668800354004,21.471230411328968,21.0248921637759,21.22848533685348,39453300
2011-10-18,21.38509178161621,21.455566390224377,20.985736164019645,21.09536416271519,52487900
2011-10-19,21.244142532348633,21.510379610344668,21.15017738337892,21.43207581738628,42880000
2011-10-20,21.17366600036621,21.408580328428865,20.67251314372427,21.34593640804223,76300200
2011-10-21,21.267637252807617,21.29112928979202,20.985738783191984,21.259806573812817,76620600
2011-10-24,21.291126251220703,21.45556600599554,21.173669070160237,21.189328932365633,56897800
2011-10-25,20.99356460571289,21.322445579667487,20.923090004611982,21.204988409015623,53554600
2011-10-26,20.82129669189453,21.189329602469304,20.437602425069986,21.165839061643787,63029900
2011-10-27,21.33810806274414,21.455565239609072,20.86827786173538,21.244141425122773,74512400
2011-10-28,21.12668800354004,21.291129275219713,20.977909583388552,21.251975880272504,57712100
2011-10-31,20.85261344909668,21.142342503528738,20.84478426619611,20.954410749389897,46799000
2011-11-01,20.351469039916992,20.609875476608924,20.24967319848352,20.508079635175452,61182600
2011-11-02,20.367130279541016,20.515910194815174,20.124385202498466,20.437604897641968,53533100
2011-11-03,20.774320602416992,20.821303192285082,20.34364213238574,20.54723534654694,65836100
2011-11-04,20.55506134033203,20.672518534995504,20.359298851376487,20.656857177427238,36549200
2011-11-07,20.98573875427246,21.001400112240482,20.461095210738183,20.523739149060965,42589700
2011-11-08,21.267637252807617,21.298959968786825,20.899604301347775,21.150180054984205,47822500
2011-11-09,20.515913009643555,20.94658996286203,20.406284981140136,20.821302067614855,62950900
2011-11-10,20.578554153442383,20.750824612548048,20.453266275265662,20.727332575308917,32514400
2011-11-11,21.071874618530273,21.20499317345851,20.8056375086738,20.813468187616554,37903000
2011-11-14,20.954418182373047,21.142350003175352,20.86828220442432,21.048383345999525,34199200
2011-11-15,21.09642219543457,21.254212044742534,20.82818035448835,20.95441163201651,43874200
2011-11-16,20.56783103942871,20.914967853686218,20.54416361207198,20.88340927748293,53262800
2011-11-17,20.149696350097656,20.54416963960031,20.07080139123789,20.520500700503526,70977500
2011-11-18,19.96034812927246,20.118138049224072,19.842006441706854,20.10235875626967,47626200
2011-11-21,19.72365951538086,19.920896110534667,19.644764576360174,19.913006466153018,61882500
2011-11-22,19.5579833984375,19.692102851572116,19.447529871156128,19.636876840329407,49204500
2011-11-23,19.305517196655273,19.557981299926976,19.305517196655273,19.415970712085326,49099700
2011-11-25,19.171390533447266,19.46330126634261,19.171390533447266,19.234506164236077,26164600
2011-11-28,19.621097564697266,19.69999100059758,19.47908697240337,19.67632357174582,46766700
2011-11-29,19.59742546081543,19.755215316682392,19.526420176154858,19.58164617426962,40917100
2011-11-30,20.18124771118164,20.189137355311225,19.834110893458675,20.015569698847617,81350900
2011-12-01,19.94455909729004,20.220689044341704,19.881443465850325,20.165463054931372,48545400
2011-12-02,19.897228240966797,20.212808013918384,19.84989187694241,20.18913907950825,52293800
2011-12-05,20.275924682617188,20.354818125008823,20.118134788242006,20.33904033940807,56818400
2011-12-06,20.244359970092773,20.41003945948433,20.20491326084481,20.36270160263217,46175300
2011-12-07,20.1970272064209,20.323258504196374,19.99190097133681,20.2522532110982,62667000
2011-12-08,20.039234161376953,20.291696716985555,20.01556673728585,20.102349800279104,60522200
2011-12-09,20.275924682617188,20.410045641397307,20.118134788242006,20.133914078638714,53788500
2011-12-12,20.126022338867188,20.17335870033493,19.95245467695494,20.04712739989042,38945900
2011-12-13,20.32325553894043,20.59149738377454,20.236470970083644,20.315365895881126,54581100
2011-12-14,20.18913459777832,20.40215044579508,20.173355311674367,20.29169694786294,47926400
2011-12-15,20.165464401245117,20.41792694385923,20.149686620928325,20.291695672552173,46213900
2011-12-16,20.512603759765625,20.64672469069438,20.220692967228107,20.25225154146812,101408100
2011-12-19,20.141796112060547,20.60727446928308,20.08656861654306,20.528379551910632,52258300
2011-12-20,20.53627586364746,20.591501872305187,20.362706688099323,20.40215491199475,60767600
2011-12-21,20.32325553894043,20.662502666512722,20.070792980224923,20.520492101036364,64132500
2011-12-22,20.362699508666992,20.402147718653865,20.10234734193501,20.370589150664365,35794100
2011-12-23,20.53627586364746,20.544165508426545,20.29959103466251,20.441601631094304,23205800
2011-12-27,20.544164657592773,20.62305809252452,20.457380073412875,20.481047501974075,21287200
2011-12-28,20.370590209960938,20.630942390231564,20.323253860310484,20.599385325396405,29822500
2011-12-29,20.528377532958984,20.552044952486273,20.402146279495973,20.473151547668323,22616900
2011-12-30,20.481040954589844,20.60727372067731,20.441594249734305,20.512599522310545,27395700
2012-01-03,21.120098114013672,21.26999686519049,20.82029760206799,20.94652892137269,64731500
2012-01-04,21.617124557495117,21.672350548118068,21.127978779295802,21.159535843310895,80516100
2012-01-05,21.838035583496094,21.877482299754682,21.530346983250965,21.601350771557268,56081400
2012-01-06,22.17728614807129,22.24040180660314,21.71969724751638,21.71969724751638,99455500
2012-01-09,21.885372161865234,22.16939333710135,21.869592873286386,22.129945115654234,59706800
2012-01-10,21.964263916015625,22.208836834351242,21.89325863249955,22.0352691995317,60014400
2012-01-11,21.869590759277344,22.074716976586622,21.593460759818353,21.640797116183375,65582400
2012-01-12,22.090499877929688,22.106279167564935,21.81436832849639,21.987937504892344,49370800
2012-01-13,22.287731170654297,22.287731170654297,21.924816624336646,22.035268615860186,60196100
2012-01-17,22.295623779296875,22.603312370780692,22.224618488216652,22.406075785512456,72395300
2012-01-18,22.271953582763672,22.406074513322675,22.066827365156037,22.335069226274047,64860600
2012-01-19,22.185169219970703,22.437631779292865,22.1141639370619,22.216726287488196,74053500
2012-01-20,23.439599990844727,23.46326892777138,22.682212066744235,22.737438081443724,165902900
2012-01-23,23.455371856689453,23.628940996278118,23.155572941174903,23.31336128967893,76078100
2012-01-24,23.147695541381836,23.329152915296476,23.021464193893706,23.250257946917305,51703300
2012-01-25,23.321256637573242,23.392261938447525,22.934673057699875,22.934673057699875,59231700
2012-01-26,23.27391815185547,23.431708029379585,23.19502321309341,23.360702734973312,49102800
2012-01-27,23.060903549194336,23.297588378623477,23.01356718522686,23.234472725068215,44187700
2012-01-30,23.360706329345703,23.368595974915422,22.745327518071935,22.855779546455935,51114800
2012-01-31,23.29759407043457,23.431715055105947,23.06090918318119,23.40015646822033,50572400
2012-02-01,23.58160400390625,23.70783528926601,23.4790416488498,23.502710579153113,67409900
2012-02-02,23.628950119018555,23.80251782082323,23.439601620036544,23.589501888065577,52223300
2012-02-03,23.857736587524414,23.983967878612187,23.73939494022909,23.778841654395634,41838500
2012-02-06,23.82618522644043,23.84196301301035,23.644726385323906,23.699953905104792,28039700
2012-02-07,23.94452667236328,24.05497870127325,23.70784181853274,23.786736769809586,39242400
2012-02-08,24.18910026550293,24.196989911305426,23.841963374173396,23.87352195738339,49659100
2012-02-09,24.27587890625,24.299546333052476,24.04708374852139,24.20487361625117,50481600
2012-02-10,24.062864303588867,24.299547612853395,23.95241229323819,24.17331631393954,44605300
2012-02-13,24.125980377197266,24.275880611591234,24.007638720484472,24.165427094502927,33319800
2012-02-14,24.022741317749023,24.1895100345507,23.70508553714899,24.08627247386903,59644000
2012-02-15,23.86391258239746,24.133920373590765,23.848030929452506,24.08627238535143,43311300
2012-02-16,24.848648071289062,25.055123194391356,24.06244792496694,24.070389508886606,94705100
2012-02-17,24.816879272460938,24.872468839678913,24.578637837326152,24.77717287150584,70036500
2012-02-21,24.9677734375,25.10277735980169,24.737472005166666,24.76129676135021,50829900
2012-02-22,24.832767486572266,25.15836488763617,24.76129473856288,24.975712982591038,49253200
2012-02-23,24.912174224853516,25.086884491892487,24.61834173764502,24.777170354736416,35034700
2012-02-24,24.999528884887695,25.015412049717575,24.808935451035037,24.999528884887695,35575400
2012-02-27,24.896297454833984,25.015418190897794,24.69776238982686,24.808941541526103,34568400
2012-02-28,25.309249877929688,25.35689786776622,24.920119831040758,24.94394458331017,45230600
2012-02-29,25.20601463317871,25.41249130681085,25.102777053713897,25.325135383238884,59323600
2012-03-01,25.64278793334961,25.722200742047075,25.293365819212276,25.35689697499159,77344100
2012-03-02,25.476022720336914,25.76191068859941,25.41249004111977,25.658674628978876,47314200
2012-03-05,25.253658294677734,25.45219334892741,25.110714327967866,25.420427013190377,45240000
2012-03-06,25.063064575195312,25.396603523606945,25.007475002910414,25.047182922186945,51932900
2012-03-07,25.285423278808594,25.348954432184406,25.039240248815087,25.150419388547217,34340400
2012-03-08,25.420429229736328,25.57925789286611,25.3330748282471,25.444255498318903,36747400
2012-03-09,25.404544830322266,25.539548724985213,25.348955258643798,25.49189922237319,34628400
2012-03-12,25.44425392150879,25.57131623825746,25.26954209995265,25.388662832566737,34073600
2012-03-13,25.944561004638672,25.960444173467973,25.53161073269566,25.60308347772516,48951700
2012-03-14,26.023971557617188,26.11132745371488,25.80161329802604,25.83337659982186,41986900
2012-03-15,26.087507247924805,26.158979995017944,25.873092036050164,26.0398607694659,49068300
2012-03-16,25.888973236083984,26.166924165897054,25.80956041579734,26.135157826020432,65626400
2012-03-19,25.57132339477539,25.89692086190497,25.53161697769236,25.841331272107638,44789200
2012-03-20,25.404544830322266,25.531608655918767,25.20600978021218,25.49189922237319,41566800
2012-03-21,25.341014862060547,25.531609852033252,25.269542119496354,25.380721268061855,37928600
2012-03-22,25.412487030029297,25.483959770977435,25.245718310951816,25.261599964171864,31749500
2012-03-23,25.420429229736328,25.49984507600361,25.190129334370774,25.49190197667449,35912200
2012-03-26,25.88102912902832,25.89691229648926,25.531608533101032,25.56337183861847,36758300
2012-03-27,25.8254451751709,25.968390684008412,25.73014917908092,25.928684271421346,36274900
2012-03-28,25.563371658325195,25.968384852211503,25.444252447314952,25.82543937547568,41344800
2012-03-29,25.50779151916504,25.56338111073906,25.261608393036063,25.46014502890476,37038500
2012-03-30,25.61896514892578,25.738087407565587,25.444256340166913,25.730147337378543,31749400
2012-04-02,25.64278793334961,25.777790314016194,25.372780142611976,25.58719836138049,35853600
2012-04-03,25.364843368530273,25.563376942622472,25.142483523787277,25.539553701376718,42752100
2012-04-04,24.78511619567871,25.166304662549777,24.658053878289124,25.142479910025862,49455900
2012-04-05,25.03130340576172,25.118657811507877,24.65805648362849,24.737470819063375,50368600
2012-04-09,24.697757720947266,24.93599914803757,24.594518658426626,24.793053685902567,31056400
2012-04-10,24.197452545166016,24.769234486847573,24.06244864390257,24.6659954075096,54131300
2012-04-11,24.102157592773438,24.24510308429122,24.006860093527465,24.165688754036633,43014000
2012-04-12,24.602458953857422,24.650108448543655,24.15774093969973,24.20538891968399,38304000
2012-04-13,24.46746063232422,24.745410022241455,24.395987888782578,24.530991791616533,39749200
2012-04-16,24.68187713623047,24.76923304215944,24.43569410053326,24.610404397688985,38124800
2012-04-17,24.9677734375,25.10277735980169,24.77717993213924,24.83276951519831,34361500
2012-04-18,24.729522705078125,24.86452658526361,24.650109905311893,24.840703351214565,40552900
2012-04-19,24.62628746032715,25.158361447927074,24.570697889409608,24.7215834348423,54781200
2012-04-20,25.746023178100586,26.119270032060907,25.452192159772444,25.531607995404627,106045000
2012-04-23,25.50779151916504,25.8095657515708,25.436318754369083,25.65868015007069,61398200
2012-04-24,25.348955154418945,25.825439575664483,25.277482415497005,25.579255023954588,40871100
2012-04-25,25.57132339477539,25.666619401655762,25.3092571038003,25.348963520883334,62495500
2012-04-26,25.499847412109375,25.595143406955643,25.348960319783174,25.507787482761124,40308100
2012-04-27,25.39661407470703,25.58720913701318,25.31719971786328,25.507793265466557,41419100
2012-04-30,25.428369522094727,25.4998422611432,25.34895519929617,25.396603187094414,35697200
2012-05-01,25.420429229736328,25.682496978311185,25.37278275138074,25.45219556824324,43832300
2012-05-02,25.253658294677734,25.35689737112083,25.126595981134123,25.293366214349025,37385300
2012-05-03,25.221893310546875,25.33307245550304,25.10277258170781,25.31718928773723,31501300
2012-05-04,24.602458953857422,25.07100171535823,24.554810973873163,24.97570575538971,57927200
2012-05-07,24.340402603149414,24.507172872369924,24.276871432661263,24.380110531393623,48641400
2012-05-08,24.221281051635742,24.443640898386295,23.95921479264877,24.20539788086016,46328300
2012-05-09,24.427753448486328,24.483343021760444,23.90362102232712,23.97509376359449,50309300
2012-05-10,24.41187286376953,24.6342326950985,24.181572962305985,24.50717036711121,43839200
2012-05-11,24.74540901184082,25.047183142184046,24.37216365557657,24.37216365557657,43459300
2012-05-14,24.364229202270508,24.650120248434643,24.332462857273292,24.47540838035536,40528900
2012-05-15,24.148399353027344,24.62001668949931,24.100438707265866,24.492120617707737,61822800
2012-05-16,23.900592803955078,24.236320259781216,23.772696775510923,24.22832656742334,60083700
2012-05-17,23.756715774536133,24.14839765747653,23.748722080030248,23.972540952271046,48484000
2012-05-18,23.39701271057129,23.82866161595086,23.317077276347934,23.812675748819466,56205300
2012-05-21,23.78069496154785,23.81266973702141,23.22914228175863,23.26111705723219,38787900
2012-05-22,23.7886905670166,23.884611851862857,23.580859083661274,23.732736230082732,39504900
2012-05-23,23.26911163330078,23.500922665707883,22.89341563044877,23.460955719491878,65171000
2012-05-24,23.237138748168945,23.420989155154416,22.989340307247602,23.30908047692698,52575000
2012-05-25,23.229141235351562,23.468947466677037,23.189174292451224,23.341051419826574,29507200
2012-05-29,23.628820419311523,23.756716485952992,23.357040896538056,23.484936963179525,37758800
2012-05-30,23.452966690063477,23.56487538143969,23.277109957237773,23.46096038582486,41585500
2012-05-31,23.33306121826172,23.516911622543518,23.13322342457071,23.42098881072963,39134000
2012-06-01,22.741539001464844,23.14920671354931,22.73354530764969,22.989337411169828,56634300
2012-06-04,22.82147789001465,23.00532983875869,22.637627465912143,22.87743375897942,47926300
2012-06-05,22.78949546813965,22.981339510663055,22.693572684557484,22.78949546813965,45715400
2012-06-06,23.460960388183594,23.476947779707967,23.02930996487496,23.085264310568697,46860500
2012-06-07,23.36503791809082,23.740734001404455,23.317077267431785,23.692771826103822,37792800
2012-06-08,23.700767517089844,23.72474860675886,23.221156396201604,23.349052491819574,42551100
2012-06-11,23.101245880126953,23.828655240107224,23.037297854787187,23.76470721476746,46361900
2012-06-12,23.41299057006836,23.420982738059358,23.053282024834424,23.261113459342813,35337900
2012-06-13,23.285099029541016,23.532898991241563,23.22115099660183,23.35704075717777,32984600
2012-06-14,23.452966690063477,23.548887989916924,23.085264308247734,23.444972994302095,39458900
2012-06-15,23.996522903442383,24.0444835475705,23.572866227160088,23.652801650467875,62314400
2012-06-18,23.852636337280273,24.004513469304094,23.74871984313301,23.97253869429226,58679900
2012-06-19,24.540077209472656,24.867811009515787,24.020497820712535,24.132408001570962,75725800
2012-06-20,24.723934173583984,24.819855468881318,24.492121581439353,24.723934173583984,36257100
2012-06-21,24.092445373535156,24.891796596541806,24.02849733668028,24.747913132457974,48456600
2012-06-22,24.540077209472656,24.564056764581462,24.004511958853694,24.220335578038398,45098100
2012-06-25,23.876619338989258,24.236326438957274,23.67678155301548,24.220339050165457,42217200
2012-06-26,23.996522903442383,24.196360699391153,23.932574869724434,23.980535513852548,38421300
2012-06-27,24.116424560546875,24.380210382387048,24.00451588602115,24.132411949662362,33781700
2012-06-28,23.908592224121094,24.020500894659584,23.51691035259509,23.96454655939034,45328400
2012-06-29,24.452150344848633,24.532085760018386,24.092441738905354,24.340241678395717,55227200
2012-07-02,24.428171157836914,24.476133325444007,24.14839794536094,24.476133325444007,30589100
2012-07-03,24.58804702758789,24.58804702758789,24.11642962218573,24.164390274956997,20938100
2012-07-05,24.540077209472656,24.60402523083129,24.284283599397032,24.452148108364128,28801900
2012-07-06,24.132417678833008,24.54008705021287,23.940573537826314,24.468145306755144,38294800
2012-07-09,23.980533599853516,24.16438399153849,23.804676902325447,24.076456405095087,30680800
2012-07-10,23.77269744873047,24.156385544928604,23.588847093215648,24.044476898031057,37534100
2012-07-11,23.420995712280273,23.772710759717196,23.269120042063136,23.748729668536786,39184900
2012-07-12,22.885425567626953,23.32506966896995,22.813485357951276,23.301088582650383,63523600
2012-07-13,23.4929256439209,23.564867356632657,22.957360407422833,22.98933517957964,39085000
2012-07-16,23.53289794921875,23.604839673669968,23.213157798680715,23.564871201951902,27900600
2012-07-17,23.708757400512695,23.868628256643625,23.341056565909632,23.69277000997131,33771300
2012-07-18,24.34024429321289,24.34024429321289,23.548885275123773,23.660795478240182,41090400
2012-07-19,24.516098022460938,24.62001299345095,24.28428547423838,24.3882019698696,46663200
2012-07-20,24.076454162597656,24.819849354254114,24.0204983087111,24.779882411833412,64021700
2012-07-23,23.405004501342773,23.644809259851677,23.18917930389988,23.63681556461585,55151900
2012-07-24,23.301088333129883,23.468952886286246,23.101250523197994,23.373030066676684,47723300
2012-07-25,23.045291900634766,23.44496744627508,23.005324955927218,23.373025726088525,45579500
2012-07-26,23.3090763092041,23.580855785997052,23.253121980095163,23.36503063831304,45301400
2012-07-27,23.7886905670166,23.86063229297196,23.325066957882814,23.564871694639784,44242600
2012-07-30,23.69276237487793,23.836645794100427,23.548878955655436,23.780691469878562,28905000
2012-07-31,23.556873321533203,23.748717377765182,23.444964669891473,23.56486701445633,37620900
2012-08-01,23.508920669555664,23.700764790915795,23.349049806101444,23.65280414173615,31721800
2012-08-02,23.33306121826172,23.6048407396528,23.157202984043153,23.349047083029557,39520500
2012-08-03,23.78069496154785,23.932572095764836,23.564869801024955,23.604838270366905,35859400
2012-08-06,23.940570831298828,24.068466910844393,23.82866061821531,23.980537784416242,27471800
2012-08-07,24.188371658325195,24.260313400679316,23.876625124551786,24.036494477284084,28002900
2012-08-08,24.24432373046875,24.35623241933267,24.068467001590943,24.148400908127147,26257600
2012-08-09,24.380216598510742,24.500118998165238,24.22034571587693,24.292287460597972,24920800
2012-08-10,24.316261291503906,24.476132126413134,24.180371539223447,24.380209320539343,27810300
2012-08-13,24.292278289794922,24.3482326202004,24.10842791142231,24.260305040123715,23049100
2012-08-14,24.243993759155273,24.453201993538435,24.147437056972958,24.380783699531147,34551400
2012-08-15,24.300325393676758,24.36469705355804,24.15548877525851,24.227907084467635,24351000
2012-08-16,24.767019271850586,24.895762586208868,24.348602732815493,24.42906768797476,35787200
2012-08-17,24.86358070373535,24.879674004766347,24.61414067672153,24.879674004766347,32589900
2012-08-20,24.734834671020508,24.82334628230925,24.606091346277694,24.79920633339191,23737700
2012-08-21,24.783119201660156,24.91186255844214,24.63023742469522,24.750934129835596,28822700
2012-08-22,24.57390594482422,24.750927630227984,24.517579398124344,24.614137657725514,33437400
2012-08-23,24.348604202270508,24.461254225447167,24.203767581191112,24.453207575971483,28355600
2012-08-24,24.589998245239258,24.64632325842563,24.284233230195433,24.340558243381807,22943300
2012-08-27,24.694602966308594,24.91185636767557,24.61413800463048,24.887717953491176,34691100
2012-08-28,24.646331787109375,24.783121809929266,24.557821679220293,24.70265835452865,23947900
2012-08-29,24.662416458129883,24.742881420102908,24.49344141925388,24.662416458129883,23346800
2012-08-30,24.39688491821289,24.630233171296968,24.316419950434188,24.565861504022326,23982100
2012-08-31,24.79920768737793,24.91185771899298,24.44516275763432,24.622185989876915,36590100
2012-09-04,24.453210830688477,24.670465791224157,24.26009582179287,24.501490733968627,48556700
2012-09-05,24.453210830688477,24.565862403600494,24.308374190331353,24.316420840878045,33650000
2012-09-06,25.225669860839844,25.233716510576254,24.50953338171439,24.541719980660034,48371700
2012-09-07,24.903812408447266,25.00036913914857,24.726789177592273,24.976230723844026,42649100
2012-09-10,24.718746185302734,24.863582837528277,24.549771114200798,24.80725781382763,40524000
2012-09-11,24.77507209777832,24.871628840249937,24.63023544932914,24.69460712255747,25191800
2012-09-12,24.767019271850586,25.088877557746287,24.72678602690027,24.895762586208868,32775800
2012-09-13,24.895771026611328,25.088886063620453,24.461261042284377,24.855537768020746,45047300
2012-09-14,25.113021850585938,25.145208454083193,24.791163489322017,24.95209343732484,51422800
2012-09-17,25.113021850585938,25.153255104957505,24.976233389947783,25.096930083579036,36488500
2012-09-18,25.088882446289062,25.113020863221234,24.968185757403223,25.024510776567173,34542700
2012-09-19,24.984277725219727,25.096929299197573,24.976232609338584,25.01646432771102,48871900
2012-09-20,25.306129455566406,25.330267864913928,24.871619670416813,24.903806262535088,45543000
2012-09-21,25.0969295501709,25.434881206000647,25.016464577879685,25.2900445628248,102348900
2012-09-24,24.767019271850586,25.00036595359696,24.654367720731067,24.94404094540788,46825900
2012-09-25,24.453210830688477,24.944045770845015,24.429072413790067,24.903814052853225,54266400
2012-09-26,24.27618980407715,24.622188113585295,24.171586413518312,24.364701427832735,54672000
2012-09-27,24.26813507080078,24.461250020798257,24.050880176525673,24.276181718893326,47129900
2012-09-28,23.946285247802734,24.348608585565398,23.93019194595421,24.28423691291304,54229300
2012-10-01,23.729028701782227,24.123305362445922,23.67270368379336,23.986515375297977,54042700
2012-10-02,23.86581802368164,24.050886373269687,23.737074690512426,23.881911324013192,43338900
2012-10-03,24.026750564575195,24.131353958597245,23.873867264319806,23.938238937889167,46655900
2012-10-04,24.16353988647461,24.16353988647461,23.793401622753738,24.11525998159251,43634900
2012-10-05,24.018701553344727,24.340559889564194,23.930189935356267,24.324466589067818,41133900
2012-10-08,23.962371826171875,24.075021838020174,23.777301976325134,23.84972027958227,29752000
2012-10-09,23.560049057006836,23.9301856943771,23.479584103526808,23.881907336185616,45121100
2012-10-10,23.31866455078125,23.58419794085152,23.294526128337964,23.455454572013934,47227100
2012-10-11,23.294519424438477,23.53591278785316,23.230147758545122,23.511772837615062,41488500
2012-10-12,23.495681762695312,23.592238497002192,23.173821889028062,23.310611874914155,46464700
2012-10-15,23.745121002197266,23.914096049045064,23.53591270509411,23.6324709709654,42440200
2012-10-16,23.729028701782227,23.93019035730911,23.59223871463428,23.696843634963578,47739400
2012-10-17,23.809494018554688,23.849725736350784,23.407170701627088,23.576145758060683,44206100
2012-10-18,23.737071990966797,23.92214031950758,23.54395701317536,23.85776866024377,59238500
2012-10-19,23.045076370239258,23.39912127688715,22.932426345972804,23.374981328226564,90470800
2012-10-22,22.530113220214844,23.19797008642438,22.39332318570242,23.117505089403753,83374000
2012-10-23,22.570331573486328,22.691029764848228,22.336984908651925,22.3450315570588,64414800
2012-10-24,22.44964027404785,22.69103517963472,22.4255018578083,22.658848578326488,53320400
2012-10-25,22.433547973632812,22.69103619135436,22.41745620700284,22.68298954066853,54084300
2012-10-26,22.699079513549805,22.803684429457736,22.401361135409072,22.417454435508994,57790000
2012-10-31,22.964618682861328,23.238197162339006,22.932432076604037,22.972663799683794,69464100
2012-11-01,23.75316619873047,23.7853512622237,23.18991300755492,23.206006306672275,72047900
2012-11-02,23.737071990966797,23.954326916510198,23.60028202318852,23.809490299481265,57131600
2012-11-05,23.841684341430664,23.9301959817833,23.600290911958744,23.833639223891332,38070800
2012-11-06,24.026750564575195,24.300330560930412,23.825588892828225,23.994563960419637,43401500
2012-11-07,23.399126052856445,24.002611079874484,23.37498609926868,23.761217682963984,57871800
2012-11-08,23.181873321533203,23.632476623725676,23.173826669557418,23.4313149285568,49841800
2012-11-09,23.197961807250977,23.48763507924622,23.181868506641994,23.23819352403182,43291200
2012-11-12,22.70711898803711,23.342790328434646,22.699072340529927,23.286465330625465,61112300
2012-11-13,21.976991653442383,22.14735518613676,21.70116365515869,21.920203809210925,131689200
2012-11-14,21.77418327331543,22.139250301246527,21.741732183120156,22.098686438502433,76086100
2012-11-15,21.628150939941406,21.879640635330652,21.60381262850912,21.806627248386558,50955600
2012-11-16,21.51457977294922,21.66060657755004,21.368552968348396,21.63626826099888,64083300
2012-11-19,21.684946060180664,21.741733925219485,21.474018599069847,21.741733925219485,57179300
2012-11-20,21.66871452331543,21.74172791456693,21.465899891473004,21.70927837809562,47070400
2012-11-21,21.86341667175293,22.04189298044318,21.63626374013127,21.66871327473279,66360300
2012-11-23,22.471860885620117,22.528648732580407,22.06623163892916,22.09056840342484,57845700
2012-11-26,22.220373153686523,22.374512725071675,22.041896813955784,22.34206318482655,85198700
2012-11-27,21.9688777923584,22.21225469765205,21.936428260417138,22.19603070535773,45018600
2012-11-28,22.19603729248047,22.220374061820685,21.717394562317104,21.912096453804274,53018400
2012-11-29,21.86341667175293,22.196032525020474,21.790403284708567,21.993217904864522,69551400
2012-11-30,21.595705032348633,22.00944556471524,21.490240545782235,21.944544937348613,83690200
2012-12-03,21.44156265258789,21.75795297612415,21.417224340257096,21.725503440369234,53173800
2012-12-04,21.392885208129883,21.603811035579646,21.368546898492152,21.498348121854765,49777500
2012-12-05,21.63626480102539,21.847192202012344,21.30364893144864,21.400999087379343,68283800
2012-12-06,21.684946060180664,21.88776074809261,21.58759587650076,21.749846698418356,39182300
2012-12-07,21.465898513793945,21.75795206005598,21.392886674581177,21.75795206005598,46162100
2012-12-10,21.85531234741211,21.87964912093019,21.514583591978838,21.547033139120728,47031100
2012-12-11,22.163585662841797,22.30149969269972,21.94454546000514,21.94454546000514,52282800
2012-12-12,22.098684310913086,22.40696344867549,21.968883057335127,22.333950050118762,43966300
2012-12-13,21.99321746826172,22.32583331492627,21.863416237726902,22.16358100308139,45080100
2012-12-14,21.74984359741211,22.009446113349785,21.66060619965419,21.99322211661847,42077500
2012-12-17,21.985107421875,22.08245758316137,21.644378762666868,21.733617699973472,42046100
2012-12-18,22.358287811279297,22.415075668823185,22.017559118662895,22.10679806471933,50486900
2012-12-19,22.15546989440918,22.496198536955823,22.106794816146184,22.46374900056477,53519900
2012-12-20,22.455638885498047,22.455638885498047,22.025671259155494,22.19603637425463,52607300
2012-12-21,22.269046783447266,22.301496319318527,21.903979833940465,22.269046783447266,98776500
2012-12-24,21.952661514282227,22.10680111125263,21.90398642215857,22.06623879237513,20842400
2012-12-26,21.790403366088867,22.066231374319315,21.66060213249251,21.92831737020409,31631100
2012-12-27,21.871524810791016,21.97698926491814,21.55513454311471,21.814736972731424,39394000
2012-12-28,21.53891944885254,21.822860324188653,21.53891944885254,21.66872072660277,28239900
2012-12-31,21.66871452331543,21.71739114905166,21.392888047574345,21.571364366548657,42749500
2013-01-02,22.406959533691406,22.496196912838915,22.02566706399238,22.106793220142347,52899300
2013-01-03,22.106796264648438,22.431299386585533,22.033782868793473,22.415073843650443,48294400
2013-01-04,21.693056106567383,22.179811605841657,21.684943334388286,22.12302374794106,52521100
2013-01-07,21.652494430541992,21.80663246442391,21.61193056845218,21.717395062532567,37110400
2013-01-08,21.53891944885254,21.733622912831173,21.465906036698872,21.701171819716972,44703100
2013-01-09,21.660606384277344,21.701168697480945,21.547029122071752,21.676830381146946,49047900
2013-01-10,21.465898513793945,21.88775329231628,21.32798605845103,21.620038057360325,71431300
2013-01-11,21.766067504882812,21.847193671851635,21.319875907583683,21.490239465600574,55512100
2013-01-14,21.814739227294922,21.968878766067437,21.70927630962069,21.82285199747797,48324400
2013-01-15,22.0743465423584,22.139248718107908,21.76606894431342,21.76606894431342,48244500
2013-01-16,21.93643569946289,22.090573736322,21.912097381738906,22.02567310307786,41077400
2013-01-17,22.106796264648438,22.285272594875604,21.952656701470964,22.058121183196107,51685900
2013-01-18,22.106796264648438,22.139247350518616,21.936432705888816,21.985107787341143,52167700
2013-01-22,22.025671005249023,22.269049517248888,21.903982522925595,22.147359487572455,58650600
2013-01-23,22.398847579956055,22.4231843445414,22.066231720232167,22.066231720232167,50387700
2013-01-24,22.415067672729492,22.77202178226646,22.285266459689232,22.471857057368055,101739300
2013-01-25,22.617881774902344,22.90182250257614,22.220365375100016,22.374504892526218,81847700
2013-01-28,22.642223358154297,22.901825816211026,22.52053489935929,22.7233495131352,56056500
2013-01-29,22.723352432250977,22.820702592851816,22.390736546717783,22.56921287272126,49242600
2013-01-30,22.593555450439453,22.869383536451387,22.520542042533165,22.72335672063881,43580500
2013-01-31,22.269046783447266,22.69090003389057,22.22848292941717,22.544874801440667,50530000
2013-02-01,22.658445358276367,22.75579549116049,22.35016632698756,22.447518007224147,55565900
2013-02-04,22.26093292236328,22.731462774597475,22.244707381545926,22.60977431317277,50540000
2013-02-05,22.309616088867188,22.43941736777779,22.196040356658738,22.406967821726788,35410400
2013-02-06,22.1798095703125,22.342061904297744,22.106796174754432,22.212259108697786,41889600
2013-02-07,22.131139755249023,22.220377167557658,21.98511292938524,22.18792762145087,38028300
2013-02-08,22.350168228149414,22.479969447937776,22.15546639846687,22.18791747709026,33318500
2013-02-11,22.601661682128906,22.65033675752838,22.30960813502659,22.431296597201637,32247700
2013-02-12,22.617881774902344,22.715233456264283,22.51241887183335,22.617881774902344,35990900
2013-02-13,22.739578247070312,22.80447887069892,22.617888223832875,22.65845208069633,41715600
2013-02-14,22.747692108154297,22.763916104323958,22.60977808291773,22.65034039437137,32663200
2013-02-15,22.723352432250977,22.845040906678477,22.61788795302168,22.747690746077637,49650900
2013-02-19,22.944204330444336,22.9769240881708,22.73971052514567,22.80514848043469,38781400
2013-02-20,22.79697608947754,23.06690792097092,22.764256323156243,23.00964832990865,44110200
2013-02-21,22.486141204833984,22.690635033426688,22.27346743587788,22.690635033426688,49078500
2013-02-22,22.706993103027344,22.706993103027344,22.47795947161233,22.64155514550362,31425900
2013-02-25,22.387989044189453,22.944211046886583,22.387989044189453,22.87877307244196,48011800
2013-02-26,22.387989044189453,22.576123025697203,22.363449218711075,22.3961674258512,49923300
2013-02-27,22.747892379760742,22.903308121718336,22.355264614970658,22.428882515889303,36394700
2013-02-28,22.739702224731445,22.87875802398314,22.69062416622007,22.8051401561344,35840200
2013-03-01,22.86240577697754,22.8869440326619,22.510676217306536,22.67427030913609,34849700
2013-03-04,23.026004791259766,23.026004791259766,22.657916835831344,22.78061282097415,38157500
2013-03-05,23.189594268798828,23.345009973785242,23.034178563812414,23.140516199916053,41432200
2013-03-06,22.976926803588867,23.091442848837193,22.72335489189724,23.075082968040544,51448500
2013-03-07,23.017822265625,23.132339857705013,22.911486173154906,22.99328400745094,29196700
2013-03-08,22.90331268310547,23.17324452017835,22.870592916107853,23.10780654634748,37667800
2013-03-11,22.79697608947754,22.87877238495212,22.633380378199714,22.854234120375477,36627500
2013-03-12,22.82968521118164,22.862404964482998,22.608831556888585,22.772427203067966,39255200
2013-03-13,22.837871551513672,22.919669397533276,22.69881568132959,22.796973408585945,29093400
2013-03-14,23.017822265625,23.034182144516993,22.846048217750866,22.90330623370891,55914800
2013-03-15,22.9360294342041,23.034185601961497,22.886949790161246,22.927849493530292,92710300
2013-03-18,22.985105514526367,23.132341313492425,22.74789193615571,22.805149955717173,44809400
2013-03-19,23.050540924072266,23.083259120131913,22.927844958561852,23.001462849900868,51901600
2013-03-20,23.165058135986328,23.304113986724598,23.050542103671493,23.181418014935286,35447800
2013-03-21,22.9932804107666,23.197774184437133,22.944200781767826,22.9932804107666,34233200
2013-03-22,23.10779571533203,23.181413596406358,22.985099766929366,23.058717648003693,28720900
2013-03-25,23.034183502197266,23.189599240503842,22.870587823962552,23.148699540863156,44154000
2013-03-26,23.034183502197266,23.181419300575705,22.993285362720595,23.099621461458348,27824300
2013-03-27,23.205957412719727,23.271395367165475,22.968743852751462,23.017821928544794,36047400
2013-03-28,23.40227508544922,23.443173228573695,23.115983403085423,23.165061486867625,55453800
2013-04-01,23.40227508544922,23.443173228573695,23.19778124949853,23.426813347258243,29201100
2013-04-02,23.55768585205078,23.598585549392393,23.32865378759345,23.38591180370778,28456500
2013-04-03,23.36137580871582,23.680387259535348,23.345017487265835,23.51679156372204,35062800
2013-04-04,23.39409065246582,23.402270591552767,23.124158903251992,23.222315051967644,45263200
2013-04-05,23.47589683532715,23.541334811140118,22.99329117864486,23.083267420284933,50927300
2013-04-08,23.385915756225586,23.500431807808923,23.28775802617973,23.500431807808923,34759500
2013-04-09,24.220247268676758,24.39202131958121,23.459530048582284,23.500428186369835,77733800
2013-04-10,24.768293380737305,24.801011582423005,24.146631947067828,24.187530089215983,71116700
2013-04-11,23.672199249267578,23.884872957262257,23.50042367120264,23.803075137239126,130923200
2013-04-12,23.549503326416016,23.73763722057117,23.443165692214475,23.598581394420915,62886300
2013-04-15,23.467710494995117,23.704922507580992,23.32047469951782,23.43499073592728,56332900
2013-04-16,23.69673728942871,23.835793114164733,23.475885205570968,23.63947928397805,52797300
2013-04-17,23.582225799560547,23.754001409007884,23.394091871250932,23.598585678586755,52840700
2013-04-18,23.549503326416016,23.704917468458802,23.312289804092313,23.680379214538178,56906600
2013-04-19,24.35112190246582,24.73556968202861,24.220245996224705,24.22842593538526,99790700
2013-04-22,25.218183517456055,25.504475242169825,24.760117694012653,24.784655959451523,137904000
2013-04-23,25.030046463012695,25.27543844827035,24.850090884337167,25.111844311486642,59126900
2013-04-24,25.978891372680664,26.109767273990787,25.030040308100357,25.046400185805073,90946600
2013-04-25,26.12613296508789,26.862310463807024,25.79894313900874,25.937997449948742,110700200
2013-04-26,26.00343894958496,26.158853153669458,25.725327186261595,26.093415183485387,47799300
2013-04-29,26.674177169799805,26.731435195761954,25.987077737925656,26.011616000387033,59116400
2013-04-30,27.074979782104492,27.08316128206527,26.40424032040767,26.63327551438979,75165200
2013-05-01,26.76415252685547,27.05862413094312,26.66599324527418,26.935926589130563,54330900
2013-05-02,27.124061584472656,27.132239964757815,26.494220211355643,26.690535661809974,46059500
2013-05-03,27.393985748291016,27.41852400124229,27.058616103205857,27.181310488289395,46784600
2013-05-06,27.606660842895508,27.737536739856136,27.19767327485261,27.33672755022999,40978300
2013-05-07,27.246763229370117,27.639391069007672,27.18950519777685,27.524875005821137,43078300
2013-05-08,26.985008239746094,27.189502077778844,26.706896495208422,27.050444645345838,51595700
2013-05-09,26.715068817138672,26.99318049860406,26.657810805101178,26.870482975479355,46417800
2013-05-10,26.739614486694336,26.7641558703195,26.436964464830957,26.723254604387062,36394900
2013-05-13,27.017724990844727,27.050444753940123,26.62509719468504,26.674176839328133,36027600
2013-05-14,27.619029998779297,27.619029998779297,27.017721320278262,27.067145113574544,56870100
2013-05-15,27.882614135742188,27.923802196617242,27.53665704828845,27.553131644196895,46303900
2013-05-16,28.072071075439453,28.129730591366297,27.63550212915456,27.70963624137592,59382900
2013-05-17,28.722803115844727,28.722803115844723,28.088545237298217,28.113258705226382,60666700
2013-05-20,28.895784378051758,28.91225583347284,28.566298709882364,28.607483632851487,54020800
2013-05-21,28.706331253051758,29.05229155713429,28.599251069924225,28.912259032893473,48702400
2013-05-22,28.50864601135254,28.698099216112883,28.30271820502056,28.65691428328828,66047500
2013-05-23,28.129728317260742,28.459210789890765,27.92380059353909,28.19562355490367,51102700
2013-05-24,28.228578567504883,28.236814295581134,27.923806353349985,27.94027780950249,33174400
2013-05-28,28.846349716186523,28.97814330535431,28.34388567554464,28.352121400152058,48212100
2013-05-29,28.731042861938477,28.8463619084253,28.475691300283113,28.615723815451652,38412200
2013-05-30,28.85459327697754,29.03581068962498,28.673379006537974,28.706325056121972,51131000
2013-05-31,28.74752426147461,29.060532278217142,28.656915520024736,28.681625852344123,56165700
2013-06-03,29.315879821777344,29.348829021758604,28.6898607331767,28.763991719821547,51252600
2013-06-04,28.821653366088867,29.43943670383216,28.6404359148441,29.340589107403083,65529500
2013-06-05,28.648666381835938,28.73927509081715,28.36036880072114,28.500398156631764,46025100
2013-06-06,28.796934127807617,28.92049202749086,28.409792117068765,28.69808969338577,37618500
2013-06-07,29.38177490234375,29.472383630641467,28.879313745598605,29.035817731252802,40757300
2013-06-10,29.21702766418457,29.365295882816962,28.945201549289237,29.249973713274567,35994500
2013-06-11,28.69809913635254,28.978161077874017,28.566305466354724,28.871077739060492,39435900
2013-06-12,28.82988929748535,29.05229167770241,28.70633137218413,28.945208351921924,37372700
2013-06-13,28.599254608154297,28.84636734609483,28.492171269570118,28.82165701496346,45654900
2013-06-14,28.335662841796875,28.574536670568012,28.212104921025787,28.459217620359507,53192600
2013-06-17,28.82988929748535,28.961682951442658,28.525117061873193,28.574537718226825,49670100
2013-06-18,28.81341552734375,28.969919513982756,28.74752026957262,28.805179798450606,28616500
2013-06-19,28.49217414855957,28.904029800812697,28.49217414855957,28.796946451408292,30816200
2013-06-20,27.586078643798828,28.27799590592879,27.487231076203386,28.220333253727635,54493700
2013-06-21,27.40485954284668,27.783765768466207,27.223642155721063,27.726106262054863,85338500
2013-06-24,27.775545120239258,28.17092615406003,26.828275899774873,27.133048190847504,56109000
2013-06-25,27.734357833862305,28.31919524222368,27.56137921579633,28.072082481813826,44073400
2013-06-26,28.294475555419922,28.401558880233928,27.915569196488555,28.10502237595424,48665900
2013-06-27,28.516874313354492,28.648667949390823,28.418029871879277,28.434504469159837,28993100
2013-06-28,28.450984954833984,28.656912750148866,28.286242090140323,28.319191291520813,65545500
2013-07-01,28.30271339416504,28.821652257731632,28.278003067112294,28.623960214684406,31055400
2013-07-02,27.956748962402344,28.368604444040486,27.701400574799788,28.343894120648745,37630000
2013-07-03,28.014406204223633,28.31094262968331,27.676684862385155,27.726108647364335,15994400
2013-07-05,28.17915153503418,28.203865000840402,27.660215886223302,28.08030709843325,26085900
2013-07-08,28.27800178527832,28.492165275180454,27.98970103316173,28.294473241094554,32396900
2013-07-09,28.294475555419922,28.500403334257644,28.12149697532628,28.48393187709414,25318500
2013-07-10,28.58277130126953,28.673380010766643,28.269760252699864,28.286234849172793,29658800
2013-07-11,29.398250579833984,29.46414898181462,28.747521142423338,28.82989100269038,53638300
2013-07-12,29.38177490234375,29.43119870201759,29.0605280599854,29.307643916145953,35501200
2013-07-15,29.793624877929688,29.834812941027323,29.307638412341262,29.373533657322994,34142600
2013-07-16,29.876007080078125,30.00780075291422,29.62065546424174,29.66184039783883,36378500
2013-07-17,29.439437866210938,29.974848228069995,29.233510078832374,29.933663299036017,37285100
2013-07-18,29.192319869995117,29.56299048857607,29.011105567073212,29.422961111672397,49547100
2013-07-19,25.86452865600586,26.910640576367506,25.55151912408517,26.68824134081161,248428500
2013-07-22,26.366985321044922,26.366985321044922,26.0292655386593,26.11163694536248,79040700
2013-07-23,26.210485458374023,26.391702895563434,26.119876739779322,26.284619578841664,65810400
2013-07-24,26.325807571411133,26.51526075864129,26.26814804235016,26.39170597160006,52803100
2013-07-25,25.856292724609375,26.070457814037542,25.740973665342036,26.0457474848256,63213000
2013-07-26,26.045743942260742,26.045743942260742,25.70802096829023,25.749207463215484,38633600
2013-07-29,25.9798526763916,26.02927490976503,25.864532037047642,25.922191571167385,28870700
2013-07-30,26.23519515991211,26.45759593159791,25.98808092199986,26.177535642397125,45799500
2013-07-31,26.226964950561523,26.399943549861774,26.11988161385756,26.334046716161044,43898400
2013-08-01,26.086929321289062,26.432888029177338,26.02926979849171,26.408177702895138,42557900
2013-08-02,26.268146514892578,26.276383814437207,26.004559213881464,26.103405237312753,29199900
2013-08-05,26.11164093017578,26.35875361689249,26.062217135949123,26.276382197618872,30984000
2013-08-06,26.012794494628906,26.08692861367292,25.848051658730178,25.98808259791286,36331500
2013-08-07,26.408178329467773,26.44112438455629,25.740971224142964,25.979848191233025,38078600
2013-08-08,27.09185028076172,27.240118490211685,26.39993301739775,26.556440095265845,59034400
2013-08-09,26.935352325439453,27.100095166095173,26.74589915845829,26.993011848337705,26800700
2013-08-12,27.07537841796875,27.157751399423084,26.737657049525865,26.737657049525865,25493700
2013-08-13,26.73528480529785,27.00072951830576,26.718694115191035,26.967548138092127,39464100
2013-08-14,26.834823608398438,27.672635987015145,26.295640463169683,26.66062612290993,48519600
2013-08-15,26.370296478271484,26.693806992118336,25.582256180950782,26.544493960442825,33338000
2013-08-16,26.378589630126953,26.536198002380303,26.262457978032433,26.370295868270286,32866300
2013-08-19,26.038494110107422,26.519613093571408,26.0301987642679,26.345415577467843,27902500
2013-08-20,26.229280471801758,26.46154379624884,26.021901599445304,26.079967430557073,22979600
2013-08-21,26.22098731994629,26.55279164485562,26.162921483978387,26.22098731994629,37409100
2013-08-22,26.868005752563477,26.95095919874662,26.627445505157993,26.70210202454761,31169900
2013-08-23,28.825664520263672,29.198947139727135,28.203527875941436,29.174059522195833,225493800
2013-08-26,28.327945709228516,28.75929083413586,28.228401605619677,28.53532451188949,72786800
2013-08-27,27.589683532714844,28.286476664009978,27.498439487770018,27.80535933002191,58522300
2013-08-28,27.390600204467773,27.871717514134417,27.3740095159482,27.697520031204267,44257400
2013-08-29,27.830238342285156,27.87171347539903,27.20810185252759,27.31593973010352,45284700
2013-08-30,27.705814361572266,27.772173945082326,27.448663460139564,27.680926748949755,42790200
2013-09-03,26.444955825805664,26.602564228010916,25.95554309232428,26.33711949724969,154507000
2013-09-04,25.880878448486328,26.104846380976237,25.806221943598057,26.038485219094987,142320600
2013-09-05,25.90577507019043,26.079974190855854,25.673511685537388,25.797938724769466,71644900
2013-09-06,25.839399337768555,26.038482804954416,25.82280865329271,25.972121649225794,75434900
2013-09-09,26.262468338012695,26.370306270790298,25.880891855078332,25.897480967510816,49628500
2013-09-10,26.868005752563477,26.876302679357,26.370297732866295,26.461543359317336,56881200
2013-09-11,27.15833854675293,27.315945350755463,26.984137888870634,27.017319267929214,39087500
2013-09-12,27.116853713989258,27.191510216726723,27.033903450658617,27.14174132446822,32860200
2013-09-13,27.39889144897461,27.432072822964855,26.967543080151348,27.183218846737972,40899000
2013-09-16,27.20810890197754,27.788770409066977,27.15004306770366,27.689229430933278,52839700
2013-09-17,27.315942764282227,27.763881846107456,27.291058314519773,27.722403544036467,84716500
2013-09-18,27.639453887939453,27.705816641259954,27.232993099077245,27.365715441368003,64099900
2013-09-19,27.904891967773438,27.93807333658006,27.63944734601943,27.772169656896434,42026600
2013-09-20,27.199804306030273,27.77216865778077,27.116850886997998,27.71410284663287,102904900
2013-09-23,27.15833854675293,27.349126729814042,26.95925343675194,26.992434815810515,39826100
2013-09-24,26.91777801513672,27.266172998576764,26.66892400348662,27.266172998576764,40685000
2013-09-25,26.96753692626953,27.208097086279,26.876292915142844,26.9509494074096,28907500
2013-09-26,27.183218002319336,27.374006150311644,27.033904988351463,27.075380122375897,28504000
2013-09-27,27.597972869873047,27.996139811920635,27.266165502658602,27.274462427231228,55348000
2013-09-30,27.60627555847168,27.631163175889093,27.12515820119309,27.37401222491309,39839500
2013-10-01,27.855127334594727,27.88001178282677,27.622860881812382,27.66433601698245,36718700
2013-10-02,28.13715934753418,28.22840654296067,27.614566951755126,27.672632773508354,46946800
2013-10-03,28.087398529052734,28.203530205957595,27.722409642379315,28.103989220660694,38703800
2013-10-04,28.103986740112305,28.195233953726884,27.888310932595914,27.946376765923265,33008100
2013-10-07,27.622865676879883,27.962966907272754,27.539915392140365,27.871719695448967,35069300
2013-10-08,27.382301330566406,27.647749163650364,27.208103860025417,27.631158476310738,41017600
2013-10-09,27.43207550048828,27.664338812390234,27.340828295283856,27.43207550048828,35878600
2013-10-10,28.00443458557129,28.112272458470866,27.589676943718725,27.631155239383727,42875100
2013-10-11,28.311355590820312,28.319649350778683,27.93807310570427,27.93807310570427,30033300
2013-10-14,28.57680892944336,28.61828407058862,28.0210319121755,28.120576048144642,27757900
2013-10-15,28.6099853515625,29.024743019861262,28.593394665108566,28.75929520094816,47097800
2013-10-16,28.73440933227539,28.95008508115964,28.66804975409159,28.701227961008627,35111600
2013-10-17,28.9666748046875,29.024743790994005,28.510441990307594,28.576804737886473,31359200
2013-10-18,28.99985122680664,29.024738835074192,28.47725891842948,28.883719602722827,41811700
2013-10-21,29.024742126464844,29.19893958234446,28.958379382691774,29.016445201318316,27433500
2013-10-22,28.68463897705078,29.11598412412486,28.634866922688587,29.049624549324836,40438500
2013-10-23,28.00443458557129,28.609983527303754,27.92977808346384,28.4938487295313,58600500
2013-10-24,27.971261978149414,28.286475570722043,27.846833394946845,28.05421225738425,53209700
2013-10-25,29.63858413696289,30.10311388876097,29.422911530554885,29.763012709657925,113494000
2013-10-28,29.5058650970459,29.638587446042056,29.257011088221905,29.539046475382538,38383600
2013-10-29,29.46439552307129,29.630299281748634,29.248719687485437,29.55564274856138,31702200
2013-10-30,29.480981826782227,29.688360703170368,29.38973461487536,29.472684899690403,36997700
2013-10-31,29.373130798339844,29.60539402350514,29.31506499204852,29.580509582051462,41682300
2013-11-01,29.47268295288086,29.605405298428312,29.356551296070627,29.58881460969109,40264600
2013-11-04,29.812795639038086,29.845977029287358,29.489284994986537,29.52246638523581,28060700
2013-11-05,30.393449783325195,30.45151561970425,29.671772128077837,29.68836281909339,51681900
2013-11-06,31.67090606689453,31.704087450554308,30.74184947487727,30.89116253699534,88948800
2013-11-07,31.106828689575195,31.52988016743931,31.048762862502677,31.48840502872326,60437400
2013-11-08,31.33908462524414,31.33908462524414,30.974099060316586,31.247837442924876,36737800
2013-11-11,31.18149185180664,31.339098678263987,30.982406713441268,31.26444214692084,26872500
2013-11-12,30.990707397460938,31.189789395602993,30.857985010582464,31.00729809136466,31651600
2013-11-13,31.6543025970459,31.654302597045902,30.6091147484855,30.675474324666496,44957600
2013-11-14,31.538185119628906,31.629432346634957,31.289331059653982,31.413756507465916,46183700
2013-11-15,31.388872146606445,31.538185215917473,31.28933115518278,31.48011937389108,50601300
2013-11-18,30.85797119140625,31.17318790571034,30.75013331150092,30.982396593435574,53277500
2013-11-19,30.707529067993164,31.117072425574886,30.649019685704474,30.799465095364663,44275000
2013-11-20,30.991708755493164,31.267523262176233,30.80783029213845,30.857976645163195,32229900
2013-11-21,31.259157180786133,31.367809705167744,31.142141619505267,31.15050146805649,23064700
2013-11-22,31.401243209838867,31.493182415240458,31.20065147837002,31.367810191811365,27982000
2013-11-25,31.45976448059082,31.718865712007872,31.40125826516594,31.70214919497939,30646800
2013-11-26,31.217374801635742,31.46811932883692,31.217374801635742,31.401253271356843,34465300
2013-11-27,31.42633056640625,31.560059510539272,31.334394507848785,31.401257385740532,26002100
2013-11-29,31.869306564331055,32.003035492854124,31.610205370414842,31.610205370414842,22090400
2013-12-02,32.136756896972656,32.41257135257037,31.810792909289724,31.835866081158134,42950400
2013-12-03,32.019737243652344,32.17018261741639,31.827502196808886,31.87764852916511,52109800
2013-12-04,32.54631805419922,32.57975109387886,31.860956682517248,31.936179427621372,51983600
2013-12-05,31.76065444946289,32.49616523471463,31.075293213779283,32.4710888657558,116305000
2013-12-06,32.06153869628906,32.22034078767454,31.7522911758652,32.11168504706929,36457300
2013-12-09,32.354061126708984,32.48779000725323,32.069886857008946,32.2286920946445,30286000
2013-12-10,31.852590560913086,32.51287855099525,31.77736783813981,32.270493867798116,37828600
2013-12-11,31.43466567993164,32.01137069982571,31.25078733082903,31.810779035665607,39853400
2013-12-12,31.108715057373047,31.459752213037365,31.0752820363531,31.459752213037365,36012800
2013-12-13,30.665735244750977,31.3009498854548,30.60722905262672,31.27587352572416,40066100
2013-12-16,30.832901000976562,30.92484022529567,30.540370003914614,30.699172089698422,31734200
2013-12-17,30.52366065979004,31.016786733751758,30.364858536712347,30.874697938703726,45687700
2013-12-18,30.573802947998047,30.590516272058483,29.69620358243469,30.389924499845918,63192100
2013-12-19,30.297971725463867,30.548712922763762,30.155886216054608,30.515279912897828,34160100
2013-12-20,30.757675170898438,30.866330896655395,30.24783275197936,30.25619260153289,62649100
2013-12-23,30.607234954833984,30.832903105836852,30.548728751427568,30.766040239807644,25128700
2013-12-24,30.991708755493164,31.066928285030276,30.623951828783742,30.690817883948725,14243000
2013-12-26,31.29258155822754,31.33437441700653,31.066913511880415,31.091989864817304,17612800
2013-12-27,31.167226791381836,31.44304129296409,31.066927710489256,31.409611454348834,14563000
2013-12-30,31.167226791381836,31.242449507876803,30.841262749353294,31.108720588368968,16290500
2013-12-31,31.267507553100586,31.409596254765045,31.108705534390797,31.25915089457792,17503500
2014-01-02,31.058576583862305,31.259171593052965,31.008427034477265,31.21737870772401,30632200
2014-01-03,30.849611282348633,31.10871239051872,30.59051017417855,31.0919958814418,31134800
2014-01-06,30.197683334350586,30.832894736781217,30.180966825293453,30.799461718666947,43603700
2014-01-07,30.431699752807617,30.498565770729453,30.264537896350248,30.364836923233,35802800
2014-01-08,29.888427734375,30.206034977004776,29.73798555454781,30.089022621390534,59971700
2014-01-09,29.696199417114258,30.013806731642,29.58754688421784,29.988733560719485,36516300
2014-01-10,30.122465133666992,30.214404353029483,29.880080498683803,30.005452741150574,40548800
2014-01-13,29.23651123046875,30.10575076289926,29.1111421674357,30.08067758796241,45901900
2014-01-14,29.9051456451416,29.98872818046832,28.943970401492187,29.02754974847119,41623300
2014-01-15,30.724239349365234,30.7493157073921,29.96365571507824,30.00544858234031,44812600
2014-01-16,30.832901000976562,30.92484022529567,30.348134893224085,30.6657390647917,38018700
2014-01-17,30.40663719177246,30.782750702849654,30.21440210574375,30.782750702849654,46267500
2014-01-21,30.231111526489258,30.774386882198417,30.13917551417736,30.774386882198417,31567300
2014-01-22,30.03052520751953,30.356489204243115,29.88007979543965,30.306339670766988,21904300
2014-01-23,30.139177322387695,30.19768351025442,29.687841140260286,30.164250491945403,43954000
2014-01-24,30.76603889465332,31.38453392886468,30.532010902910887,31.300954552895195,76395500
2014-01-27,30.114110946655273,30.832905136823257,30.07232125409068,30.816188622127587,44420800
2014-01-28,30.314695358276367,30.414991223109382,29.88007569286923,30.189323135974057,36205500
2014-01-29,30.64065933227539,30.82453774155817,30.005447936745504,30.07231078389957,52745900
2014-01-30,30.807828903198242,30.824545416235843,30.281269901734863,30.749322701741075,35036300
2014-01-31,31.626920700073242,31.668710390855523,30.557089311971513,30.883053363761945,93162300
2014-02-03,30.490215301513672,31.752284676983574,30.44842562163381,31.54333308923607,64063100
2014-02-04,30.381563186645508,31.08364073228309,30.2979838169726,30.89976548133298,54697900
2014-02-05,29.9385929107666,30.481868489785594,29.921876395743794,30.331423042929543,55814400
2014-02-06,30.239482879638672,30.297989086254542,29.82993624497844,29.92187548061742,35351800
2014-02-07,30.557071685791016,30.58214484812767,30.09737578730439,30.356476822056198,33260500
2014-02-10,30.757675170898438,30.757675170898438,30.331415305772563,30.61558961197262,26767000
2014-02-11,31.066923141479492,31.14214584691146,30.80782519148485,30.82454170250845,32141400
2014-02-12,31.317663192749023,31.426315716525213,31.175574463302283,31.217364140781434,27051800
2014-02-13,31.43466567993164,31.643617189967507,31.20064100896251,31.20064100896251,37635500
2014-02-14,31.443037033081055,31.576765934471382,31.200655591300684,31.25080193660424,31407500
2014-02-18,31.510406494140625,31.813553638058195,31.501987167812818,31.687244469597392,32834000
2014-02-19,31.586181640625,31.78828073284904,31.33356018453702,31.341982720018407,29750400
2014-02-20,31.788286209106445,31.889334166498234,31.493561661606794,31.63671266689044,27526100
2014-02-21,31.98195457458496,32.293520903568826,31.880906643179134,31.948270860031077,38021300
2014-02-24,31.737760543823242,31.98196271813624,31.611451400467878,31.737760543823242,32085100
2014-02-25,31.6114501953125,31.872491008982312,31.451454122669432,31.67039510241578,30736500
2014-02-26,31.552501678466797,31.779861956535534,31.316718864771723,31.64513029681956,41041800
2014-02-27,31.88092041015625,31.906181600852165,31.35041291974159,31.53567021753085,33903400
2014-02-28,32.25984573364258,32.386154865714104,31.847228192793693,31.981959861023796,41215000
2014-03-03,31.813547134399414,32.108274891737835,31.56934817372733,31.931436952432136,29717500
2014-03-04,32.34406661987305,32.40301155092641,32.05776129236051,32.167231826712964,26802400
2014-03-05,32.0914306640625,32.226162333630924,31.939857134265974,32.20932047340282,20520100
2014-03-06,32.1251106262207,32.20089738225272,31.906169681125547,32.116688090963805,23582200
2014-03-07,31.914592742919922,32.301945852471555,31.737754834423686,32.23457841832898,26591600
2014-03-10,31.84724235534668,32.00723527868909,31.76303622985231,31.990396623396443,19006600
2014-03-11,32.01565170288086,32.19248645999427,31.763030162396394,31.889339326510044,25216400
2014-03-12,32.226173400878906,32.36090511671746,31.82197825336324,31.8303975802405,30494100
2014-03-13,31.90616798400879,32.377730353375846,31.695649585368187,32.352465961205,32169700
2014-03-14,31.746177673339844,32.11668892789823,31.586181621849555,31.704074632726226,27195600
2014-03-17,32.04090881347656,32.34405590836101,31.821971029535995,31.914599665445884,20479600
2014-03-18,33.30402374267578,33.598751549544474,32.184067070894784,32.21774758723813,64063900
2014-03-19,33.06824493408203,33.30402461595373,32.76509779324285,33.236660369243495,35597200
2014-03-20,33.960853576660156,34.23031706009925,33.042992582365066,33.05141191085962,59269800
2014-03-21,33.817684173583984,34.47450071925791,33.69137181683592,34.289246664885866,80721800
2014-03-24,34.104000091552734,34.22188994827835,33.565073196659796,33.9692683678295,46098400
2014-03-25,33.96927261352539,34.5166221164572,33.64928352509181,34.238736094651124,43193100
2014-03-26,33.50612258911133,34.280829066145124,33.34612648588168,34.08715244688667,41977500
2014-03-27,33.144039154052734,33.657704901003235,33.12719728553295,33.46402823141268,35369200
2014-03-28,33.93557357788086,34.221878799048866,33.413488720076835,33.506117352257164,43472700
2014-03-31,34.516605377197266,34.94606158814058,34.01978172251416,34.04504290778832,46886300
2014-04-01,34.878692626953125,35.02184683254378,34.58396810405527,34.65133554486414,32605000
2014-04-02,34.81974792480469,35.080791941072114,34.66817439435991,34.89553469002708,28666700
2014-04-03,34.533447265625,34.76923012857766,34.280825752414195,34.76923012857766,30139600
2014-04-04,33.57347869873047,34.8534311531555,33.37980212639894,34.73554134497599,51409600
2014-04-07,33.51454162597656,33.91031739927977,33.46401924624056,33.64927332570107,37559600
2014-04-08,33.53136444091797,33.62399303415478,33.009279802612205,33.47241955654096,35918600
2014-04-09,34.0787353515625,34.14609960028656,33.58191156972534,33.62401462671004,27398700
2014-04-10,33.144039154052734,34.26399610642559,32.916678747422615,34.05347756831525,45960800
2014-04-11,33.01771545410156,33.50611983736525,32.84088071350893,32.84088071350893,34330200
2014-04-14,32.992454528808594,33.18613113370327,32.75667487280758,32.933509614808344,32006600
2014-04-15,33.47243881225586,33.64927356711475,32.882986417135776,33.12718862846879,33968700
2014-04-16,34.01979064941406,34.036629302511,33.607172978876996,33.733485362905604,30615800
2014-04-17,33.691368103027344,33.851364165572704,33.270331243287025,33.691368103027344,36688400
2014-04-21,33.63242721557617,33.809265159097514,33.506118069925726,33.792423297226115,22221200
2014-04-22,33.67455291748047,33.80086213605214,33.539821156982214,33.64928850395929,27056700
2014-04-23,33.42190933227539,33.67453405241101,33.236655273034486,33.67453405241101,24602800
2014-04-24,33.5650634765625,33.65769211209624,33.093500973961994,33.46401551609694,42381600
2014-04-25,33.6071662902832,34.25556352221995,33.47243460652081,33.92715524381516,56876800
2014-04-28,34.415550231933594,34.769222846157376,33.758733792704476,33.80083683404498,50610200
2014-04-29,34.11241149902344,34.685021994968274,34.0113635327558,34.60923521720331,29636200
2014-04-30,34.01979064941406,34.10399676392822,33.826110803968234,34.01979064941406,35458700
2014-05-01,33.68295669555664,33.98610381977778,33.64085364213861,33.88505584912309,28787400
2014-05-02,33.42190933227539,33.96925860956023,33.39664814516453,33.94399742244937,43416600
2014-05-05,33.202972412109375,33.37980715099723,33.09350191135444,33.278759187669436,22460900
2014-05-06,32.89141082763672,33.135609840613405,32.798782175840564,33.085087457639,27112400
2014-05-07,33.19455337524414,33.27034015879636,32.42826621366375,33.02614115602336,41744500
2014-05-08,33.37980270385742,33.598743676198126,32.81561483716486,33.12718122306588,32120400
2014-05-09,33.29560470581055,33.556645574088584,33.15245046414374,33.29560470581055,29647600
2014-05-12,33.65769958496094,33.69980264348147,33.38823615572056,33.46402294596051,22782600
2014-05-13,34.2767333984375,34.3445760891518,33.793365549309506,33.85272628622575,27004800
2014-05-14,34.12410354614258,34.30218580767923,33.96297872720311,34.17498234377107,18818700
2014-05-15,33.58137130737305,34.259785463011646,33.505049876609625,33.99689981595577,37793200
2014-05-16,33.776432037353516,33.78491076224,33.3015425707143,33.64074655981103,29867100
2014-05-19,33.70857620239258,33.76793695829513,33.4626512222714,33.58985469058748,24537400
2014-05-20,33.64921188354492,33.86969420570598,33.46264767908063,33.64921188354492,21320900
2014-05-21,34.21737289428711,34.21737289428711,33.700086931200644,33.75096571466493,22398700
2014-05-22,34.00537109375,34.21737466225198,33.79336752524802,34.16649587615885,20201800
2014-05-23,34.02233123779297,34.234334802994674,33.9205704322731,34.234334802994674,18020000
2014-05-27,34.08171081542969,34.14107158770356,33.75946754734851,34.14107158770356,26160600
2014-05-28,33.92905044555664,34.08169327711701,33.7679288944286,34.03929320944309,25711500
2014-05-29,34.20891571044922,34.217394434724916,33.844269103121874,34.04779406985419,19888200
2014-05-30,34.71771240234375,34.743155037042165,34.13258356297768,34.30218710965321,34567600
2014-06-02,34.59051513671875,34.84491886110299,34.49723301629679,34.72619733871827,18504300
2014-06-03,34.16651153564453,34.49723673650156,34.132590172756835,34.42939401072616,18068900
2014-06-04,34.19194030761719,34.23434038058197,33.801854460472036,34.09865820614374,23209000
2014-06-05,34.946678161621094,34.98059951935369,34.25978845958904,34.42091005644078,31865200
2014-06-06,35.17564392089844,35.328286802055395,34.97212223596839,35.17564392089844,24060500
2014-06-09,34.99755859375,35.17564086130382,34.78555497001872,35.09931942736382,15019200
2014-06-10,34.861881256103516,34.90428133976739,34.64987760286515,34.79403853430611,15117700
2014-06-11,34.64986801147461,34.82795025451953,34.57354658803848,34.70922875915625,18040000
2014-06-12,34.41242980957031,34.66683351145409,34.16650482928461,34.60747275551183,29818900
2014-06-13,34.963626861572266,35.251951833678625,34.64986249734163,34.85338410417105,26310000
2014-06-16,35.192604064941406,35.2858861836644,34.802518145662326,34.802518145662326,24205300
2014-06-17,35.34523010253906,35.5402729692449,34.20889100983577,35.0145051009545,22518600
2014-06-18,35.319801330566406,35.39612275656083,34.92123352427129,35.28587997792039,27097000
2014-06-19,35.20108413696289,35.42156974147546,35.04844448719433,35.2519661768317,19828200
2014-06-20,35.34523010253906,35.47243351926417,35.09082650400611,35.15018723583322,47764900
2014-06-23,35.608123779296875,35.61660249938519,35.353716887795436,35.387638237984696,18743900
2014-06-24,35.40460205078125,35.56572362608249,35.24348047548001,35.47244475717227,26509100
2014-06-25,35.64204025268555,35.659000926998864,35.158672356968395,35.36219721381039,20049100
2014-06-26,35.379150390625,35.5657112987001,35.13322551757467,35.557232580799166,23604400
2014-06-27,35.82860565185547,35.862527001633985,35.20107362062475,35.28587699507104,74640000
2014-06-30,35.362205505371094,35.794691479555524,35.362205505371094,35.76077012297517,30793100
2014-07-01,35.50637435913086,35.74382067337743,35.35373145530069,35.49789563554889,26917000
2014-07-02,35.53179931640625,35.53179931640625,35.21803170639908,35.38763520790501,20208100
2014-07-03,35.446998596191406,35.60812339037152,35.2434769671148,35.54028069073401,15969300
2014-07-07,35.608123779296875,35.71836331503496,35.370677562890066,35.404598913079326,21952400
2014-07-08,35.4300537109375,35.61661798316639,35.285892762338385,35.50637516458392,31218200
2014-07-09,35.336753845214844,35.60812139362987,35.21803236242452,35.59963943919183,18445900
2014-07-10,35.35371780395508,35.61660342235727,34.81098912653462,35.08235346524485,21854700
2014-07-11,35.692928314208984,35.692928314208984,35.1756389823494,35.36220319644129,24083000
2014-07-14,35.73533248901367,35.99821816312516,35.65053232829062,35.80317520552713,21881100
2014-07-15,35.99820327758789,36.01516394970289,35.642035633007886,35.89644247981536,28748700
2014-07-16,37.380470275878906,37.57551316823137,36.02364551376247,36.04908490648567,63318000
2014-07-17,37.762081146240234,38.762738422192214,37.52463814344427,38.54225609601286,82180300
2014-07-18,37.89775085449219,38.02495426980299,37.524625796453584,37.863832747337575,43407500
2014-07-21,38.024959564208984,38.2963238687327,37.499191628559004,37.78751660648016,37604400
2014-07-22,38.01648712158203,38.28785147090864,37.81296224212796,38.16064801688508,43095800
2014-07-23,38.0504035949707,38.54225347869714,37.83840000403718,38.54225347869714,52362900
2014-07-24,37.65185546875,38.160663014981964,37.584012737295346,38.10130224241889,30725300
2014-07-25,37.73664474487305,37.87232693366012,37.56704120015957,37.56704120015957,26737700
2014-07-28,37.287193298339844,37.74511860468971,37.25327194678263,37.617918388727354,29684200
2014-07-29,37.2193489074707,37.38895242264777,37.00734532222886,37.23630958248021,27763100
2014-07-30,36.95646667480469,37.39743128708242,36.71054173859434,37.371991891928936,31921400
2014-07-31,36.60031509399414,37.049761859292516,36.532475598722414,36.786879367100376,31537500
2014-08-01,36.34589767456055,36.67662277272771,36.1254121191703,36.64270142037256,31170300
2014-08-04,36.778377532958984,36.86318089986932,36.3034916179318,36.43917377007066,34277400
2014-08-05,36.53246307373047,36.854706226900525,36.32045946694675,36.727506003781286,26266400
2014-08-06,36.244144439697266,36.60878773163514,35.79469451420005,36.244144439697266,24634000
2014-08-07,36.65966796875,36.84623220166924,36.16782122048846,36.328942817606794,30314900
2014-08-08,36.63422393798828,36.735984763575054,36.388298977478456,36.659663335655395,28942700
2014-08-11,36.63422393798828,36.84622754499641,36.48158108214896,36.68510273332251,20351600
2014-08-12,36.905582427978516,36.96494316970865,36.464614607327675,36.49853595543569,21431100
2014-08-13,37.380470275878906,37.465270408234694,36.9055811239005,37.04126327662037,22889500
2014-08-14,37.541603088378906,37.66880332508816,37.321117502213,37.38048149457971,19313200
2014-08-15,37.982574462890625,38.07585658586984,37.651849288632626,37.804492174431545,41611300
2014-08-18,38.25392532348633,38.25392532348633,37.88927891823897,38.10976121133565,26891100
2014-08-19,38.68058776855469,38.689119445986435,38.25393228426067,38.37339529904331,28139500
2014-08-20,38.356327056884766,38.74031762743408,38.31366216129548,38.68911779965321,24770500
2014-08-21,38.58672332763672,38.61232161524502,38.253932568236614,38.2624642457317,22285500
2014-08-22,38.52698516845703,38.80004437288113,38.45871873978977,38.69764472988024,18294500
2014-08-25,38.54405975341797,38.77445413463023,38.43313165718955,38.740324165472565,16910000
2014-08-26,38.40752410888672,38.740318110931476,38.347792603291666,38.66351999586313,14873100
2014-08-27,38.28805923461914,38.3989905632362,38.19419451464492,38.313660775144776,21287900
2014-08-28,38.29659652709961,38.38192632045075,38.06620217890398,38.18566519164476,17657600
2014-08-29,38.76592254638672,38.77445422491515,38.27953549218055,38.47579664956871,21607600
2014-09-02,38.47578048706055,38.791504541961174,38.27098448204912,38.76590626200552,22976800
2014-09-03,38.36486053466797,38.49285848256649,37.997936556156795,37.997936556156795,33684500
2014-09-04,38.620849609375,38.629384541179135,38.16006420075657,38.17713080924211,26475500
2014-09-05,39.17551040649414,39.19257701820966,38.49286221349008,38.49286221349008,36939400
2014-09-08,39.65336227416992,39.934953204848625,39.24377339446804,39.26937168222345,45736700
2014-09-09,39.90080642700195,40.08000414577153,39.61068066223448,39.65334880082654,40302400
2014-09-10,39.96909713745117,40.05442695625396,39.49124168883333,39.95203052266583,27302400
2014-09-11,40.10560989379883,40.10560989379883,39.6533561855718,39.88375050536366,29216400
2014-09-12,39.849613189697266,40.1226723728073,39.76428016052399,40.02880766827781,38244700
2014-09-15,39.45710372924805,39.8581577026065,39.33763744992764,39.71309638897378,37667600
2014-09-16,39.90080642700195,39.97760451929693,39.49975261623659,39.585082383176804,27910600
2014-09-17,39.69602584838867,39.841087147662705,39.448564891261604,39.47416317816339,38311900
2014-09-18,39.83256149291992,39.96055945702749,39.644832013595064,39.755763365480064,35556600
2014-09-19,40.549339294433594,40.59200419360238,39.76429147821077,39.9434892629167,202522400
2014-09-22,40.156822204589844,40.42988150071371,40.08855575299709,40.36161504912096,38686100
2014-09-23,39.73015213012695,40.08854110466303,39.653354027708886,39.977609788920844,33430300
2014-09-24,40.17388916015625,40.199487452160085,39.54243749803152,39.78989850448065,26582700
2014-09-25,39.286434173583984,40.18240995744155,39.277899241811625,40.00321545169458,33077400
2014-09-26,39.6021614074707,39.781355927316646,39.0475079830451,39.19257253848442,27078800
2014-09-29,39.627769470214844,39.73016915406432,39.047517615562896,39.235247114163165,26091000
2014-09-30,39.559486389160156,39.66188276642744,39.26082567737421,39.5680180642982,33033100
2014-10-01,39.16697311401367,39.704556657940394,39.124304963279236,39.4826972476866,38088400
2014-10-02,39.04751205444336,39.33763794044981,38.945115640300884,39.10724682241006,25119400
2014-10-03,39.329097747802734,39.50829224753871,38.919508924782235,39.235233032191715,32453200
2014-10-06,39.329097747802734,39.50829224753871,39.18403320864317,39.3546960320157,20604000
2014-10-07,38.85124969482422,39.192575404837164,38.757384961814495,39.132843893853384,25723700
2014-10-08,39.91788864135742,40.01175337477076,38.689121939248906,38.80858496173016,33031000
2014-10-09,39.124305725097656,39.934951777993334,39.03044425497375,39.67895914421653,34422800
2014-10-10,37.57128143310547,39.354701512713454,37.50301824732341,38.91097941219936,51978100
2014-10-13,37.24702072143555,38.02353348176081,37.11049111264614,37.39208200665814,37100200
2014-10-14,37.315284729003906,37.86993810806539,37.17022344055187,37.43474773246387,38115700
2014-10-15,36.88010787963867,37.0251692084903,35.92439707554802,36.69237839042022,60218700
2014-10-16,36.470516204833984,36.7606420959813,36.026794062189666,36.291318408005225,49040400
2014-10-17,37.2299690246582,37.49449341662755,36.51318747765041,36.863044943742075,40683300
2014-10-20,37.61394119262695,37.66513775675814,36.53023609851151,36.74356379605103,34527900
2014-10-21,38.29659652709961,38.38192632045075,37.70780988555868,37.85287444040317,36433800
2014-10-22,37.86994552612305,38.45872898213207,37.741947565844704,38.39899746870174,33570900
2014-10-23,38.416053771972656,38.782977687513146,37.99793003503495,38.07472813956953,45451900
2014-10-24,39.36323928833008,40.02028918144237,38.552593147211105,39.96055766889792,61076700
2014-10-27,39.17551040649414,39.33763833510656,39.00484754446229,39.00484754446229,30371300
2014-10-28,39.670433044433594,39.67896472287239,39.05604803289157,39.13284615933432,29049800
2014-10-29,39.78135299682617,39.849619430856535,39.542426987965385,39.6277567753806,30276100
2014-10-30,39.29496383666992,39.52535815587697,39.05603784125041,39.52535815587697,30073900
2014-10-31,40.06295394897461,40.0800205603766,39.661896718835976,40.054419015711964,35849700
2014-11-03,40.4810791015625,40.49814571488957,39.87522897650805,40.01175862800093,23130400
2014-11-04,40.59200668334961,40.72853632213777,40.31894740577329,40.361612307558964,21530800
2014-11-05,40.839454650878906,40.873587863474796,40.32746622730749,40.78825483198507,22449600
2014-11-06,41.55624771118164,41.6927773454454,40.779734805970904,40.8394663175161,33037800
2014-11-07,41.539180755615234,41.743973577751355,41.20638997830162,41.743973577751355,28000600
2014-11-10,41.718379974365234,41.940242687574965,41.42825406448422,41.51358712922781,36370100
2014-11-11,41.7013053894043,41.76957182814871,41.513579193103084,41.68423877971819,23445200
2014-11-12,41.624507904052734,41.743970918542544,41.40264848501781,41.43678170490718,22722100
2014-11-13,42.332759857177734,42.36689307891233,41.56477864376538,41.65011169810186,26210400
2014-11-14,42.30715560913086,42.70820951508943,42.14502445629064,42.44368522171472,29081700
2014-11-17,42.20476150512695,42.418089256271095,41.93170224407231,42.162096605922756,30318600
2014-11-18,41.852699279785156,42.35932829314027,41.81835077279236,42.187589033830186,23995500
2014-11-19,41.406166076660156,41.86127219280375,41.15714438925396,41.783989713113996,26177500
2014-11-20,41.8183479309082,41.8183479309082,41.10563119968488,41.217262201998324,21510600
2014-11-21,41.20008850097656,42.118889721138494,40.848024512649594,42.09312998012673,42884800
2014-11-24,40.865196228027344,41.21726019449586,40.69345698875291,41.208674706576225,35434200
2014-11-25,40.76215744018555,41.191503936835815,40.744983187241075,40.925307929677274,28008000
2014-11-26,41.002586364746094,41.208674103992564,40.59899964970074,40.77932764991145,27163600
2014-11-28,41.054115295410156,41.38900505587586,40.882376032807386,41.174331796535895,21534400
2014-12-01,41.7496452331543,41.887035957415165,40.968234874735614,41.114214361817744,31191600
2014-12-02,41.612266540527344,42.11889559690935,41.38900777742109,41.93857083336343,25773500
2014-12-03,41.28596115112305,41.646610640021756,41.05411364726508,41.59508788061315,23534800
2014-12-04,41.938560485839844,42.12747396807962,41.388997565491465,41.5521480338282,30320400
2014-12-05,41.57790756225586,42.05019126547193,41.54356233664745,41.92138602356694,27313400
2014-12-08,40.959659576416016,41.517808099468766,40.744986311629404,41.440525593119425,26663100
2014-12-09,40.865196228027344,41.14856318852466,40.401501264682416,40.45302401916081,24330500
2014-12-10,40.272705078125,40.92531035034632,40.100965814176014,40.856616610159136,30431800
2014-12-11,40.50454330444336,40.994001280515484,40.08378560966769,40.427264086575335,29060400
2014-12-12,40.31564712524414,40.98542678516433,40.07521079744473,40.16966757526007,34248400
2014-12-15,40.075199127197266,40.933892092689256,39.97215688852126,40.53030862635254,29247800
2014-12-16,38.778568267822266,39.79182607439713,38.75280853100106,39.41400240652216,47801400
2014-12-17,39.27662658691406,39.45695136439017,38.55532420135518,38.6841262099862,34970900
2014-12-18,40.805084228515625,40.805084228515625,39.79182641331067,39.997914136595256,40105600
2014-12-19,40.9253044128418,41.30312811819112,40.50454344099412,40.89954467346561,64551200
2014-12-22,41.20008850097656,41.32030499323644,40.96824100490947,41.028349251039415,26566000
2014-12-23,41.603675842285156,41.90421707723529,41.32889434871539,41.53497883106582,23648100
2014-12-24,41.33747863769531,41.76682511839535,41.28595915642967,41.76682511839535,11437800
2014-12-26,41.114219665527344,41.569325884164925,41.062696908913146,41.569325884164925,13197800
2014-12-29,40.7449836730957,41.02835066092385,40.58182990600467,40.95965692398066,14439500
2014-12-30,40.37574005126953,40.89095447463034,40.22117506913061,40.73638949249142,16384700
2014-12-31,39.886287689208984,40.73639186482655,39.886287689208984,40.12672066402549,21552500
2015-01-02,40.15247344970703,40.719210560512735,39.963563263207156,40.06660548090282,27913900
2015-01-05,39.78324508666992,40.126720293860174,39.71454807983972,39.81759031443144,39673900
2015-01-06,39.1993408203125,40.14390190788338,39.104884056424574,39.826186382159236,36447900
2015-01-07,39.69736862182617,39.89486757708065,39.06193777025143,39.482695417116545,29114100
2015-01-08,40.865196228027344,41.00258696431619,40.1181343041851,40.14389404359753,29645200
2015-01-09,40.521724700927734,41.06270225096748,40.272706200697215,40.882377492838934,23944200
2015-01-12,40.01509475708008,40.82226831923473,39.80901025976904,40.71922279492519,23651900
2015-01-13,39.80900192260742,41.13997521414801,39.55139471709204,40.332805096692255,35270600
2015-01-14,39.465538024902344,39.705974344320815,39.17358221076562,39.465538024902344,29719600
2015-01-15,39.05333709716797,39.826161708686996,38.993228880233396,39.68877103060052,32750800
2015-01-16,39.70595932006836,39.74030454499986,38.78715494551802,38.90737469756483,35695300
2015-01-20,39.83477020263672,40.05803223077218,39.13064216126313,39.7574876968443,36161900
2015-01-21,39.431175231933594,39.620088712567195,39.053351546319746,39.44834948250514,39081100
2015-01-22,40.47019958496094,40.47878507315939,39.56857264405588,39.8261798735068,35898000
2015-01-23,40.51313781738281,40.693462569305964,40.18683354557855,40.66770282636094,26211600
2015-01-26,40.36714172363281,40.47018720441266,39.705951238051675,40.358556238060814,42525500
2015-01-27,36.63184356689453,37.09553857707577,36.15956306792647,36.88086532521266,169164000
2015-01-28,35.36956024169922,36.74347088088341,35.34380050227475,36.700536889958116,84507100
2015-01-29,36.07368087768555,36.168137604005835,35.02607795328121,35.14629441381508,63585300
2015-01-30,34.69120407104492,35.70446223551618,34.64826679363927,35.678699213941925,78004900
2015-02-02,35.44683837890625,35.52412086333452,34.54521157767857,34.85434151539163,50352500
2015-02-03,35.72161865234375,36.00498884455287,35.249338274314916,35.747381663414686,52082400
2015-02-04,35.9277229309082,36.24543849163976,35.515550595881024,36.013590939001745,41614800
2015-02-05,36.451515197753906,36.614665673715294,35.944886242696015,36.254016218752156,36548200
2015-02-06,36.41718673706055,36.743491144219824,36.193927895733886,36.64903434670093,34616600
2015-02-09,36.37423324584961,36.700537478289064,36.245427995355364,36.27119101084637,31381100
2015-02-10,36.58030700683594,36.72628646637029,36.21965765207923,36.70052673407414,29670700
2015-02-11,36.39141082763672,36.62325833434951,36.24543131200842,36.62325833434951,38262500
2015-02-12,37.001075744628906,37.001075744628906,36.50303230979757,36.631837550020386,33268800
2015-02-13,37.670867919921875,37.670867919921875,37.052611073678364,37.250110106917,40264900
2015-02-17,37.68815612792969,38.05137218803954,37.35087983058682,38.025429126307436,33695700
2015-02-18,37.64491271972656,37.791931098221184,37.52384070153397,37.731395089124895,27111700
2015-02-19,37.61897277832031,37.64491584180886,37.22981033116531,37.34223577122461,27603400
2015-02-20,37.930301666259766,37.94759814108608,37.43736368008801,37.62761830524703,29721100
2015-02-23,38.18109893798828,38.215688591697145,37.74869692645485,37.791936467815084,32518800
2015-02-24,38.12920379638672,38.31081182227017,37.98218541902985,38.18109321762415,25271700
2015-02-25,38.042728424072266,38.12920750224135,37.87841355699948,38.00813547321848,29759800
2015-02-26,38.10326385498047,38.250278945409256,37.95624546558636,38.04272784139623,28957300
2015-02-27,37.9216423034668,38.224325588844735,37.75733078212295,38.16378959156203,33807700
2015-03-02,37.947593688964844,38.21568076990693,37.662206836260836,37.76598237407826,31924000
2015-03-03,37.42871856689453,37.90436343786952,37.26440698353588,37.670865946381525,31748600
2015-03-04,37.238468170166016,37.3681868142741,37.082803158063484,37.19522532316394,25748700
2015-03-05,37.281707763671875,37.3941332278755,37.03091376620458,37.247114805614444,23193500
2015-03-06,36.633094787597656,37.28169773129035,36.45148675511535,37.18656877171433,36248800
2015-03-09,37.05684280395508,37.29899011970369,36.486072407989816,36.486072407989816,32108000
2015-03-10,36.34770584106445,36.93577274047484,36.34770584106445,36.62444281737934,39159700
2015-03-11,36.30447769165039,36.641750781113004,36.18340563891674,36.589864643636304,32215300
2015-03-12,35.474266052246094,36.01909358160048,35.3358975224539,35.74235652201609,59992500
2015-03-13,35.78559494018555,35.863427441923854,35.11969538063913,35.197527882377436,58007700
2015-03-16,35.941261291503906,36.010443907329126,35.699113888700644,35.86342878684678,35273500
2015-03-17,36.06232833862305,36.17475378507315,35.58668678682487,35.77694142816482,31673400
2015-03-18,36.7541618347168,37.03954867481884,35.742342963005306,35.828822024206985,44194800
2015-03-19,36.57255935668945,36.83199987848736,36.51202334490211,36.54661299523401,33879100
2015-03-20,37.082794189453125,37.16927326460989,36.74552117779037,36.80605719019316,71904500
2015-03-23,37.06549072265625,37.298988140291264,36.99630483640974,37.08278719421788,26246100
2015-03-24,37.10009002685547,37.3335841855601,36.97036811738383,36.99631117969208,25513300
2015-03-25,35.85477066040039,37.12603351140606,35.83747418567644,37.11738362456147,43469900
2015-03-26,35.63856887817383,35.98449176698994,35.3877749487304,35.64721876482507,37495600
2015-03-27,35.43101501464844,35.828823996417256,35.30994300271574,35.56073361359137,34401400
2015-03-30,35.42237091064453,35.92395881219945,35.37913137060559,35.54344294233973,35049700
2015-03-31,35.16291809082031,35.48289453411543,35.059142571177304,35.26669361046333,34887200
2015-04-01,35.21482467651367,35.24941433395661,34.86025512073787,35.11104580728717,36865300
2015-04-02,34.842960357666016,35.232122889007044,34.69594193517449,35.16293697278372,37487500
2015-04-06,35.9326057434082,36.131510268657166,34.747825180418516,34.88619368924238,39223700
2015-04-07,35.91530227661133,36.24392865821376,35.725047675864516,35.98448816703914,28809400
2015-04-08,35.820186614990234,36.05368413335755,35.4915634104431,35.854779573037106,24753400
2015-04-09,35.87206268310547,35.99313469218183,35.67315819691361,35.67315819691361,25723900
2015-04-10,36.079612731933594,36.278517194292306,35.81152238755563,36.001780264144145,28022000
2015-04-13,36.11420822143555,36.37365202205134,35.794231712698355,35.80288159883353,30276700
2015-04-14,36.01908493041992,36.34770804789289,35.79423406165928,36.14880354027551,24244400
2015-04-15,36.54661560058594,36.719577060436436,36.04503099588148,36.11421360044241,27343600
2015-04-16,36.46013259887695,36.615797566104185,36.16609913844387,36.278524570100224,22509700
2015-04-17,35.99314498901367,36.096923854166356,35.59533590282569,36.03638453334441,42387600
2015-04-20,37.108741760253906,37.33358936235561,36.04503317157091,36.08827271440212,46057700
2015-04-21,36.8752326965332,37.316284472293624,36.780103752782345,37.186562585548884,26013800
2015-04-22,37.17791748046875,37.29898948680628,36.79740169030538,36.901177224456866,25064300
2015-04-23,37.480613708496094,37.714111235559514,37.01361865436927,37.0914511633904,46309500
2015-04-24,41.39816665649414,41.63166413293518,39.478304015143614,39.48695060361974,130933700
2015-04-27,41.536537170410156,41.623019554174455,40.836048006230264,40.84469459512388,59248200
2015-04-28,42.513763427734375,42.55700296684254,41.25115041157004,41.32033301435002,60730800
2015-04-29,42.427284240722656,42.64348523467443,41.94299282664316,42.13325075698964,47804600
2015-04-30,42.064064025878906,42.84238890834212,42.029471075777145,42.11595345103156,64725500
2015-05-01,42.08135986328125,42.27161778699273,41.85651228895743,42.012177263091324,38937300
2015-05-04,41.7181396484375,42.2629637048586,41.66625022922195,41.83056177495714,34039500
2015-05-05,41.164669036865234,41.64896046398046,40.913878384344294,41.354926972332905,50369200
2015-05-06,40.02312088012695,41.31168006037365,39.79827333203219,41.13871863162736,52433000
2015-05-07,40.386329650878906,40.72360253431926,39.91933490505503,40.01446383094108,32971700
2015-05-08,41.29438400268555,41.49328849310542,41.095479512265676,41.12142257220069,35364900
2015-05-11,40.965755462646484,41.432750310733944,40.965755462646484,41.12142041200897,24609400
2015-05-12,40.94847106933594,41.2338579936704,40.14420302671335,40.51606903777393,29928300
2015-05-13,41.19061279296875,41.78732632694085,41.13872336868043,41.674900890465445,34184600
2015-05-14,42.133243560791016,42.21972262401528,41.536526808063265,41.536526808063265,32980900
2015-05-15,41.7700309753418,42.29756192341294,41.55382998344151,42.26296897295722,28642700
2015-05-18,41.51923370361328,41.70084502946,41.173314123690865,41.49329064233449,24136500
2015-05-19,41.41478729248047,41.61498447096961,41.06661626529631,41.397378409080765,28574800
2015-05-20,41.41478729248047,41.719434450962865,41.14495458039249,41.24940456038575,25047900
2015-05-21,41.27550506591797,41.43218165375081,40.918631353721864,41.153646235471115,22410700
2015-05-22,40.822898864746094,41.214587122952196,40.75326333059077,41.17106657430764,25720600
2015-05-26,40.55307388305664,40.80549776189368,40.204902786701716,40.76197720495073,29581900
2015-05-27,41.44090270996094,41.58017046936467,40.579181165871724,40.75326669522771,27335600
2015-05-28,41.301631927490234,41.797773491576336,41.24940527638457,41.345152476542424,19283700
2015-05-29,40.7880859375,41.40608643463656,40.55307096244692,41.28422755581025,36519600
2015-06-01,41.11013412475586,41.58016398459034,40.57917483721003,40.96216360614395,28837300
2015-06-02,40.840301513671875,41.21458418203679,40.57917492003246,40.849007615022565,21498300
2015-06-03,40.77936553955078,41.55404573556899,40.75325388049996,41.231986445389055,28002200
2015-06-04,40.35287094116211,41.04920971469794,40.21360318645495,40.72715365451359,27745500
2015-06-05,40.161380767822266,40.492142965278624,39.90025411526432,40.30935464052861,25438100
2015-06-08,39.80450439453125,40.41380209239946,39.752277739146436,40.300645999268355,22121600
2015-06-09,39.7348747253418,39.987295274893434,39.56949196620856,39.83061861908591,24406100
2015-06-10,40.570472717285156,40.76196710487208,39.76968072225287,39.856725134976394,28417400
2015-06-11,40.422508239746094,40.84031155638881,40.152678798809156,40.614002671692774,27347800
2015-06-12,40.01340866088867,40.44862083837789,39.95247922167261,40.23101474963328,23931000
2015-06-15,39.586875915527344,39.73484969520169,39.18648174530832,39.56076426280976,33254500
2015-06-16,39.89155960083008,40.24843354139119,39.430232321270914,39.47375288565033,27070300
2015-06-17,40.01340866088867,40.10044976822435,39.48244927308696,39.80450535471547,28704100
2015-06-18,40.666221618652344,40.735853831350184,40.18748562958291,40.23100949797466,32658300
2015-06-19,40.12656021118164,40.76197289287195,40.03081632419785,40.72715512283859,63837000
2015-06-22,40.23970413208008,40.666213384967094,40.17877471315397,40.32674853083472,20318100
2015-06-23,39.961177825927734,40.28323387388226,39.70875399247997,40.152672226530186,25896500
2015-06-24,39.72616958618164,40.25712900814861,39.64783125637659,39.75228125598145,34890900
2015-06-25,39.7348747253418,40.09174859236881,39.60430973870035,40.0656336027972,20616000
2015-06-26,39.3953971862793,40.283230254197655,39.195200022004286,39.73486540786363,49835300
2015-06-29,38.6207160949707,39.3692813465696,38.61201331501452,39.20390196416694,34081700
2015-06-30,38.429229736328125,38.925371264413855,38.246438130924325,38.9166651629921,35945400
2015-07-01,38.69034194946289,39.369271510164296,38.38569160064293,38.69904472724468,28343900
2015-07-02,38.6468505859375,38.951497844266534,38.35090611195812,38.71648282195296,21752000
2015-07-06,38.63813018798828,38.716468499780206,38.25514473056378,38.26384751169406,23034000
2015-07-07,38.5598030090332,38.72518578190086,37.70678743457779,38.59462078441648,36435800
2015-07-08,38.507572174072266,39.08205207449842,38.324780549078135,38.68165437630642,39785900
2015-07-09,38.75128936767578,39.36058702812831,38.73388048361655,38.951486553749234,32424700
2015-07-10,38.82963180541992,39.29095566051631,38.79481403360743,39.177799562328445,25465800
2015-07-13,39.63911056518555,39.70874275999532,39.12556026189748,39.151671919900636,28178300
2015-07-14,39.708763122558594,40.00470757316905,39.438933663747115,39.560792557456274,22880300
2015-07-15,39.83061599731445,39.94377209026173,39.54337769417792,39.760983777319815,26629600
2015-07-16,40.61400604248047,40.64011771431104,40.013414347536084,40.048228803174894,26271700
2015-07-17,40.57917404174805,40.71844177670178,40.26582080800096,40.51824461523108,29467100
2015-07-20,40.840301513671875,41.02309311758377,40.42249829976785,40.605289903679754,30631900
2015-07-21,41.15365982055664,41.197183691858676,40.457321044991545,40.718447670777806,42781900
2015-07-22,39.63911056518555,40.848999418591966,39.34316626633473,39.55206617116817,59152400
2015-07-23,40.135257720947266,40.239707688279346,39.25612747805551,39.40410130881351,33934000
2015-07-24,39.987281799316406,40.31804388571165,39.865422957066684,39.96117013894987,32333200
2015-07-27,39.4737434387207,40.04822338409947,39.38670233079272,39.9872939444688,39701400
2015-07-28,39.46501922607422,39.726145728468516,38.986286751617406,39.67392242023183,34328900
2015-07-29,40.29193115234375,40.718437088859616,39.39539209891663,39.517254258325494,40945900
2015-07-30,40.80549621582031,41.258117295770155,39.97859238361204,40.26583070487692,39777900
2015-07-31,40.6488037109375,41.23198622937888,40.474718237234136,41.16235403214008,31201500
2015-08-03,40.744564056396484,40.90994348364403,40.43121076653351,40.89253459860661,24125900
2015-08-04,41.37995910644531,41.52792959747722,40.63139391076728,40.69232332712208,33403900
2015-08-05,41.41478729248047,42.13723769134086,41.379969525681055,41.762954999259634,26959700
2015-08-06,40.57917404174805,41.58016316950626,40.32675355492264,41.52793652374684,27368000
2015-08-07,40.68362808227539,40.71844252635125,40.26582154931742,40.37897762367707,19163000
2015-08-10,41.197181701660156,41.33644945004528,40.7706723545029,40.86641955409361,23079900
2015-08-11,40.39639663696289,40.85772051061028,39.95248164992181,40.75327051137807,29237400
2015-08-12,40.68362808227539,40.822895819793125,39.787088909125515,40.20489212167871,30181400
2015-08-13,40.6749267578125,40.996982816068595,40.466026787205095,40.962168367904134,22627200
2015-08-14,40.909942626953125,40.99698372991221,40.492139356020104,40.50084213815392,21473400
2015-08-17,41.188472747802734,41.30162882315739,40.535654599872124,40.74455786818803,21099700
2015-08-18,41.416282653808594,41.556468793872355,40.916869320937614,41.039531775705754,23574100
2015-08-19,40.83800506591797,41.24980322040671,40.5663930194232,40.98695134340512,31485500
2015-08-20,40.00565719604492,40.7153514005236,40.00565719604492,40.364884383973376,36238200
2015-08-21,37.736385345458984,39.84794057111109,37.736385345458984,39.69023077481337,70053100
2015-08-24,36.518516540527344,37.403440728165485,34.80123586726293,35.44083519937772,88753700
2015-08-25,35.4583625793457,37.88533756362349,35.38826784628458,37.29830587228946,70616600
2015-08-26,37.420955657958984,37.534857889513844,35.97528737162298,36.80764032028627,63408000
2015-08-27,38.463619232177734,38.50742678455475,37.613738678395094,37.87658733495923,50943200
2015-08-28,38.48988342285156,38.682640565554124,38.01675407747271,38.02551758885026,28246700
2015-08-31,38.13065719604492,38.48988429778345,37.762666582729636,38.16570455775121,34441700
2015-09-01,36.64118576049805,37.315832580547614,36.50099962531249,36.94784188674735,49688900
2015-09-02,37.990478515625,38.00800219990263,36.69375595978996,37.11431435554989,37671500
2015-09-03,38.11314010620117,38.53369849250383,37.92038292578293,38.03428519987561,28285200
2015-09-04,37.333343505859375,37.710094242090335,36.97411644832519,37.50857695052726,37138800
2015-09-08,38.454837799072266,38.55121637477728,37.85028583642324,37.937900900354826,32469800
2015-09-09,37.736385345458984,38.901685135625385,37.59619923122775,38.73521182714413,33469500
2015-09-10,37.92914581298828,38.3672278759455,37.45601638284227,37.78019617358636,31366600
2015-09-11,38.09562683105469,38.192005447597005,37.62249726382978,37.79773080824292,27132500
2015-09-14,37.71010208129883,38.06056570118932,37.55239228254288,38.05180553116983,23656000
2015-09-15,38.533695220947266,38.80530728463088,37.7451495669411,37.841524806666904,28882200
2015-09-16,38.81407165527344,38.88416639244246,38.41103694345463,38.524939220203784,23372200
2015-09-17,38.770259857177734,39.427382905604475,38.62131357050532,38.80530722191265,32768200
2015-09-18,38.09562683105469,38.54247253642328,37.96420417947123,38.11315051972619,63143700
2015-09-21,38.64760971069336,38.96302940899219,38.200764024002765,38.218287711941784,26177200
2015-09-22,38.463619232177734,38.595041889308796,37.94668209260407,38.0080133343923,28085900
2015-09-23,38.437320709228516,38.700169288398165,38.12190107730452,38.489891761982854,17145200
2015-09-24,38.472373962402344,38.66513117635105,37.91162934978957,38.069339189874604,27905600
2015-09-25,38.49864959716797,39.19082004275014,38.34093979077454,38.97177901634825,29384600
2015-09-28,37.92914581298828,38.630076445259654,37.8590510786107,38.40227524313429,27613800
2015-09-29,38.060550689697266,38.17445290883022,37.718847374597736,37.999219496848596,32763600
2015-09-30,38.77902603149414,38.814073401655556,38.253328848277604,38.44608604186422,34958900
2015-10-01,39.085689544677734,39.20835201061308,38.332187719873126,39.20835201061308,28657900
2015-10-02,39.92679214477539,39.92679214477539,38.481120246519666,38.78777964369832,41839000
2015-10-05,40.85554504394531,41.08334630693978,40.04071192173522,40.08451947127626,34369300
2015-10-06,40.960670471191406,41.337421290503,40.496304581375085,40.592683164310706,27017200
2015-10-07,41.004486083984375,41.48637575129001,40.25974781108488,41.267334689578234,27711500
2015-10-08,41.57399368286133,41.635324912021126,40.7416369898767,40.794208047285665,33772700
2015-10-09,41.27608871459961,41.652839521515126,41.10961540689705,41.57398462373512,28600600
2015-10-12,41.17970657348633,41.24103778397771,40.741624588662006,41.16218289301732,19769100
2015-10-13,41.08333969116211,41.293620574319405,40.79420723690973,40.79420723690973,19987800
2015-10-14,40.89934158325195,41.26732891109543,40.76791562770734,40.87305772906338,24697800
2015-10-15,41.188472747802734,41.20599643082667,40.76791438213049,41.188472747802734,27189400
2015-10-16,41.62654495239258,41.652832141862326,41.092087786907676,41.197226517886676,26450300
2015-10-19,41.72293472290039,41.95073926723219,41.197237584490075,41.54770122932999,29387600
2015-10-20,41.8543586730957,41.88940603859058,41.19723561042008,41.56522292121408,30802200
2015-10-21,41.35493850708008,42.04710881966665,41.27608361903477,41.98577426914236,25144300
2015-10-22,42.08217239379883,42.88824532867827,41.258579113256154,41.64409022158006,56637100
2015-10-23,46.32279968261719,47.37419737665248,45.779578821914384,45.82338636285312,135227100
2015-10-26,47.53190231323242,47.59323353270414,45.998615141837824,46.02489899523977,64633300
2015-10-27,47.0412483215332,47.63704016419828,46.944873080123294,47.30410021976247,50999900
2015-10-28,47.295326232910156,47.295326232910156,46.314023615029356,46.909815325746266,47000800
2015-10-29,46.75212478637695,47.163923052282506,46.629462326482034,46.90983461832796,30202100
2015-10-30,46.12128829956055,47.304112112052884,46.103764612453084,46.71708029200819,46619800
2015-11-02,46.64698028564453,46.7521190466035,46.10375611237117,46.305273463501244,30285000
2015-11-03,47.44428253173828,47.65456002268634,46.34907751800749,46.37536136880088,36596900
2015-11-04,47.663326263427734,48.08388461170319,47.36543034894503,47.47056910043874,37087800
2015-11-05,47.64581298828125,47.92618528170589,47.31286963647647,47.742191590827474,31468500
2015-11-06,48.11893081665039,48.171501865932164,47.27781408194686,47.39171635090696,32851200
2015-11-09,47.45304870605469,48.07512443042057,46.92735156986115,47.79475217881057,32513100
2015-11-10,46.88353729248047,47.42676141512302,46.67325979016131,47.37419036839291,55283700
2015-11-11,47.00621032714844,47.48809996520499,46.83973699127899,47.050017868371555,36516300
2015-11-12,46.71707534790039,47.295343592041945,46.60317306490701,46.85726148762255,35361100
2015-11-13,46.296512603759766,46.69078712936473,46.02490052116503,46.49802995189099,36848200
2015-11-16,47.11134719848633,47.216485961650584,46.30527443475765,46.50679513241558,32165200
2015-11-17,46.72323226928711,47.21718913916506,46.61738148446,46.89964351434134,31551300
2015-11-18,47.49945068359375,47.6141206835701,46.7320510079986,46.749692805289484,29710000
2015-11-19,47.57883834838867,48.213929608356075,47.437707331154684,47.62294452519775,28149200
2015-11-20,47.79936218261719,47.89639040088165,46.98785956591317,47.852287582987614,37147600
2015-11-23,47.79936218261719,48.03752143704015,47.411252674388656,47.852287582987614,28235900
2015-11-24,47.852294921875,48.01988700150688,47.26130966883376,47.561210222439286,24600000
2015-11-25,47.35832595825195,47.834644453864215,47.35832595825195,47.71115522126012,21005100
2015-11-27,47.57002639770508,47.7023382186837,47.44653715936737,47.455356377178894,9009100
2015-11-30,47.94049835205078,48.47856153652785,47.63177522890641,48.1080937887546,56241400
2015-12-01,48.7078971862793,48.716716404071924,47.89639119135305,47.99341941121884,39952800
2015-12-02,48.69908142089844,49.36063388732378,48.56677294651127,48.79610965434693,47274900
2015-12-03,47.80818557739258,49.19303494473667,47.5700263189231,48.94605646847027,38627800
2015-12-04,49.31652069091797,49.598782748044705,47.71997319637119,47.73761499554526,43963700
2015-12-07,49.22831344604492,49.36944446998165,48.7696367770433,49.2106716474492,30709800
2015-12-08,49.210670471191406,49.4841099308166,48.50501536837469,48.92840843006472,32878000
2015-12-09,48.496192932128906,49.28123444666567,48.08161908586969,48.84019958548061,36373200
2015-12-10,48.75200653076172,49.096013272821786,48.52266645950179,48.85785398258871,31775800
2015-12-11,47.684696197509766,48.60204626298488,47.640590014168126,48.258039567828035,39549500
2015-12-14,48.637325286865234,48.69906989993801,47.34950426444874,47.92285094564341,46768900
2015-12-15,48.690250396728516,49.30769988865508,48.593222186804894,49.096001670200906,39843000
2015-12-16,49.51058578491211,49.616433233658256,48.30214756614383,48.990164395068106,37503300
2015-12-17,49.131290435791016,50.0927466896208,48.98133681427219,49.71345639174478,41280900
2015-12-18,47.746456146240234,49.395926314962345,47.65824711606525,49.19305059280555,84684200
2015-12-21,48.36388397216797,48.822557261814595,47.83464012554437,48.40798678484604,37246300
2015-12-22,48.822566986083984,48.93723701374959,48.07280892673645,48.505024652657816,28322200
2015-12-23,49.23712158203125,49.290046965907464,48.90193421380512,49.1312741791071,27279800
2015-12-24,49.10482406616211,49.3606251152798,48.89312919883173,49.272419481363684,9558500
2015-12-28,49.35181427001953,49.35181427001953,48.4962053436021,48.82257028225243,22458300
2015-12-29,49.881046295166016,50.14566656102315,49.44883397939286,49.65170962871097,27731400
2015-12-30,49.66933822631836,50.083908632197804,49.651696431306505,49.810469221584874,21704500
2015-12-31,48.93722915649414,49.56349786926311,48.884303760339236,49.431189426119424,27334100
2016-01-04,48.337425231933594,48.337425231933594,47.093706926272965,47.91403212413735,53778000
2016-01-05,48.55793762207031,48.85784146275452,48.108083543458484,48.45209019736676,34079700
2016-01-06,47.675865173339844,47.98459157792086,47.31421674184631,47.91402438893248,39518900
2016-01-07,46.01757049560547,47.181905490541496,45.92936487946918,46.48506968264775,56564900
2016-01-08,46.1587028503418,46.99666626154542,45.999930056364,46.193983076359196,48754000
2016-01-11,46.13224792480469,46.61738562141389,45.39130918940603,46.31748176744707,36943800
2016-01-12,46.55563735961914,46.83789939243428,45.92054946819949,46.537995561964586,36095500
2016-01-13,45.55009078979492,47.69352099560887,45.250186878060425,47.45536170998179,66883600
2016-01-14,46.84673309326172,47.12017260973903,45.48834463489242,45.867634962421896,52381900
2016-01-15,44.976741790771484,45.8411698142138,44.40339505943751,45.25900386516778,71820700
2016-01-19,44.59744644165039,45.585363590043166,44.15641157979999,45.408948972337214,43564500
2016-01-20,44.800323486328125,45.320744774307265,43.30962345279972,44.08584577627332,63273000
2016-01-21,44.526878356933594,45.497157052470875,44.36810554066074,44.98555500785194,40191200
2016-01-22,46.123435974121094,46.15871957775331,45.21490168715457,45.34721351836056,37555800
2016-01-25,45.68239212036133,46.44097262646924,45.5589028965445,45.814700560952645,34707700
2016-01-26,46.01757049560547,46.255729696967705,45.47068827293768,45.682386462424745,28900800
2016-01-27,45.17962646484375,46.04405466083643,45.00321179192422,45.87645920738937,36775200
2016-01-28,45.92055892944336,46.052867391869405,45.20608111895634,45.744144281379086,62513800
2016-01-29,48.593223571777344,48.593223571777344,47.631767391685344,48.275677917460115,83611700
2016-02-01,48.25802993774414,48.59321734824228,48.07279611805913,48.40798352855726,44208500
2016-02-02,46.74970245361328,47.86110899368365,46.4409793493797,47.781722571905085,56313800
2016-02-03,46.008758544921875,47.09370394589322,45.21489441502621,46.97021471787147,57559800
2016-02-04,45.867618560791016,46.582096138172346,45.311913778383314,45.95582417363039,46987100
2016-02-05,44.2446174621582,45.86762589774862,43.71537697080808,45.814700502682015,62009000
2016-02-08,43.583065032958984,43.724196054544905,42.50693889034823,43.706554256243045,59290500
2016-02-09,43.468387603759766,44.315176953506715,42.9303246243339,43.239050994654974,46740500
2016-02-10,43.84769058227539,44.44749833778416,43.68009852537682,44.00646342137062,38237000
2016-02-11,43.830039978027344,44.20051098311226,42.78919751517127,42.93915110634309,48878600
2016-02-12,44.544517517089844,44.703290323960815,43.882965276737025,44.3240001036389,34243300
2016-02-16,45.388511657714844,45.388511657714844,44.53564554875329,45.21971629937516,37291200
2016-02-17,46.57008743286133,46.88103054162376,45.708338757064865,45.743875693321506,40789000
2016-02-18,46.36574935913086,47.04093750797347,46.28579295700445,46.49012862054065,27176000
2016-02-19,46.03704071044922,46.445705255091276,45.77940304096206,46.170302508870385,33559100
2016-02-22,46.7744140625,47.08535372205037,46.44570254927462,46.44570254927462,25008300
2016-02-23,45.46846008300781,46.525658299786244,45.29077882759438,46.499007297620054,28895300
2016-02-24,45.62836837768555,45.75274422752233,44.59782126462513,45.033136739053866,33014500
2016-02-25,46.28579330444336,46.28579330444336,44.962074779177854,45.957085155006666,26939500
2016-02-26,45.5750617980957,46.80105857969709,45.3973805648366,46.72998473079839,35975900
2016-02-29,45.20193862915039,45.8860092405023,45.006488914767566,45.619485670348276,31654000
2016-03-01,46.71223831176758,46.72112085193327,45.237485859076294,45.28190872687177,33024500
2016-03-02,47.04093551635742,47.04981805444502,46.339096392849875,46.56119712391012,29289900
2016-03-03,46.507896423339844,47.05870873204464,46.001506976522094,47.05870873204464,24427800
2016-03-04,46.223594665527344,46.59672558818915,45.939306052541006,46.55230612784521,33034200
2016-03-07,45.33519744873047,46.0192680664725,44.935418867740914,45.80605327514314,38407800
2016-03-08,45.886016845703125,46.3124498840439,44.95319097353237,45.130872253421494,33835100
2016-03-09,46.94321060180664,46.95209313988466,46.07257614366838,46.09922714689063,28251600
2016-03-10,46.24137496948242,47.03205308864829,45.450696850316554,47.023170549899795,38387800
2016-03-11,47.14754867553711,47.14754867553711,46.53455180299354,47.08536073436553,32275700
2016-03-14,47.23638916015625,47.60952020831502,46.756654082507445,46.82772456516371,24083600
2016-03-15,47.60951614379883,47.60951614379883,46.854374961476616,46.86325750017956,21104800
2016-03-16,48.28470230102539,48.50680305381573,47.44072215161291,47.48514162437327,31691700
2016-03-17,48.56010055541992,48.86215766563976,47.97375479899176,48.16031858763073,28223900
2016-03-18,47.52067184448242,48.83550770856334,47.485134915699355,48.79108485309048,67625500
2016-03-21,47.849388122558594,47.911576064039245,47.02317302689999,47.30746172766546,23925700
2016-03-22,48.035945892333984,48.19585868998201,47.494019565747685,47.62728136011711,23124100
2016-03-23,47.94711685180664,48.186986097788235,47.742784543523555,48.07149274476252,20129000
2016-03-24,48.16032409667969,48.26693489294398,47.733891078587625,47.831615947335706,19950000
2016-03-28,47.565093994140625,48.23139619596333,47.37853019098745,48.16032233438788,17025100
2016-03-29,48.60451889038086,48.73778067287349,47.48513279559677,47.671696579896135,23924300
2016-03-30,48.906578063964844,49.43073590084389,48.773319664818814,48.799970666850406,23008300
2016-03-31,49.06648635864258,49.38631190967141,48.73777827074639,48.817734658503596,26360500
2016-04-01,49.36854934692383,49.40408627661573,48.48014643855523,48.90657942789358,24399200
2016-04-04,49.24417495727539,49.4485072256431,48.86216142411327,49.24417495727539,18928800
2016-04-05,48.47126388549805,49.12868013965226,48.38242156129603,49.030955277524114,19272300
2016-04-06,48.96876525878906,49.03983911512262,48.16031878242892,48.29358056856032,21188700
2016-04-07,48.382423400878906,48.782205402518024,48.17809113092741,48.74666847148604,19225100
2016-04-08,48.34688949584961,49.11091661591586,48.25805055169755,48.56899024521824,22167200
2016-04-11,48.24916458129883,48.99542318166154,48.24027865412251,48.40907738059,21414200
2016-04-12,48.551212310791016,48.66670222980825,47.76053100566771,48.30245723285851,24944300
2016-04-13,49.1731071472168,49.25306355676466,48.764442560189366,48.96877485370308,20818000
2016-04-14,49.181983947753906,49.37743366570575,48.92434629936066,49.057608086871106,20877100
2016-04-15,49.43962097167969,49.679486763787914,48.959882609487245,49.128677934412146,28793800
2016-04-18,50.15923309326172,50.27472643339106,49.04872933160261,49.297484478726446,23786000
2016-04-19,50.09705352783203,50.43464767672462,49.466288099129656,50.31027177686659,29596800
2016-04-20,49.38631820678711,50.19476472430938,49.297479270834934,50.0082009254169,36195700
2016-04-21,49.55512619018555,49.95490828199551,49.235300516737574,49.57289465970921,38909100
2016-04-22,46.00150680541992,46.578970117918246,45.10422125584882,46.1170001457173,126834100
2016-04-25,46.29468536376953,46.312453832172054,45.86825228907542,46.001510718611115,33226900
2016-04-26,45.69944381713867,46.50789031812325,45.38850415867849,46.42793392180661,33532600
2016-04-27,45.2552490234375,45.7527559391221,44.90877238477747,45.73498747188459,43369300
2016-04-28,44.33131408691406,45.10422380084786,44.029256910700234,44.97096198614019,43134800
2016-04-29,44.30465316772461,44.642247230022576,43.842683237471654,43.842683237471654,48411700
2016-05-02,44.962074279785156,45.08645015175877,44.22469819738682,44.420147932767264,33114500
2016-05-03,44.22469711303711,44.7843919121835,44.064784313280995,44.722203977721485,26460200
2016-05-04,44.30465316772461,44.4734518933677,43.94040810200435,44.27800216430232,24257600
2016-05-05,44.366844177246094,44.68666979643702,44.18028036238088,44.30465623895769,25390700
2016-05-06,44.766624450683594,44.766624450683594,44.118090698901526,44.34907397651347,24787300
2016-05-09,44.48233413696289,44.94430406415681,44.420146203397195,44.8554651273453,17951600
2016-05-10,45.32630920410156,45.397379662600144,44.58893328687672,44.71331251997751,22891000
2016-05-11,45.35297775268555,46.00151161151624,45.30855827531145,45.42405162767521,24039100
2016-05-12,45.76163864135742,46.028162261881526,45.23748071744256,45.486235870665816,24102800
2016-05-13,45.37961959838867,46.10810967058939,45.34408267072328,45.699441780413316,22592300
2016-05-16,46.045928955078125,46.161418904601,45.08645209173173,45.1308715637781,20032000
2016-05-17,45.187103271484375,46.27853710603564,45.05291276879411,46.269592437600174,27803500
2016-05-18,45.45548629760742,45.75070810247549,44.99922976368493,45.16026108004667,24907500
2016-05-19,45.01710891723633,45.28549322589584,44.56980059857325,45.1513027779119,23842400
2016-05-20,45.28549575805664,45.82226781808119,45.08868240747029,45.16024996785846,23905800
2016-05-23,44.75767135620117,45.339173562600514,44.71294120479164,45.267602590191814,26118700
2016-05-24,46.15326690673828,46.26061993475573,45.08867446489475,45.35705874128399,34757900
2016-05-25,46.62743377685547,46.95844450051368,46.33221196239787,46.44850970700913,24040200
2016-05-26,46.42165756225586,46.502173197505975,45.94751182838943,46.45744304740962,24335200
2016-05-27,46.806358337402344,46.806358337402344,46.31431969968614,46.44851019395811,17721400
2016-05-31,47.41468048095703,47.41468048095703,46.59163483522859,46.75266268586505,37653100
2016-06-01,47.280494689941406,47.36995841410355,46.91370195260694,46.91370195260694,25324800
2016-06-02,46.949485778808594,47.182088040696726,46.376931615225516,47.09262431970436,22840800
2016-06-03,46.332210540771484,46.895816736358896,46.16223114392124,46.86003465364177,23368300
2016-06-06,46.63637924194336,46.83319263631347,46.421669687630185,46.51113342388259,18243300
2016-06-07,46.60953903198242,47.17314863341251,46.60953903198242,46.73478826439449,20866800
2016-06-08,46.555850982666016,46.9136955927268,46.40376437855414,46.53795824025923,21149400
2016-06-09,46.180118560791016,46.52007390255584,46.06382083317307,46.52007390255584,20305700
2016-06-10,46.05485916137695,46.56479031717698,45.66122911156205,45.6701737753957,25833200
2016-06-13,44.856082916259766,45.37496226492491,43.88989860910307,44.355099724657045,83217800
2016-06-14,44.57875061035156,44.82029410974169,44.3461483634467,44.641373504666305,42577100
2016-06-15,44.45350646972656,44.8381919572774,44.45350646972656,44.5340221162533,33757600
2016-06-16,45.079734802246094,45.151305776076676,44.29247115356906,44.30141923164382,31188600
2016-06-17,44.84714126586914,45.115525624086615,44.5698088285188,45.097632878513146,45710500
2016-06-20,44.793460845947266,45.473371493831586,44.75767535654449,45.303392125514456,35607900
2016-06-21,45.79542922973633,46.01013874675338,44.873975088899655,44.90976057718449,34097800
2016-06-22,45.61651611328125,46.03698372533314,45.58073061911309,45.697031768813325,28816800
2016-06-23,46.43955993652344,46.57375382733638,45.759652641045804,45.87595037287846,29028800
2016-06-24,44.57875061035156,45.57177225421039,44.30141821217785,44.560857867305664,133503000
2016-06-27,43.3262939453125,43.97041916382574,42.97739392284864,43.9256855915571,50216300
2016-06-28,44.2298583984375,44.25669922612372,43.541002974497,43.76465719995719,38140700
2016-06-29,45.21392059326172,45.37495184291649,44.551902854381964,44.65031121947002,31304000
2016-06-30,45.777530670166016,45.89383178597124,45.17813917465365,45.374955922525324,28527800
2016-07-01,45.768585205078125,46.26957173058389,45.688069574419906,45.74174779908922,21400400
2016-07-05,45.777530670166016,45.875939044101855,45.39284866439471,45.47336429646116,24806400
2016-07-06,45.96541213989258,46.10855069138594,45.079740006301456,45.42864001227326,28167500
2016-07-07,45.96541213989258,46.17117359437103,45.68807970332132,46.001194218246724,19585200
2016-07-08,46.7884521484375,46.84213037834229,46.1174896317409,46.27852090876343,28391000
2016-07-11,47.04789352416992,47.26260303893253,46.9405404731346,46.967377882720434,22269200
2016-07-12,47.602561950683594,47.7725413369539,47.22682451034548,47.36101499074089,27317600
2016-07-13,47.87093734741211,48.18405523500382,47.57571561574819,47.91567091184794,25356800
2016-07-14,48.07670211791992,48.300356289004476,47.93356358493348,48.166162421277015,24545500
2016-07-15,48.04092788696289,48.30931227260551,47.60256410734894,48.26458211044718,32024400
2016-07-18,48.27351379394531,48.61346907775949,47.90672110259296,48.04091496566721,31433900
2016-07-19,47.49520492553711,48.21984574497301,47.35206637742915,48.049866372868934,53336500
2016-07-20,50.01800537109375,50.84999893908433,49.678050165980494,50.232714819768155,89893300
2016-07-21,49.91960144042969,50.30428681941051,49.88381596036375,50.0806326880352,32776700
2016-07-22,50.60846710205078,50.66214533331572,49.90171908084275,50.170106824475525,32157200
2016-07-25,50.751609802246094,50.7605578812035,50.3311388212452,50.51901093973653,25610600
2016-07-26,50.778465270996094,51.25261465627646,50.55481099521834,50.563759077357766,28079000
2016-07-27,50.26851272583008,50.8142294760285,50.19694516217841,50.6442535262503,32327500
2016-07-28,50.28641128540039,50.42954984194929,49.84805094902229,50.09854256980977,37550400
2016-07-29,50.706886291503906,50.778453869082256,50.14327668754404,50.33114541796645,30558700
2016-08-01,50.6174201965332,50.769503414484305,50.22378662029785,50.63530952936912,26003400
2016-08-02,50.6174201965332,50.90369729959949,50.37587325094122,50.85896372943292,35122000
2016-08-03,50.96632385253906,51.09156966751347,50.53690816718716,50.70688414283921,22075600
2016-08-04,51.3420524597168,51.458353587613225,50.697927336218925,50.81422846411536,26587700
2016-08-05,51.851993560791016,52.075647780855874,51.39574045344343,51.574664512033834,29335200
2016-08-08,51.94145202636719,51.96828943799038,51.690957004679234,51.94145202636719,19473500
2016-08-09,52.06669616699219,52.33508051272414,51.90566487701459,52.03985534353451,16920700
2016-08-10,51.90566635131836,52.174050704673384,51.72674231151761,52.030912155371226,15756900
2016-08-11,52.15616226196289,52.29035615605661,51.91461530020968,51.91461530020968,18162300
2016-08-12,51.83408737182617,52.057741533892084,51.54781031739714,51.91460300667757,21655200
2016-08-15,51.995113372802734,52.33506862024852,51.85197486009261,51.8967050054349,19283900
2016-08-16,51.70706558227539,51.86910053713394,51.55403447711038,51.86010012140291,20523500
2016-08-17,51.81508255004883,51.92310469065308,51.51801737093471,51.79707828762113,18856400
2016-08-18,51.8510856628418,51.94110697154601,51.55402392902241,51.68905074113602,14214300
2016-08-19,51.86910629272461,51.96812804656627,51.49102697874324,51.698070903156314,17271000
2016-08-22,51.91410827636719,51.98612533639056,51.54502942865348,51.85109506582795,15221900
2016-08-23,52.112152099609375,52.37320879296442,52.07614356936128,52.12115594915262,18732400
2016-08-24,52.16616439819336,52.24718187349881,51.95912050218219,52.03113412803013,18151500
2016-08-25,52.36419677734375,52.472222351241705,52.01312224708018,52.10314355866181,18552600
2016-08-26,52.23817825317383,52.84130911286269,51.93211261556211,52.46322641512472,20971200
2016-08-29,52.30119323730469,52.75128957646897,52.30119323730469,52.373210299873,16417200
2016-08-30,52.112152099609375,52.38220920854522,51.860099255797586,52.193169575686376,16930200
2016-08-31,51.725067138671875,52.03113276693465,51.5810364567813,51.89610593426604,20860300
2016-09-01,51.84209060668945,52.04913448716385,51.31997726413146,51.31997726413146,26075400
2016-09-02,51.91410827636719,52.38220886463182,51.68906011473779,51.91410827636719,18900500
2016-09-06,51.86009216308594,52.03112750742886,51.50001377777643,52.01312324476719,16278400
2016-09-07,51.90510177612305,52.0671367082182,51.68005364087555,51.73406642956128,17493400
2016-09-08,51.69806671142578,52.02213663082698,51.47301853783746,51.87810593708896,20146100
2016-09-09,50.59981918334961,51.77907258484585,50.59981918334961,51.12193247734334,35113900
2016-09-12,51.35598373413086,51.50001440321143,50.05970771240575,50.41078225366701,29303000
2016-09-13,50.88788986206055,50.99591545348242,50.45579779826048,50.86088518118632,30130200
2016-09-14,50.644832611083984,50.97790633531686,50.437788731512335,50.76185860700262,24062500
2016-09-15,51.48200988769531,51.626040556069086,50.39277774349604,50.5458122602468,26847000
2016-09-16,51.53602600097656,51.878100148169324,51.0859297040248,51.878100148169324,44607000
2016-09-19,51.24797058105469,51.98612831883016,51.1759535168997,51.554036235788125,20937100
2016-09-20,51.13994216918945,51.62604355698071,51.08592937767389,51.62604355698071,17384000
2016-09-21,51.995113372802734,52.076130829059004,51.3829856781529,51.770065264753285,33707300
2016-09-22,52.049137115478516,52.211172062112404,51.87810175357045,52.13915500406964,19822200
2016-09-23,51.69806671142578,52.13015879263984,51.65305776350064,52.094150260714684,19955300
2016-09-26,51.22096633911133,51.437010665507465,51.15795312441556,51.38300130088976,21688700
2016-09-27,52.16616439819336,52.265186138451405,51.02291932842194,51.24796748938571,28065100
2016-09-28,52.23817825317383,52.26518636770239,51.91410835053055,52.10315141638075,20536400
2016-09-29,51.671051025390625,52.36419623054059,51.50001225215253,52.040129814116476,25463500
2016-09-30,51.8510856628418,52.004120170658055,51.617037128134456,51.82408098721144,29910800
2016-10-03,51.689064025878906,51.80609004029065,51.36499753313997,51.68006360967617,19189500
2016-10-04,51.52702713012695,51.85109358911547,51.283974710413816,51.554031809885416,20085900
2016-10-05,51.8870964050293,52.17515773727674,51.54502228524972,51.57203039599676,16726400
2016-10-06,51.97711944580078,52.08514159049478,51.563028262210004,51.97711944580078,16212600
2016-10-07,52.03113555908203,52.19317051414951,51.68906138349931,52.076144505720215,20089000
2016-10-10,52.24717330932617,52.562239309445964,52.09413879929523,52.130147323298026,18196500
2016-10-11,51.48200988769531,52.22917134073313,51.21195281373974,52.11214534956631,26497400
2016-10-12,51.40999221801758,51.55402287503791,50.77085639211246,51.40999221801758,22177500
2016-10-13,51.238975524902344,51.58104977042149,50.698861186893765,51.04093543241291,25313700
2016-10-14,51.689064025878906,51.97712885380688,51.419006898281786,51.419006898281786,27402500
2016-10-17,51.5090217590332,51.72506606038414,51.19395228811657,51.63504817381496,23830000
2016-10-18,51.90510177612305,52.16615843716102,51.68005364087555,51.788075784284985,19149500
2016-10-19,51.78807830810547,52.06713924563834,51.6710557445265,51.734068950749695,22878400
2016-10-20,51.53602600097656,51.779078413405976,51.004912233214995,51.76107414945244,49455600
2016-10-21,53.70549392700195,54.41664695213928,53.552462823192954,54.263612414367806,80032200
2016-10-24,54.9117546081543,54.9117546081543,53.948548695482366,53.957549111523754,54067000
2016-10-25,54.90275192260742,55.24482266144206,54.73171311922762,54.776722065499285,35137200
2016-10-26,54.57868194580078,55.091791487363615,54.43465125753688,54.74071689934299,29911600
2016-10-27,54.10157012939453,54.75871370364674,54.09256971496295,54.56067024653172,28479900
2016-10-28,53.8945198059082,54.47964625881173,53.63346661109983,54.02054619663534,33574700
2016-10-31,53.93954086303711,54.389637179052954,53.93954086303711,54.155588605668164,26434700
2016-11-01,53.831520080566406,54.029563563528356,53.336414807123994,53.98455461757222,24533000
2016-11-02,53.498443603515625,53.94853987920803,53.381417610326224,53.849518149121764,22147000
2016-11-03,53.3004035949707,53.687486691849855,53.21038570758767,53.58846495535115,21600400
2016-11-04,52.85030746459961,53.3634169790938,52.67927210442232,52.79629810557641,28697000
2016-11-07,54.38963317871094,54.47965449567049,53.813510486018295,53.813510486018295,31664800
2016-11-08,54.43464660644531,54.71370410950907,54.14658525453049,54.50666022744293,22935400
2016-11-09,54.16459274291992,54.5426754600133,53.29140816494344,54.01156163326107,49632500
2016-11-10,52.84130096435547,54.45264637959386,51.87809525445586,54.44364253148532,57822400
2016-11-11,53.12936782836914,53.21938571506261,52.220171376538744,52.418214848019076,38767800
2016-11-14,52.31920623779297,53.18339396307862,51.56304412439497,53.129381157134794,41328400
2016-11-15,53.35234069824219,53.91423297562721,52.85389077108354,52.86295544561319,35904100
2016-11-16,54.05923843383789,54.06829965150554,53.29796823481689,53.41578135029883,27332500
2016-11-17,54.95643997192383,55.237386080663235,54.34923821526901,54.74799742305009,32132700
2016-11-18,54.693626403808594,55.40958358732116,54.648313401962575,55.08332444257313,27686300
2016-11-21,55.15583419799805,55.25552488753769,54.75707143983945,54.82957501665404,19652600
2016-11-22,55.39146423339844,55.518342036407745,55.1105215144952,55.26458643038912,23206700
2016-11-23,54.73894500732422,55.37333397234281,54.60300253929991,55.291769182960344,21848900
2016-11-25,54.856754302978516,54.856754302978516,54.4942468421069,54.64831173511626,8409600
2016-11-28,54.92925262451172,55.30082472429264,54.56674174109424,54.68455829677892,20732600
2016-11-29,55.3642692565918,55.65427661003792,54.84769344219337,54.965510009893464,22366700
2016-11-30,54.61206817626953,55.44584203044234,54.57581984473573,55.15583463520681,34655400
2016-12-01,53.65140151977539,54.51236219071621,53.415768431479336,54.476110414492254,34542100
2016-12-02,53.69672393798828,53.89610528506197,53.28890002677404,53.542659047729714,25515700
2016-12-05,54.5758171081543,54.91113749386384,53.97767645332831,54.10455425023675,23552700
2016-12-06,54.33112716674805,54.79332538708865,54.19518468344501,54.76613827329243,19907000
2016-12-07,55.6180305480957,55.62709522347609,54.195180743516886,54.385497440576565,30809000
2016-12-08,55.291770935058594,55.80835025562412,55.1377060264322,55.55459120441493,21220800
2016-12-09,56.16179275512695,56.17991864736198,55.400522567058026,55.44583556906537,27349400
2016-12-12,56.34305191040039,56.46086849629315,55.93523138344088,56.025857398951686,20198100
2016-12-13,57.07713317871094,57.475892473688006,56.40649238910582,56.642122095873916,35718900
2016-12-14,56.80524826049805,57.50307957752104,56.66930579279673,57.09525563157766,30352700
2016-12-15,56.714622497558594,57.231198345589924,56.46086345390139,56.82337439789136,27669900
2016-12-16,56.46086120605469,57.049940602295536,56.29773163346985,57.049940602295536,42453100
2016-12-19,57.65714645385742,57.79308892621052,56.569617046514644,56.69649830071919,34338200
2016-12-20,57.58464813232422,57.82027784029965,57.12244647764359,57.72058715175439,26028400
2016-12-21,57.58464813232422,57.72965182734621,57.204011272166014,57.48495744377895,17096300
2016-12-22,57.59370040893555,58.09215031711329,57.46682262763506,57.85652064572099,22176600
2016-12-23,57.31277084350586,57.584652359485204,56.91400806005252,57.503087558975295,12403800
2016-12-27,57.34902572631836,58.06498311731653,57.28558681391715,57.28558681391715,11763200
2016-12-28,57.08619689941406,57.45776907586153,56.94119320756044,57.45776907586153,14653300
2016-12-29,57.004634857177734,57.276516360376625,56.85056648249647,56.96838306817498,10250600
2016-12-30,56.31586456298828,57.08619952027023,56.21617387204443,57.05900895000134,25579900
2017-01-03,56.714622497558594,56.95025219113967,56.30679854986003,56.90493918743107,20694100
2017-01-04,56.46086120605469,56.86868513751678,56.29773163346985,56.623990778639524,21340000
2017-01-05,56.46086120605469,56.78712035122436,56.21616684717743,56.36117052756835,24876000
2017-01-06,56.950252532958984,57.2311986890955,56.22523409778802,56.46086379278336,19922900
2017-01-09,56.768985748291016,57.16774840104947,56.67835975838768,56.877737627607,20382700
2017-01-10,56.75087356567383,57.158697533058636,56.4427402855565,56.85056425294131,18593000
2017-01-11,57.2674446105957,57.30369639512046,56.57867799042756,56.74180756362852,21517300
2017-01-12,56.741817474365234,57.45777478655894,56.14367675387504,57.14964147859969,20968200
2017-01-13,56.8233757019043,56.97744060948122,56.5061777543437,56.750872128578216,19422300
2017-01-17,56.6693115234375,56.82337989955641,56.2161745281574,56.805254004885896,20664000
2017-01-18,56.642120361328125,56.82337583791651,56.29773530152626,56.79618526927381,19670100
2017-01-19,56.46086120605469,57.07712771200619,56.37023520224553,56.40648698663337,18451700
2017-01-20,56.8596305847168,56.93213070483003,56.52430672556546,56.796188226021556,30213500
2017-01-23,57.058998107910156,57.20400177886804,56.70555187602283,56.823368439038674,23097600
2017-01-24,57.56651306152344,57.76589440683024,57.04087259013651,57.276505717710045,24672900
2017-01-25,57.71153259277344,58.09216603969291,57.503089973199266,57.95622700457647,23672700
2017-01-26,58.2462158203125,58.490913625627584,57.59370101572667,58.11028027771587,43554600
2017-01-27,59.614688873291016,59.73250889130104,58.80810575234378,59.26124264790157,44818000
2017-01-30,59.02561569213867,59.62375977563205,58.72655056471301,59.533133769917576,31651400
2017-01-31,58.59062194824219,59.04375899824511,58.23717560238572,58.780938679524695,25270500
2017-02-01,57.62089538574219,58.56342105779097,57.521204705042344,58.32778791119851,39671500
2017-02-02,57.249332427978516,57.46683973005365,56.86869897079863,57.321836014390655,45827000
2017-02-03,57.71153259277344,57.729658488887864,57.15870486134746,57.54840298490475,30301800
2017-02-06,57.675270080566406,57.68433475551938,57.22213313341279,57.54839228850908,19796400
2017-02-07,57.48495864868164,57.80215315782799,57.30370316181479,57.76590482618331,20277200
2017-02-08,57.40339279174805,57.82934265944031,57.2946408845018,57.61183538778702,18096400
2017-02-09,58.055904388427734,58.40029289895678,57.38526363188775,57.56651910509012,22644400
2017-02-10,58.001529693603516,58.27341462977074,57.983403800714996,58.228098168969154,18170700
2017-02-13,58.654048919677734,58.78092671470685,58.11934371406539,58.21903439791987,22920100
2017-02-14,58.87287139892578,59.00963801785794,58.37139611492094,58.726992106640225,23108400
2017-02-15,58.83640670776367,58.87287827415405,58.499056892072765,58.8090547720309,17005200
2017-02-16,58.8272819519043,59.483756177257035,58.75434578171798,59.02787207145535,20546300
2017-02-17,58.91845703125,58.98228051989755,58.62669151796996,58.7816904252228,21248800
2017-02-21,58.7999382019043,59.219350802863936,58.763466633615586,58.90935290677044,20655900
2017-02-22,58.681396484375,58.70874841484848,58.39875059449752,58.65404455390153,19292700
2017-02-23,58.91845703125,59.018752078587376,58.526396470632584,58.736099237800886,20273100
2017-02-24,58.91845703125,59.082575567234926,58.48080528321067,58.83639428513826,21796800
2017-02-27,58.5628776550293,58.84552358603443,58.398759092068964,58.84552358603443,15871500
2017-02-28,58.33493423461914,58.535520891433144,58.134344099685165,58.42611314964366,23239800
2017-03-01,59.210227966308594,59.25581220166604,58.37139595210937,58.471691008630586,26937500
2017-03-02,58.36228942871094,59.03699600675525,58.24375857868479,58.98229213606623,24539600
2017-03-03,58.58110809326172,58.60846002684392,58.00669314119746,58.34404988660331,18135900
2017-03-06,58.59933090209961,58.86374447761723,58.179921902023416,58.32580465435742,18750300
2017-03-07,58.717864990234375,59.064334351945334,58.526394530638456,58.526394530638456,18521000
2017-03-08,59.25582504272461,59.337887814134135,58.58111838956495,58.590238021108384,21510900
2017-03-09,59.018760681152344,59.4472859066828,58.79081862329507,59.43817323286099,19846800
2017-03-10,59.20111083984375,59.50199602212925,59.036992281891614,59.365229397795886,19538200
2017-03-13,59.00051498413086,59.43816674821486,58.87286800215611,59.27404820621321,20100000
2017-03-14,58.726993560791016,58.85464055329127,58.48993187918796,58.83640129365445,14280200
2017-03-15,59.036991119384766,59.19199004433204,58.58110701807677,58.854640261357304,24833800
2017-03-16,58.93668746948242,59.04610214209328,58.6266896647758,59.03698251364946,20674300
2017-03-17,59.14641189575195,59.48376171344935,58.973173693427306,59.18288346235925,49219700
2017-03-20,59.20111083984375,59.42905289498619,59.00964034827284,59.182878536177725,14598100
2017-03-21,58.54463577270508,59.72081759520673,58.4716926466028,59.438171676859604,26640500
2017-03-22,59.29228973388672,59.39258480050673,58.462584221950074,58.462584221950074,20680000
2017-03-23,59.14641189575195,59.48376171344935,59.05522950111368,59.2102353982547,19269200
2017-03-24,59.246707916259766,59.675233179236734,59.04611777481854,59.59317737023269,22617100
2017-03-27,59.35609817504883,59.465512844393714,58.67227214317905,58.927566082079004,18614700
2017-03-28,59.52934646606445,59.69346501990963,58.94581537600146,59.22846129130842,20080400
2017-03-29,59.6934700012207,59.72082193643749,59.21934660333023,59.37435249662512,13618400
2017-03-30,59.91228485107422,60.15846614932521,59.59316738689609,59.647871250401195,15122800
2017-03-31,60.049049377441406,60.34993452873207,59.67522110652171,59.85757890559428,21040300
2017-04-03,59.766395568847656,60.1219845346473,59.43815853022679,60.00345024188886,20400900
2017-04-04,59.93053436279297,60.003470541198205,59.52023444759257,59.62052951866999,12997400
2017-04-05,59.7755241394043,60.49582189039264,59.66611640158916,60.45023765171623,21448600
2017-04-06,59.93053436279297,60.231412619785026,59.70259228420615,59.8120000299341,18103500
2017-04-07,59.88494110107422,60.14023510729615,59.66611866091827,60.03994003967469,14108500
2017-04-10,59.7481689453125,60.012582557673156,59.59317002103742,59.82111207070288,17952700
2017-04-11,59.70257568359375,59.82110302725528,59.12815735328125,59.81198339890032,18791500
2017-04-12,59.47462463378906,59.729918539041186,59.36520997886507,59.64785580878889,17108500
2017-04-13,59.21934509277344,60.04905753979767,59.21934509277344,59.529349915215796,17896500
2017-04-17,59.70257568359375,59.711688355710464,59.27404358200768,59.301395510834325,16689300
2017-04-18,59.62051773071289,59.912283255367576,59.41081495536921,59.56581386866477,15155600
2017-04-19,59.3014030456543,59.94875761634445,59.1646364279053,59.857582189924834,26992800
2017-04-20,59.7208137512207,59.9487557884391,59.39257666112709,59.684342190517086,22299500
2017-04-21,60.541412353515625,60.814938650986925,59.67522835425749,59.87581847948021,32522600
2017-04-24,61.571720123291016,61.69025446956508,61.17965942550036,61.52613587615874,29770000
2017-04-25,61.927303314208984,62.03671801807335,61.63553772681098,61.909071008351745,30242700
2017-04-26,61.84523010253906,62.28287488237892,61.65375964182933,62.07317212094184,26190800
2017-04-27,62.24641799926758,62.34671306750841,61.61730261040415,62.137010256633936,34971000
2017-04-28,62.41965866088867,63.039661399801936,61.71760011176526,62.82995858066025,39548800
2017-05-01,63.285823822021484,63.41347079278974,62.45611155578966,62.620230083382864,31954400
2017-05-02,63.185543060302734,63.55936442882864,63.030537169704424,63.55936442882864,23906100
2017-05-03,62.984947204589844,63.258473483372825,62.647590475561124,63.258473483372825,28928000
2017-05-04,62.73876953125,62.984950848259274,62.58377060201573,62.93935965437177,21749400
2017-05-05,62.91200256347656,62.93935449507115,62.446998857651785,62.82082713941497,19128800
2017-05-08,62.85727310180664,62.95756811430117,62.38314995978958,62.88462502226221,18566100
2017-05-09,62.948486328125,63.16730877954357,62.620249172877,62.784367750501005,22858400
2017-05-10,63.19465637207031,63.42259843886467,62.8390673043703,62.90289080482313,17977800
2017-05-11,62.41965866088867,62.66584000399967,62.10966076955218,62.32848321968619,28789400
2017-05-12,62.3466911315918,62.55640082492249,62.03669336154539,62.55640082492249,18714100
2017-05-15,62.39228820800781,62.437879393199104,61.60816712513739,62.12787463762237,31530300
2017-05-16,63.648582458496094,63.676091170165755,62.50233949818125,62.56652882411441,34956000
2017-05-17,61.878780364990234,63.36430669963737,61.83292785012098,63.17173873018724,30548800
2017-05-18,62.089691162109375,62.47482713834727,61.567004624040166,61.80542513147361,25201300
2017-05-19,62.07135772705078,62.447321820645605,61.83293720665372,61.89712653951686,26961100
2017-05-22,62.768272399902344,62.81412492456986,61.89713040012359,62.2547577049686,16237600
2017-05-23,62.97919845581055,63.04338780718783,62.70409723784243,63.015879084613935,15425800
2017-05-24,63.06172180175781,63.16259177742493,62.76828378057555,63.15342686772012,14593900
2017-05-25,63.841148376464844,64.07956186731742,63.190083235546005,63.24510065711021,21854100
2017-05-26,64.1529312133789,64.39135173052021,63.7494514145417,64.00621573860059,19827900
2017-05-30,64.56558227539062,64.56558227539062,63.97869939375994,63.99704320049561,17072800
2017-05-31,64.04290008544922,64.86819663214081,64.01539136657844,64.67562860393171,30436400
2017-06-01,64.28131103515625,64.74898017440348,63.685263229623516,64.40968970144175,21603600
2017-06-02,65.80354309082031,65.89524116363184,64.40970719807282,64.5931103398104,34770300
2017-06-05,66.28036499023438,66.83973222572398,65.84937643212469,65.99609891833786,33316800
2017-06-06,66.50044250488281,66.59214755790026,66.27119386456575,66.29870957813897,31511100
2017-06-07,66.38124084472656,66.72969628625376,65.977760967927,66.61048950270562,22301800
2017-06-08,65.97776794433594,66.5004546599519,65.5651231147866,66.4912897498656,24588300
2017-06-09,64.48304748535156,66.09695962723717,62.89664405675232,66.06027901081792,49187400
2017-06-12,63.98786926269531,64.13459172746619,62.47482707627854,63.50186334133811,47761700
2017-06-13,64.7856674194336,64.94155481642352,64.15293893079841,64.20795636594467,25258600
2017-06-14,64.43717193603516,65.19827871346335,63.66690025486184,65.02405459287972,25510700
2017-06-15,64.09789276123047,64.38215871020371,63.08920059109329,63.52018196672331,26068700
2017-06-16,64.18962097167969,64.21712968986083,63.47436631451627,63.94203551193599,48345100
2017-06-19,64.9874038696289,65.05159320590647,64.51056280347018,64.64811338009723,23798300
2017-06-20,64.1070556640625,64.98736908877905,64.070375063519,64.94151658907236,21512200
2017-06-21,64.43717193603516,64.7581254659671,64.13456920192263,64.38215452912556,19891100
2017-06-22,64.42803192138672,64.73063477239731,63.92368217618169,64.68478924763203,22965700
2017-06-23,65.2991714477539,65.33585206388463,64.11624781295853,64.27213518443,27617300
2017-06-26,64.67562103271484,65.75767482368185,64.59309488576338,65.47340876714306,19607000
2017-06-27,63.465179443359375,64.35466510072897,63.43767073166536,64.290475774739,25215100
2017-06-28,64.00619506835938,64.04286867812617,63.08002900926779,63.46516487681114,25806200
2017-06-29,62.80493927001953,63.72193359370081,62.43814014132472,63.621063658406946,28918700
2017-06-30,63.208431243896484,63.62107597096743,63.034200049922475,63.07088066950189,24161100
2017-07-03,62.51153564453125,63.82283852629381,62.37398502133078,63.57525300142522,16165500
2017-07-05,63.345977783203125,63.67609634227673,62.557362002762005,62.59404262000489,21176300
2017-07-06,62.87831115722656,63.07087915831992,62.46566644004261,62.60321001502882,21117600
2017-07-07,63.69442367553711,64.04287899332815,62.99750604384371,62.99750604384371,16878300
2017-07-10,64.17125701904297,64.41884237407821,63.455995668263434,63.69441611852328,15014500
2017-07-11,64.18045043945312,64.81317895560443,63.96037369318409,64.18962234441415,17460000
2017-07-12,65.24415588378906,65.36336264253217,64.693960618349,64.8223392804146,17750900
2017-07-13,65.81267547607422,66.0602678460307,65.39085895271208,65.5650901022288,20269800
2017-07-14,66.7388687133789,67.18819412761968,65.98693338917207,66.24369076873822,25868100
2017-07-17,67.26152038574219,67.35321840272323,66.68381658226242,66.75717779429135,21803900
2017-07-18,67.2156982421875,67.29822438732677,66.62882233415489,67.02312324463719,26435300
2017-07-19,67.72923278808594,67.89429212291444,67.35326158248752,67.39911411842895,22416200
2017-07-20,68.059326171875,68.13268740367972,67.19734918844993,68.02264555597264,42361000
2017-07-21,67.66500091552734,68.12349800236834,67.09646200924479,67.3532192584981,46717100
2017-07-24,67.49079132080078,67.628341889969,67.05980280225958,67.42660198800395,21394800
2017-07-25,68.0318374633789,68.14187234732903,67.39910889620897,67.67421009831264,22018700
2017-07-26,67.9034194946289,68.20602224658913,67.68333586179038,68.16934164111603,16252200
2017-07-27,67.08734130859375,68.24274969153284,66.31706205718608,67.63753677610498,36844200
2017-07-28,66.97727966308594,67.22486510180556,66.51878240936502,66.63798917673182,18306700
2017-07-31,66.6655044555664,67.34408549507862,66.39958217880847,67.21570681108734,23600100
2017-08-01,66.55546569824219,67.32573775724904,66.47293255128393,67.03229978294455,22132300
2017-08-02,66.26200103759766,66.53709509240316,65.51006609401938,66.52793018785356,26499200
2017-08-03,66.16114807128906,66.4270772896846,65.88604694988344,66.19782868721728,18214400
2017-08-04,66.64716339111328,66.97728198492528,66.24368355509569,66.39040603950686,22579000
2017-08-07,66.390380859375,66.8488779550943,66.26200223226243,66.75717993517253,18705700
2017-08-08,66.74800109863281,67.05977573319272,65.79432639909876,66.10610103365869,22044600
2017-08-09,66.45459747314453,66.4912780954041,66.0694614335891,66.25285754877359,22213400
2017-08-10,65.48255157470703,66.19780584825664,65.42752717174264,65.93187672160953,24734500
2017-08-11,66.48208618164062,66.66548224162824,65.36335202582694,65.66596182130662,21443700
2017-08-14,67.48162078857422,67.6008345491285,66.89474487790186,66.99561483093424,20096600
2017-08-15,67.50003814697266,67.8411291618317,67.33409950639262,67.8411291618317,19181400
2017-08-16,67.89646911621094,68.31131233774134,67.45396358430993,67.61068150947592,18150400
2017-08-17,66.74411010742188,68.09927476577597,66.74411010742188,67.83192873498491,22977500
2017-08-18,66.82707977294922,67.14973636889032,66.31082921944348,66.6242650459616,18761500
2017-08-21,66.51363372802734,66.81785577177153,66.09878356836201,66.80863500376515,17734800
2017-08-22,67.44477844238281,67.5185235344766,66.69805048029355,66.69805048029355,14343700
2017-08-23,67.03913116455078,67.43553994309285,66.8639716709149,67.26038044945697,13766500
2017-08-24,67.01146697998047,67.16818490957634,66.43989878374097,67.0575567651273,17098300
2017-08-25,67.13127899169922,67.61987410385723,66.81784327196914,67.1681550234411,12794300
2017-08-28,67.14053344726562,67.38021722377873,66.88240812893618,67.35256194444163,14569700
2017-08-29,67.34332275390625,67.44473009540606,66.4214429463696,66.60581609452302,11478400
2017-08-30,68.22833251953125,68.41270568388332,67.14051396972918,67.3064526310002,16897800
2017-08-31,68.92898559570312,69.10414509998076,68.0347676301412,68.24679615631987,27652800
2017-09-01,68.1637954711914,68.90129509990825,67.8872287145571,68.87363983092179,21736200
2017-09-05,67.85958862304688,68.11771390249932,67.27880674427888,67.61067707972748,21556000
2017-09-06,67.66600799560547,68.25601076014036,67.61991117231241,67.97944388715749,16535800
2017-09-07,68.53253173828125,68.77222242339033,67.85034274738408,67.92409480947667,17471200
2017-09-08,68.20069122314453,68.62475521475704,68.07162154158812,68.52334784356853,14703800
2017-09-11,68.91973114013672,69.08566977421074,68.50488103825954,68.50488103825954,17910400
2017-09-12,68.84600830078125,69.3622589222303,68.56022771153441,68.91976039909889,14394900
2017-09-13,69.3346176147461,69.35305915973511,68.72618026449248,69.07649225200889,13380800
2017-09-14,68.92898559570312,69.59274052413586,68.69851552518556,69.14102115527017,15733900
2017-09-15,69.4267807006836,69.50053278885709,68.28365146753944,68.98428223841513,38578400
2017-09-18,69.28851318359375,70.0352338299845,69.17788503719295,69.35304451064744,23307000
2017-09-19,69.54664611816406,69.79555068312635,69.15023734182567,69.3346105726579,16093300
2017-09-20,69.08568572998047,69.64803306236539,68.50489685989245,69.46365285226369,21587900
2017-09-21,68.41271209716797,69.36224734602658,68.32052550635,69.24240548130182,19186100
2017-09-22,68.59710693359375,68.68929354406121,68.08084925487843,68.20991191621037,14111400
2017-09-25,67.53694152832031,68.44960090436336,67.22349862102645,68.30209670483981,24149200
2017-09-26,67.53694152832031,68.04397138906096,67.28802994997116,67.91490873117154,18019600
2017-09-27,68.0808334350586,68.37583474003806,67.45395478280399,67.80427366791992,19565100
2017-09-28,68.09928894042969,68.19147554838388,67.58303127578897,67.79506680413223,10883800
2017-09-29,68.67081451416016,68.71691131092317,68.10846735389327,68.16378491668563,17079100
2017-10-02,68.7814712524414,69.15022467997261,68.49569068696337,68.87365785097755,15304800
2017-10-03,68.45880126953125,69.0303622888503,68.39426995982151,68.83676835972108,12190400
2017-10-04,68.85521697998047,68.88287225364633,67.95177151770848,68.30208337311934,13317700
2017-10-05,70.03522491455078,70.17350832160162,69.10412414268716,69.34381491268284,21195300
2017-10-06,70.0628662109375,70.09052148015287,69.6388023384038,69.7586441827987,13959800
2017-10-09,70.33024597167969,70.56993680894286,69.93383717802406,70.03524456942817,11386500
2017-10-10,70.33024597167969,70.64368188446457,70.19196252582061,70.36712202613465,13944500
2017-10-11,70.4500732421875,70.48694928898387,70.01678848406371,70.39476268868634,15388900
2017-10-12,71.09539031982422,71.25210823663417,70.4039802985476,70.51460140058452,16876500
2017-10-13,71.43648529052734,71.78680422161169,71.25211208824167,71.52867189167019,15335700
2017-10-16,71.583984375,71.73148151963437,71.30741755790437,71.37194887744184,12380100
2017-10-17,71.52867126464844,71.55633357479695,71.21523541683301,71.41805015760147,16824000
2017-10-18,71.54710388183594,71.7683531017238,71.32585466194807,71.60241442846143,13300700
2017-10-19,71.82368469238281,71.84211920039203,71.30742703409021,71.51024178912796,15092800
2017-10-20,72.65333557128906,72.80083969660292,72.1094299343078,72.20161649593705,22866400
2017-10-23,72.67181396484375,73.1419677776434,72.60728263563277,72.81931113158852,20627200
2017-10-24,72.699462890625,73.01289873843278,72.3307094559083,72.73633893743533,17517200
2017-10-25,72.48744201660156,72.92072686237928,71.9158807590975,72.44135222382218,20410800
2017-10-26,72.6072769165039,73.21571411065524,72.5980561463751,73.01289936814251,32120700
2017-10-27,77.26277160644531,79.4660645590892,77.07839839341403,77.77902926302994,71066700
2017-10-30,77.33650970458984,77.74213913989124,76.61744445719988,77.16135026054862,31756700
2017-10-31,76.68197631835938,77.7697949661734,76.61744500168338,77.7697949661734,27086600
2017-11-01,76.68197631835938,77.21666838989539,76.40540951352736,77.14291630415538,22307400
2017-11-02,77.4840316772461,77.86199889239134,76.62668283144397,76.83871133342147,23992900
2017-11-03,77.5669937133789,77.93574717271169,76.88480438531496,77.51168315616452,17633500
2017-11-06,77.87120819091797,78.08323666165778,77.51167553758825,77.62229664114413,19860900
2017-11-07,77.68685150146484,78.26764060465605,77.37341556857135,78.14779166164139,17939700
2017-11-08,77.95417785644531,78.00027467412075,77.28120933206009,77.56698990816447,18034200
2017-11-09,77.52088165283203,77.68682032523887,76.42384929456236,77.53932319053605,21178400
2017-11-10,77.31808471679688,77.53011319615794,76.72808202922032,77.2443326225031,19397800
2017-11-13,77.37338256835938,77.38260333697902,76.94009787724976,77.1244780827143,14196900
2017-11-14,77.4840316772461,77.53012146605583,76.49762016935657,76.97699476662586,18801300
2017-11-15,76.88176727294922,77.53958821978186,76.61307864925018,77.33575498327177,19383100
2017-11-16,77.08561706542969,77.28945036440923,76.84472959273496,76.99296749372331,20962800
2017-11-17,76.34441375732422,77.0115019864655,76.19616878697761,77.0115019864655,22079000
2017-11-20,76.46485137939453,76.52043970447455,76.20542977074284,76.34440765215157,16315000
2017-11-21,77.5674057006836,77.67858235860608,76.659422938298,76.659422938298,21237500
2017-11-22,77.0022201538086,77.73416365004736,76.93736475888657,77.66930825512534,20553100
2017-11-24,77.14120483398438,77.29870979717853,76.69647703758547,76.90957739327231,7425600
2017-11-27,77.70638275146484,77.80829939926443,77.1782724259166,77.18753243483722,18265200
2017-11-28,78.64214324951172,78.8089152834731,77.84534431710821,77.8916726310396,21926000
2017-11-29,77.21533203125,78.6792193765318,77.06709412229124,78.4846531448743,27381100
2017-11-30,77.98433685302734,78.30861390539367,77.21533193690891,77.37284399266649,33054600
2017-12-01,78.06770324707031,78.57727930132775,77.10413238555049,77.4562034995124,29532100
2017-12-04,75.12141418457031,78.22522051423101,74.76933594641982,78.21595343725112,39094900
2017-12-05,75.59393310546875,76.60383248880018,75.02876861635286,75.36230564959655,26152300
2017-12-06,76.69647979736328,77.03002388948728,75.44569298625264,75.55687670653023,26162100
2017-12-07,76.42778015136719,76.7150029537302,75.97379239555872,76.47410846201831,23184500
2017-12-08,77.97505950927734,78.36419188561115,77.20605476411195,77.48400343204696,24489100
2017-12-11,78.9664535522461,79.09616439191035,77.93802684582897,78.09553185560549,22857900
2017-12-12,79.29072570800781,79.7261865291792,78.827470718457,79.04056405517268,23924100
2017-12-13,79.07759857177734,79.67983126836117,78.91082654916502,79.43893677598608,22062700
2017-12-14,78.46613311767578,79.55941518587362,78.31788812666782,79.15174852931199,19306000
2017-12-15,80.46737670898438,80.68973708725254,78.64215122679036,78.994229483483,53936700
2017-12-18,80.03192901611328,81.06962273181618,79.8929581749697,80.71755148640221,22283800
2017-12-19,79.52235412597656,80.00413621047005,79.00350372493328,80.00413621047005,23524800
2017-12-20,79.235107421875,79.95779093460202,78.48463681750277,79.86513430848011,23674900
2017-12-21,79.21659088134766,79.77249536852757,79.12394131160251,79.72617411800954,17990700
2017-12-22,79.22587585449219,79.33705253581535,78.67923125271423,79.12395918413885,14145800
2017-12-26,79.1239242553711,79.2443679632056,78.78111314563166,79.04053471247987,9891200
2017-12-27,79.41116333007812,79.66132496360099,78.95717545460467,79.35557499761066,14678000
2017-12-28,79.42041015625,79.61497633898153,79.26290520861606,79.5871821798353,10594300
2017-12-29,79.25362396240234,79.72614578952678,79.21656273393116,79.3370064249326,18717400
2018-01-02,79.63350677490234,79.96705083611579,79.21658023273959,79.80027880550907,22483800
2018-01-03,80.00410461425781,80.15234954706925,79.65203350189186,79.7354159750677,26061400
2018-01-04,80.70825958251953,81.2178427390047,80.20794350216354,80.22647058571393,21912000
2018-01-05,81.70889282226562,81.91272608755148,81.00474347001669,81.21784381155409,23407100
2018-01-08,81.79226684570312,82.07022255484678,81.16224003119052,81.71814438077051,22113000
2018-01-09,81.73670196533203,82.20922397886574,81.40315784621522,82.13510149268215,19484300
2018-01-10,81.36610412597656,81.70891535473889,80.98623871940586,81.40316537249493,18652200
2018-01-11,81.60697937011719,81.65330061576414,80.82870751494009,81.65330061576414,17808900
2018-01-12,83.0152587890625,83.18203079989678,81.94977133477165,82.15360457786993,24271500
2018-01-16,81.85713958740234,84.11782576611573,81.54212964772395,83.47853174079229,36599700
2018-01-17,83.51560974121094,83.64532057401608,82.22776142356682,82.53351141605476,25621200
2018-01-18,83.47852325439453,84.00663350506284,83.07086378970672,83.20057458329485,24159700
2018-01-19,83.3858871459961,83.95105872437125,83.0708771875361,83.51559796050424,36875000
2018-01-22,84.8775634765625,84.8868305538155,83.1449876031111,83.38588213072724,23601600
2018-01-23,85.14624786376953,85.51685317936118,84.8127037866079,85.14624786376953,23412800
2018-01-24,85.07213592529297,86.56381738051904,84.84977553587628,85.74849124018496,33277500
2018-01-25,85.5446548461914,86.38777512114207,85.17404949808503,85.67436565772228,26383200
2018-01-26,87.14752197265625,87.14752197265625,85.77629123129032,86.27660744299187,29172200
2018-01-29,87.01778411865234,88.43534274380443,86.8324850172275,88.14812701598365,31569900
2018-01-30,85.92453002929688,86.77692454803194,85.33156423200023,86.44338040346385,38635100
2018-01-31,88.02770233154297,88.38904060550944,86.63793756437681,86.86029794788483,48756300
2018-02-01,87.33280944824219,89.00978980368495,86.70278254679108,87.82385847594365,47227900
2018-02-02,85.0350570678711,87.06411552353283,84.77563548917071,86.75836563347545,47867800
2018-02-05,81.53286743164062,86.38777710401337,81.53286743164062,83.90473040402867,51031500
2018-02-06,84.6181411743164,84.7571190571447,78.98495993085177,80.50443542736794,67998600
2018-02-07,83.02454376220703,85.02580125492946,82.6446713511412,83.83986984165561,41107600
2018-02-08,78.76258850097656,83.27468603982992,78.53096108502038,83.11718109346958,55628700
2018-02-09,81.69962310791016,82.3945053614696,77.66930745100697,79.9577874703893,63499100
2018-02-12,82.579833984375,83.18206689978791,81.4680248087745,82.21849564886932,35720300
2018-02-13,83.2283935546875,83.38589855546849,81.34757941826334,82.39453315539077,26407700
2018-02-14,84.53160095214844,84.6991564457885,82.29753717283485,82.39062197998699,34960900
2018-02-15,86.25370788574219,86.309557353563,84.35474785875813,84.90395323077222,27823900
2018-02-16,85.63931274414062,87.03560588670814,85.4531431658973,86.0581978461452,30596900
2018-02-20,86.30952453613281,86.62601420266675,84.71775139123447,85.15525766125414,30911700
2018-02-21,85.16456604003906,86.90528061130267,85.16456604003906,86.55155559283742,26922500
2018-02-22,85.38798522949219,86.31884734771577,85.04356368906029,85.68586082324715,24392800
2018-02-23,87.55691528320312,87.56622589576227,85.97445204014146,87.12871943039723,26329200
2018-02-26,88.82286834716797,88.85079307652443,87.73376129077651,87.87339203947373,30199800
2018-02-27,87.68717956542969,89.21379236400878,87.68717956542969,89.12070760349287,25869100
2018-02-28,87.28694152832031,89.09281638947023,87.1566213942079,88.28296375441631,31167300
2018-03-01,86.43053436279297,88.03161812211539,85.49036176423022,87.49171646338324,37135600
2018-03-02,86.61671447753906,86.70979925988259,84.57812436522187,85.24834616115703,32830400
2018-03-05,87.1659164428711,87.75235694168147,85.88132944941881,85.9557930113931,23901600
2018-03-06,86.86803436279297,87.95714110814997,86.5143093887721,87.81751039932944,22175800
2018-03-07,87.37071990966797,87.44519058437378,86.03958678243812,86.7191192607783,26716100
2018-03-08,87.90129852294922,88.52497435550201,87.28692619697416,87.75235719474432,25887800
2018-03-09,89.86540985107422,89.86540985107422,88.43188165413555,88.70183246088823,36937300
2018-03-12,90.07951354980469,90.48909510666672,89.3999882598256,89.82818393203887,26073700
2018-03-13,87.88269805908203,90.51703251820958,87.4731164448099,90.2936275931132,35387800
2018-03-14,87.36139678955078,88.81354633070589,87.0355965117611,88.5435954999906,32132000
2018-03-15,87.66858673095703,88.04093296529976,86.41192440422479,87.0635249878893,27611000
2018-03-16,88.05953979492188,88.785610985761,87.42655337948798,88.13401045601131,49081300
2018-03-19,86.46776580810547,87.40793836440967,85.7416946247487,87.2589970437657,33344100
2018-03-20,86.69117736816406,87.28692849282646,86.57016786224982,86.61671380401647,23075200
2018-03-21,86.08612823486328,87.5475814155654,85.83479149633266,86.50501332986225,24457100
2018-03-22,83.58210754394531,85.40659638005243,83.4610980294692,84.95977945398488,38604700
2018-03-23,81.15254974365234,84.20577597861721,81.05946496369141,83.312149307548,44068900
2018-03-26,87.2962417602539,87.5010325472025,84.14993059343709,84.34541077136608,56396800
2018-03-27,83.28423309326172,88.56221948756097,82.39060633088678,88.37604990861735,56569000
2018-03-28,83.20976257324219,84.92255253069857,82.72571740595417,83.61003356042649,52501100
2018-03-29,84.95977783203125,85.90926111858057,82.2882082417656,83.94514158670441,45867500
2018-04-02,82.3999252319336,84.59676076305557,81.45975945014396,84.21511092434946,48515400
2018-04-03,83.50764465332031,83.82414148500607,81.81347578323236,83.3866351275693,37213800
2018-04-04,85.94648742675781,86.3467583580843,81.66452378353628,81.77622267475367,35560000
2018-04-05,85.99305725097656,86.63535451457565,85.08081616838808,86.0489138186259,29771900
2018-04-06,83.99168395996094,86.06750230653236,83.29353743855631,85.16456500254286,38026000
2018-04-09,84.49432373046875,86.7283935044123,84.35470013990081,84.74566039731512,31533900
2018-04-10,86.45846557617188,86.83081182055493,85.30419861030695,86.00234515530745,26812000
2018-04-11,85.50899505615234,86.84012817408303,85.15527000664252,85.64862579477166,24872100
2018-04-12,87.1100845336914,87.64998630270486,86.03959160600328,86.03959160600328,26758900
2018-04-13,86.64463806152344,87.66858485765094,86.04888694007059,87.54757535238862,23346100
2018-04-16,87.6592788696289,88.11540639440446,86.9611323215715,87.56619408360405,20288100
2018-04-17,89.42790222167969,89.86540844987398,88.32017429088246,88.43188027528717,26771000
2018-04-18,89.77234649658203,90.03298675785672,88.91594793564661,89.5675556907478,21043300
2018-04-19,89.46515655517578,90.35878331451138,88.74838876466083,89.77234275111076,23552500
2018-04-20,88.431884765625,89.4651420926185,87.54756875873396,89.27897254440346,31154400
2018-04-23,88.7576904296875,89.63270298377925,88.08746865224815,89.12072604214823,22331800
2018-04-24,86.68189239501953,89.80027940846819,86.02098107172084,89.58617797324305,34524800
2018-04-25,85.9278793334961,86.84943793826262,84.03823038140025,86.84943793826262,33729300
2018-04-26,87.74304962158203,88.57151619106331,86.66324634788194,87.08213848760894,42529000
2018-04-27,89.19519805908203,91.13139275617091,87.41725530211431,90.85213131069928,48272800
2018-04-30,87.05420684814453,89.73509382196389,86.70979247025082,89.66993376923428,41523600
2018-05-01,88.431884765625,88.70183558187594,86.37468071962266,86.76564103202209,31408900
2018-05-02,87.04491424560547,88.5901415904322,86.74703866696936,88.42258613357976,27471000
2018-05-03,87.56619262695312,88.36673455689517,86.05819355154544,86.53293518486313,31142500
2018-05-04,88.58084106445312,88.77632125370789,86.4957048419072,86.86805110321284,22531300
2018-05-07,89.56755065917969,90.02367109078725,88.52498257073404,88.59014263239227,24242000
2018-05-08,89.18589782714844,89.51170525207748,88.48775123415376,89.22313316433788,23484600
2018-05-09,90.23777770996094,90.26570243772643,88.4784488415906,89.37207563965852,27327400
2018-05-10,91.14069366455078,91.17792189153204,90.3401518481101,90.72180154092699,22388100
2018-05-11,90.94523620605469,91.1034881811761,90.33087083281819,91.03832810974322,16778300
2018-05-14,91.25238800048828,91.86676024374559,90.5821663176303,91.14999262661206,19454100
2018-05-15,90.59146881103516,91.08482442175361,89.67922113509233,90.51699816362925,24594000
2018-05-16,90.82520294189453,91.05892708372508,90.3297089024449,91.02153036510883,17384700
2018-05-17,89.91837310791016,91.18983330670989,89.59116065954915,90.46061495530637,17246700
2018-05-18,90.08662414550781,90.61951484647744,89.75941180854296,89.75941180854296,17865800
2018-05-21,91.24591827392578,91.62922935209923,90.49800517894936,90.68498166951949,19422500
2018-05-22,91.15245819091797,91.77883747381827,90.87198623571282,91.32073993750143,15441200
2018-05-23,92.2369155883789,92.30235807472653,90.04925351260863,90.41386266978766,21251200
2018-05-24,91.90970611572266,92.49869569021894,90.50736085484097,92.30236820961913,26649300
2018-05-25,91.95642852783203,92.53606697739839,91.48898023606091,91.90033701528186,18363900
2018-05-29,91.6292495727539,92.44260533219004,90.9000311128329,91.47031167472953,28671000
2018-05-30,92.50801849365234,92.78849033514902,91.5357322772397,91.90968522230831,22158500
2018-05-31,92.40518188476562,93.48031446372,92.190159648592,92.82588965880626,34140900
2018-06-01,94.22821807861328,94.29366054760246,92.71368319711426,92.81652238162499,28655600
2018-06-04,95.05094909667969,95.22858175834592,94.28433406121452,94.66764514529511,27281600
2018-06-05,95.53710174560547,95.66798672078525,94.92006646316118,95.35946907956311,23514400
2018-06-06,95.81756591796875,95.92040513109262,95.26598025911902,95.80822208600924,21122900
2018-06-07,94.31236267089844,96.00453029950108,93.8449143895807,95.9671335810723,28232200
2018-06-08,95.01353454589844,95.31270115891175,93.99450072218562,94.5086895490582,22165100
2018-06-11,94.4713363647461,94.97617442341323,94.11607097117616,94.43393963212307,23490900
2018-06-12,94.71439361572266,94.84527859861346,94.19085368415948,94.51806614138647,18325200
2018-06-13,94.28434753417969,95.36883132271744,94.01322658704525,95.097710375583,29492900
2018-06-14,94.81721496582031,95.3875024835211,94.42456009114953,95.03224433015637,25691800
2018-06-15,93.61121368408203,94.92007062597732,93.55512215874394,94.90137582843012,65738600
2018-06-18,94.293701171875,94.52742539505877,92.94744736387338,93.49904023958963,23586000
2018-06-19,94.293701171875,94.42458616624214,93.02224082713953,93.16247678758923,28653100
2018-06-20,95.2379379272461,95.8456151305192,94.53676533944196,94.77048953537667,26180800
2018-06-21,94.55545806884766,95.78952151108669,94.3123829132365,95.43426330880597,23198200
2018-06-22,93.87300872802734,94.20956507710514,93.14378309571481,93.87300872802734,38923100
2018-06-25,91.9844741821289,93.59249744527004,90.96544033089113,93.48965825057881,35433300
2018-06-26,92.62958526611328,93.56448215301545,92.32106758158824,92.38651007836351,26897200
2018-06-27,91.1898422241211,93.50838248440503,91.05895723197752,93.09703270882395,31298400
2018-06-28,92.20887756347656,92.65763120843333,90.9280733909009,91.04025645261719,26650700
2018-06-29,92.190185546875,93.40555439193386,91.92841555137245,92.48935227497753,28053200
2018-07-02,93.49903106689453,93.54577162732747,91.61988649969473,91.71337475325716,19564500
2018-07-03,92.60153198242188,94.07866352294914,92.49869276259638,93.93843470745675,14670300
2018-07-05,93.26530456542969,93.41488434089955,92.5828267791399,93.02222940600775,18977400
2018-07-06,94.57415771484375,94.82657669645164,93.18115643563102,93.38683485982061,19234600
2018-07-09,95.21923828125,95.59319843025486,94.658301624091,95.03226177309585,18212000
2018-07-10,95.47166442871094,95.83627361255827,95.22858926191387,95.35947424418231,19293100
2018-07-11,95.3407974243164,95.67735377597165,94.51808351469843,94.56483121690779,19644600
2018-07-12,97.40687561035156,97.6125539963484,96.04192747828455,96.07931706419782,24335900
2018-07-13,98.56615447998047,98.72508519925464,97.31338925508337,97.57516630957045,24635200
2018-07-16,98.08002471923828,98.93077708095339,97.7154084125645,98.53812214477719,21786900
2018-07-17,99.05232238769531,99.56651852895187,97.52844302868516,97.7995639820116,25901700
2018-07-18,98.27635955810547,99.14581391496026,97.9023993911158,99.04297469072067,29493900
2018-07-19,97.60319519042969,98.45394728914079,97.12639598235975,98.098689189954,40171600
2018-07-20,99.35148620605469,101.15583743174811,99.173860652831,101.04365437343778,56004000
2018-07-23,100.94082641601562,101.09975718816105,99.22061229203081,99.37955019687404,29707000
2018-07-24,100.65099334716797,101.73546993085783,100.2770331990107,101.5017457298466,26316600
2018-07-25,103.6146011352539,103.91376778864038,100.59488170942214,100.93144508606889,30702100
2018-07-26,102.48338317871094,103.77353811178963,102.37119300217086,103.5304629623008,31372100
2018-07-27,100.669677734375,103.0069195027876,99.22993594910935,103.0069195027876,37005300
2018-07-30,98.51007080078125,100.52944402433417,97.93978322606443,100.21158256049647,34668300
2018-07-31,99.17384338378906,99.77217669958029,98.51941141591408,99.55714732076669,27655200
2018-08-01,99.36083984375,99.51977060242815,98.55682795165245,99.12711562238903,23628700
2018-08-02,100.56686401367188,101.05300728632396,98.01459221732996,98.53813935637562,26104300
2018-08-03,101.0062484741211,101.01559943903044,99.86567326685672,100.78187524517122,18659600
2018-08-06,101.09038543701172,101.36150635694514,100.55749456202432,101.08104160482858,20265900
2018-08-07,101.79154205322266,101.99722045213774,101.12776630480272,101.49237541826302,16080200
2018-08-08,102.36185455322266,102.60492973243186,101.67938384407348,102.21227476557642,15487500
2018-08-09,102.53011322021484,102.98821771124659,102.46467074045249,102.56750994189265,13677200
2018-08-10,101.90376281738281,102.54884396538719,101.32412416753124,102.29641780629967,18183700
2018-08-13,101.16517639160156,102.44598750598625,101.062337178557,102.12811890220412,18472500
2018-08-14,102.42729187011719,102.60492454587136,101.00625186217363,101.4923950633211,16788300
2018-08-15,101.038330078125,102.28652242977198,100.24999090641306,101.81727513903607,29982800
2018-08-16,101.0195541381836,102.16451865009645,100.70046942379228,101.63896398632475,21384300
2018-08-17,100.96324157714844,101.26355953534934,100.12798203214766,100.75677163835815,18061500
2018-08-20,100.29690551757812,101.26355366575235,99.93089325099068,100.89754139916492,17914200
2018-08-21,99.4616470336914,100.7473798744865,99.33963817015699,100.34382696617293,22881900
2018-08-22,100.47522735595703,100.73800469250466,99.27395544022758,99.3396497743645,18000600
2018-08-23,100.94446563720703,101.52633480202577,100.29690930425876,100.55968661735601,18167700
2018-08-24,101.73280334472656,101.88295873866565,100.94446425607619,101.04769922197261,17234000
2018-08-27,102.8590087890625,102.8965494330322,101.83605309143437,102.5493038464217,19662300
2018-08-28,103.47840881347656,103.70364549568541,103.03731523904818,103.17809085048309,19151500
2018-08-29,105.13015747070312,105.13954442114469,103.48779199054742,103.65672129776925,20818000
2018-08-30,105.06444549560547,105.68385523812337,104.58581850563516,104.80166820852905,22798700
2018-08-31,105.42108917236328,105.84340883438269,104.66090375652558,104.82045326364265,23222700
2018-09-04,104.83922576904297,105.07384940754503,103.44087088841135,104.03211987978426,22634600
2018-09-05,101.81725311279297,104.56704192804622,101.45124087801045,104.18226295615808,32872400
2018-09-06,102.05189514160156,102.28651877859448,100.89755085727766,101.59203481793608,23477600
2018-09-07,101.55448150634766,102.03311567093704,100.6347609737657,101.57325540464606,22498600
2018-09-10,102.65252685546875,102.89653743274131,101.6952656063916,102.14573896120031,20727900
2018-09-11,104.39813995361328,104.72661163993598,102.19267901956577,102.20206597064521,24301800
2018-09-12,104.83922576904297,104.9706144337925,103.71303516829117,104.5764484395439,18891100
2018-09-13,105.96540832519531,106.73497346265303,105.22399687469488,105.22399687469488,26055600
2018-09-14,106.39710998535156,106.7349685335249,105.52430992926105,106.38772303675123,19122300
2018-09-17,105.2427978515625,106.70684733079915,104.98002047427865,106.69746753885796,20736500
2018-09-18,106.24695587158203,106.70681614744198,104.84860114531311,105.28969468262844,22170900
2018-09-19,104.829833984375,106.35019766940819,104.21043133056918,106.0968073019751,21728400
2018-09-20,106.58482360839844,106.80068050101075,105.04569315023814,105.37416480408727,23714500
2018-09-21,107.23240661621094,108.1990550132946,106.52853558996792,106.98839598893905,71229700
2018-09-24,107.61719512939453,107.83305208011211,105.317885773368,106.07806425692469,27334500
2018-09-25,107.41069030761719,108.0207131512808,106.75374703606848,107.7391691035362,22668000
2018-09-26,106.96961212158203,107.9831807954078,106.74436827393613,107.42947244693832,19352000
2018-09-27,107.37315368652344,107.84240091250743,107.17606355068307,107.72039205125915,19091300
2018-09-28,107.33562469482422,107.5233207415245,106.68806116146138,107.16669538873587,21647800
2018-10-01,108.49934387207031,108.56503819712503,107.6734713342189,107.69223807274408,18883100
2018-10-02,108.06764221191406,108.71519854265195,107.4013119816506,108.20841781777699,20787200
2018-10-03,108.08642578125,109.03430737083238,107.86118907288494,108.32104944083949,16648000
2018-10-04,105.85276794433594,107.70160277342086,104.76411117101252,107.56082720305758,34821700
2018-10-05,105.2333755493164,106.20941059431847,103.83502088413819,105.70262275402062,29068900
2018-10-08,104.03209686279297,105.1395204779122,102.61496839493803,104.79228215224819,29640600
2018-10-09,105.35540771484375,106.1249730144187,103.98520643316863,104.3042911660956,26198600
2018-10-10,99.63058471679688,104.64214216947892,99.2833391561607,104.39813158200091,61376300
2018-10-11,99.39595794677734,102.23020824376822,97.79112601831753,98.87039614722494,63904300
2018-10-12,102.83084869384766,104.3981328912385,100.5315398849878,102.30529403128432,47742100
2018-10-15,100.98200988769531,102.74638418469632,100.3719870118204,102.21144258957571,32068100
2018-10-16,104.17289733886719,104.55768354969132,102.24898060503718,102.80269612497881,31610200
2018-10-17,103.90072631835938,104.93306884708674,102.81207641029167,104.81106713846769,26548200
2018-10-18,101.82666015625,103.73180297484046,101.19787051703798,103.32825002606425,32506200
2018-10-19,101.9768295288086,104.04151484257345,101.55450265089367,102.23021992744094,32785500
2018-10-22,102.88714599609375,103.7411793992325,101.58263925779059,102.59621500212738,26545600
2018-10-23,101.45124053955078,102.26773322372684,98.64514436219844,101.14153567726221,43770400
2018-10-24,96.02676391601562,101.81727368242183,95.34165973087842,101.74219955868864,63897800
2018-10-25,101.63895416259766,102.54928778574548,99.62118961614712,99.99658883690564,61646800
2018-10-26,100.38136291503906,102.06126879628253,98.31667804252828,99.18947814484709,55523100
2018-10-29,97.46265411376953,102.01435108710523,95.37919514136085,101.46064275919848,55162000
2018-10-30,97.35005187988281,97.96006766602548,93.9526987151244,97.2843575416761,65350900
2018-10-31,100.24059295654297,101.48879233137276,98.90793251551825,98.95486010350074,51062400
2018-11-01,99.40534210205078,100.71923591841406,99.0393297963693,100.46584553761352,33384200
2018-11-02,99.63058471679688,100.71923466990341,98.52316086303695,99.93090268594473,37680200
2018-11-05,100.8975601196289,101.11340987579601,99.38658318587585,99.82767680953798,27922100
2018-11-06,101.09464263916016,102.14575204174632,99.74320808138275,100.77555074184235,24340200
2018-11-07,105.0738525390625,105.33662987639313,102.67130870044484,102.70884934294142,37901700
2018-11-08,104.87676239013672,105.30846900921429,104.08843043185895,104.92368998009633,25644100
2018-11-09,102.83084869384766,104.59521588969974,102.07067039119065,104.03212058550399,32039200
2018-11-12,100.29690551757812,103.19684996210084,99.57426077369918,102.69006209448489,33621800
2018-11-13,100.36260986328125,102.05189576384329,100.08105863311498,100.9350921138462,35374600
2018-11-14,98.9393539428711,102.04034052254477,98.46807951783396,101.88952925481591,39495100
2018-11-15,101.11664581298828,101.60677527270096,97.94026059175812,98.95820794832004,38505200
2018-11-16,102.0686264038086,102.624726831204,100.6642304853138,100.92814304008299,33502100
2018-11-19,98.60948181152344,102.32312008864783,97.60095464009252,102.04978000783855,44773900
2018-11-20,95.86663818359375,97.05425169250984,93.64222242641995,95.95147131548326,64052500
2018-11-21,97.18622589111328,98.43039025691688,96.36620568982622,97.64807287775453,28130600
2018-11-23,97.14849853515625,97.8459825906262,96.13997166901649,96.30020322927322,13823100
2018-11-26,100.3531723022461,100.50397637151087,98.5717556381534,98.76969002404407,32336200
2018-11-27,100.98468780517578,101.16377439596295,99.30695192646664,100.16466767960426,29124500
2018-11-28,104.73603820800781,104.93397261757703,101.66332672619565,101.69160204312303,46788500
2018-11-29,103.85945129394531,104.73602193791203,102.76609126874965,103.99140754649287,28123200
2018-11-30,104.51924133300781,104.5946469668171,103.0771427440212,104.34015475048002,33665600
2018-12-03,105.65031433105469,106.90390623133658,104.36845430232376,106.50803737579857,34732800
2018-12-04,102.285400390625,106.16870433073385,101.99321254154896,105.50892299698882,45197000
2018-12-06,102.91692352294922,102.96404665643043,98.96764106868257,99.74053093033774,49107400
2018-12-07,98.79796600341797,103.16196440611682,98.30784378615847,102.15343746678569,45044900
2018-12-10,101.40882110595703,101.77642175072317,97.92139345108,98.77911630374,40801500
2018-12-11,102.35137939453125,104.5757953259013,101.26745393574204,103.49186986711207,42381900
2018-12-12,102.81324768066406,104.87742512150665,102.7755448573552,104.51925908668989,36183000
2018-12-13,103.16197204589844,104.50039692079928,102.38908225189411,103.28450800259542,31333400
2018-12-14,99.93846130371094,102.9828974936017,99.4389115243506,102.03092106645452,47043100
2018-12-17,96.9788589477539,99.7216797890333,95.86665092138801,99.35408628118232,56957300
2018-12-18,97.9968032836914,98.50578051626461,96.6301031616679,97.78944138993081,49319200
2018-12-19,97.73290252685547,100.73962877512315,95.52733425351718,97.69519970608036,68198200
2018-12-20,95.6781234741211,98.31725560011907,93.10496228042007,97.12964937940423,70334200
2018-12-21,92.58657836914062,97.08253330064,91.86081171455011,95.791238764067,111242100
2018-12-24,88.72212219238281,92.34151357818611,88.58074561530536,92.06817354404109,43935200
2018-12-26,94.78269958496094,94.90523552421467,88.56187930034112,89.67408710812741,51634800
2018-12-27,95.36709594726562,95.37652344956541,90.86171345232509,93.59510664200235,49498500
2018-12-28,94.62247467041016,96.52642729783456,93.80245461510438,96.22480477453213,38196300
2018-12-31,95.73468780517578,96.51700508796094,94.66961017790679,95.47077527389335,33173800
2019-01-02,95.310546875,95.9043500902105,93.25578999574356,93.8307453971234,35329300
2019-01-03,91.80427551269531,94.43398812786083,91.61576139502066,94.34915497713766,42579100
2019-01-04,96.07400512695312,96.62068518899136,93.24635856050625,93.9909730192665,44060600
2019-01-07,96.19652557373047,97.33700872734646,95.17857836302399,95.80065681450704,35656100
2019-01-08,96.89402770996094,97.9968081733556,95.86664569172383,97.12023742758817,31514400
2019-01-09,98.27957153320312,98.85452694272102,97.30874730794167,97.89313022004703,32280800
2019-01-10,97.64805603027344,97.78943979107831,96.4981453226398,97.28989006850098,30067600
2019-01-11,96.89402770996094,97.49725841768506,95.80066755778766,97.26162119775915,28314200
2019-01-14,96.1871337890625,96.9600237253131,95.44251917384518,96.04574999281743,28437100
2019-01-15,98.97706604003906,99.01476886050635,96.02688326040372,96.62069369391638,31587600
2019-01-16,99.32579803466797,100.15524564842677,98.92992923232522,99.21269677175704,29853900
2019-01-17,100.02327728271484,100.5039719740986,98.74141039020539,98.96762007974343,28393000
2019-01-18,101.52192687988281,101.70101344684413,99.82534341310576,101.28628968801851,37427600
2019-01-22,99.60855865478516,100.94697624082437,98.8356689172479,100.6170855951213,32371300
2019-01-23,100.57938385009766,100.89042668696068,99.28808937623037,100.02328349729119,25874300
2019-01-24,100.09870147705078,100.85274355765142,99.28810875728247,100.72078727220806,23164800
2019-01-25,101.01295471191406,101.68216350719908,100.09868121138713,101.07893284127803,31225600
2019-01-28,99.04302978515625,100.36259954544064,98.64716101439393,100.15523765854324,29476700
2019-01-29,97.02597045898438,98.93934326761574,96.30020389573204,98.85451014090222,31490500
2019-01-30,100.26834869384766,100.26834869384766,98.33612777697121,98.60946781899398,49471900
2019-01-31,98.4303970336914,99.17501164199456,97.25221072772032,97.83659372427024,55636400
2019-02-01,96.87515258789062,98.11931656308832,96.46985636614038,97.81770127186087,35535700
2019-02-04,99.66513061523438,99.72168844594427,96.86575889621712,96.96001955037417,31315100
2019-02-05,101.06007385253906,101.10719697340083,99.8724604642525,99.96671389705202,27325400
2019-02-06,99.93846130371094,100.85273491095273,99.46718684151023,100.85273491095273,20609800
2019-02-07,99.22211456298828,99.52372990821932,98.2984207143144,99.14671611998831,29760700
2019-02-08,99.5991439819336,99.70282493980577,98.27015372632866,98.39268249877863,21461100
2019-02-11,99.20327758789062,100.45686942483619,98.93936503086584,100.09869621937868,18914100
2019-02-12,100.74903869628906,100.98467589170392,99.42004865350907,100.04212711004449,25056600
2019-02-13,100.67363739013672,101.58791089817126,100.57938394613949,101.32399837854827,18394900
2019-02-14,100.75848388671875,101.12607740081434,99.58972520577578,100.20237626854991,21784700
2019-02-15,102.00263977050781,102.07804540589873,101.19204716774848,101.71045192221452,26606900
2019-02-19,101.95550537109375,102.4173594760751,101.58791190211798,101.59733940393393,18038500
2019-02-20,101.42543029785156,102.17322480696976,100.6113758814337,102.09749713525919,21607700
2019-02-21,103.56468200683594,103.63094190896915,101.16038278090728,101.18877885013755,29063200
2019-02-22,105.04135131835938,105.25905936334807,103.95278942804951,104.170504694827,27763200
2019-02-25,105.62823486328125,106.18671752007745,105.31587079678432,105.7891580014162,23750600
2019-02-26,106.3570785522461,107.19006125515749,105.23065293413917,105.31584836815985,21536700
2019-02-27,106.17721557617188,106.35706696701175,104.95613411466458,105.72286405018008,21487100
2019-02-28,106.04470825195312,106.84929489111173,105.76074032025558,106.05417601621282,29083900
2019-03-01,106.51797485351562,106.98179410791414,105.7039206068156,106.85874208338014,23501200
2019-03-04,106.26243591308594,107.19954247420321,104.88043826303539,106.98182720152496,26608000
2019-03-05,105.73233032226562,106.38546880078985,105.28744653530711,106.25294899671069,19538300
2019-03-06,105.77967834472656,106.64106442678877,105.47677485668257,105.89326986091386,17687000
2019-03-07,104.49234771728516,105.59037749067625,104.00013220555819,105.44838988593918,25339000
2019-03-08,104.60592651367188,104.7952384824201,102.98728534897182,103.3280526701496,22818400
2019-03-11,106.80197143554688,106.91555572049135,105.05081056536682,105.06027110792006,26491600
2019-03-12,107.54976654052734,107.89999438344867,106.6315883825552,106.79250426831841,26132700
2019-03-13,108.38275146484375,108.85603858914438,107.7012168503647,108.03251639301747,35513800
2019-03-14,108.46792602539062,109.0453368220884,108.22182195142477,108.42060165199142,30763400
2019-03-15,109.71743774414062,110.98584392251047,108.46795265363049,109.17788342498983,54681100
2019-03-18,111.28874969482422,111.32661353668219,109.8499598131684,109.9635441169529,31207600
2019-03-19,111.36446380615234,112.11225834268467,110.73972132431958,111.78095157225233,37588700
2019-03-20,111.24140167236328,112.40569116687867,110.47467884779726,111.11834962082439,28113300
2019-03-21,113.79718017578125,114.36512339464218,110.83439756071044,110.8817291713613,29854400
2019-03-22,110.79651641845703,113.2008086054922,110.78704865406415,113.11562039132112,33624500
2019-03-25,111.37391662597656,111.70521613016427,110.10550352478816,110.3326792959758,27067100
2019-03-26,111.61058044433594,112.36783555984461,110.60720676414839,112.28264733833778,26097700
2019-03-27,110.53146362304688,111.89453275077769,109.34824590016606,111.58216153870806,22733400
2019-03-28,110.68292999267578,111.29820471427179,109.92566768582093,111.16568489384048,18334800
2019-03-29,111.63896942138672,111.99866503675366,110.71132347825628,111.762021474115,25399800
2019-04-01,112.66126251220703,112.7464579488685,111.79041594738034,112.59500260448735,22789100
2019-04-02,112.82220458984375,113.09671203134626,112.18799425585337,112.69914529639705,18142300
2019-04-03,113.5605239868164,113.99594731377022,112.78433332193545,113.45640023235039,22860700
2019-04-04,112.98309326171875,113.80661538766036,112.05544739956194,113.68355612388544,20112800
2019-04-05,113.48480224609375,113.80664129177461,112.99258674432173,113.01151505440205,15826200
2019-04-08,113.52264404296875,113.60783225447155,112.30156245891247,113.409052539177,15116200
2019-04-09,112.90738677978516,113.1534981317249,112.24478762662716,112.29211201083037,17612000
2019-04-10,113.76876831054688,113.92021644439158,113.15349356641606,113.36174106951776,16477200
2019-04-11,113.90128326416016,114.39349870533897,113.5131843482902,114.10006299358555,14209100
2019-04-12,114.48815155029297,114.5165548438227,113.93914397911978,114.19471584658072,19745100
2019-04-15,114.58281707763672,115.08450028002028,114.12845825518666,114.47869333127917,15792600
2019-04-16,114.3177719116211,115.1507618948186,113.68356888116922,115.14129412997629,14071800
2019-04-17,115.26435852050781,115.34008620377297,114.10007608291092,114.76267525700757,19300900
2019-04-18,116.77889251708984,116.92087290718312,114.81948369411336,115.66193437701983,27991000
2019-04-22,117.14802551269531,117.37520129956155,116.02159989892895,116.06893149784561,15648700
2019-04-23,118.73827362060547,118.87079343494906,117.21428853386601,117.46986039816056,24025500
2019-04-24,118.33124542236328,119.12636430176705,117.86741885425624,119.0695721594634,31257000
2019-04-25,122.25003814697266,124.35143378571199,121.94714194833355,123.11142403674609,38033900
2019-04-26,122.95051574707031,123.54686208342378,122.12700085863958,122.77066434762561,23654900
2019-04-29,122.83692932128906,123.22501373882109,122.43936991853613,122.95997413698579,16324200
2019-04-30,123.62261199951172,123.71726076538802,122.47725071685876,122.87481019812616,24166500
2019-05-01,121.04789733886719,123.66990450558964,120.87751370632219,123.5563202317513,26821700
2019-05-02,119.4671401977539,121.16150904238313,118.81400162709993,121.14258073418229,27350200
2019-05-03,122.0134048461914,122.5150880012602,120.45156324170561,120.55568697824305,24911100
2019-05-06,121.30347442626953,121.69157330344572,119.37246946957744,119.63750908238663,24239800
2019-05-07,118.81401062011719,120.38532752590196,117.58346828383911,119.70379283046708,36017700
2019-05-08,118.80451965332031,119.61857397309859,118.08512130104911,118.73825975388661,28419000
2019-05-09,118.7950668334961,119.06957422904865,116.96817826583056,117.649712872473,27235800
2019-05-10,120.33797454833984,121.09523679140528,117.20481628068785,118.2365859063198,30915100
2019-05-13,116.75994110107422,118.84240894124082,116.46650537241082,117.4793396074437,33944900
2019-05-14,118.06621551513672,119.15477018177033,117.0912379206719,117.2521610400931,25266300
2019-05-15,119.72882843017578,120.38438458097875,117.5246477222012,118.0566963403468,24722700
2019-05-16,122.49354553222656,122.92109221572525,120.14685903855626,120.42238251927084,30112200
2019-05-17,121.67652130126953,123.94720760574035,121.53400087390042,121.9045307897917,25770500
2019-05-20,119.91886138916016,121.22046377367104,119.48182632406329,120.20388047586465,23706900
2019-05-21,120.5649185180664,121.16346514227155,120.26089380042745,121.06845877710707,15293300
2019-05-22,121.29645538330078,121.83800679680328,120.20386424383895,120.2988778417642,15396500
2019-05-23,119.8808364868164,119.98534564160411,118.51272191397345,119.89983485654164,23603800
2019-05-24,119.93785095214844,121.05894334061941,119.68133306810486,120.57440875425706,14123400
2019-05-28,119.86186981201172,121.61001022977443,119.7573606295888,120.64093365010535,23128400
2019-05-29,118.7027587890625,119.13029102981187,117.84768705904317,119.12078821933372,22763100
2019-05-30,119.45331573486328,119.48181691643755,118.55073724339657,119.00677789414567,16829600
2019-05-31,117.50567626953125,118.39875212900657,117.16364752541396,118.02822219763313,26646800
2019-06-03,113.85735321044922,118.16121298582624,113.06879391581607,117.66716832686618,37983600
2019-06-04,117.01163482666016,117.12563957183576,114.62693651027732,115.22548316801358,29382600
2019-06-05,119.54833984375,119.58634384099976,118.00921057348086,118.71226640129802,24926100
2019-06-06,121.43898010253906,121.58149326448594,119.32980560158265,120.12787495937289,21459000
2019-06-07,124.84025573730469,125.64782791592106,121.85701110239623,122.74059126816812,33885600
2019-06-10,125.98037719726562,127.38648889729193,125.41032446904364,125.79034995649624,26477100
2019-06-11,125.50531768798828,127.53848415915002,124.72624671919586,127.19645547722371,23913700
2019-06-12,124.92579650878906,125.38183001763815,124.18473662051785,124.84027844703172,17092500
2019-06-13,125.71432495117188,126.36037101734325,124.99225641011037,125.39128742104673,17200800
2019-06-14,125.83782958984375,127.11093064460925,125.06826872087414,125.65731244832448,17821700
2019-06-17,126.21785736083984,127.05391607172514,125.91382546812623,126.00883905885888,14517800
2019-06-18,128.4125518798828,128.488559863032,126.90193126952363,127.49097501762937,25934500
2019-06-19,128.91612243652344,129.14413194261522,127.12997065457049,128.2605661124218,23744400
2019-06-20,130.1132049560547,130.7877668482794,128.94461284390704,130.58824405008704,33042600
2019-06-21,130.1322021484375,130.85425630565342,129.64766752285018,129.76167225897856,36727900
2019-06-24,130.90176391601562,131.49080771902192,130.16070413254258,130.16070413254258,20628800
2019-06-25,126.76893615722656,130.72126522567814,126.10388426999766,130.3982420943161,33327400
2019-06-26,127.24394989013672,128.96360338696851,126.93043688213235,127.64299543986056,23657700
2019-06-27,127.45297241210938,127.98502833019906,126.84492300276261,127.44347684996261,16557500
2019-06-28,127.2724609375,127.88051030474912,126.5123956041785,127.85200912324059,30043000
2019-07-01,128.90660095214844,129.87568475829076,128.23205356034623,129.8091868239216,22613500
2019-07-02,129.7616729736328,129.77116853601524,128.58357087133166,129.32463065433086,15237800
2019-07-03,130.59776306152344,130.86378381265177,129.48615874789846,129.97070793513078,13629300
2019-07-05,130.2176971435547,130.47422228002824,128.94459601697457,129.15361435083588,18141100
2019-07-08,130.12266540527344,130.25567572100906,128.61203064444507,129.59060964529377,16779700
2019-07-09,129.64767456054688,130.1322092124363,129.02061948371878,129.21063221992782,19953100
2019-07-10,130.96826171875,131.6618146187485,130.17969521730942,130.28420438007961,24204400
2019-07-11,131.49081420898438,132.26988527454745,130.98727393374682,131.30080147254347,22327900
2019-07-12,131.96585083007812,132.18437924508783,131.12028184624697,131.9183585196382,18936800
2019-07-15,131.96585083007812,132.57390027354052,131.54782861654456,132.47890115561836,16651500
2019-07-16,130.2367401123047,132.10839559504856,129.70469856337047,132.02289202405092,22726100
2019-07-17,129.4671173095703,131.04423557923363,129.41961051596354,130.82572172508813,20211000
2019-07-18,129.6096649169922,129.7996776555497,127.94702808478931,128.78310153089356,30381800
2019-07-19,129.7996826171875,133.64750233249262,129.63817105838766,133.219970030135,48992400
2019-07-22,131.5193328857422,132.24140167610727,130.47425544780793,130.55026345190134,25074900
2019-07-23,132.33639526367188,133.00146164736236,131.1393018677079,132.78293320835832,18034600
2019-07-24,133.69497680664062,133.7139824257388,131.9183355925121,131.965827894698,20738300
2019-07-25,133.1914520263672,133.59048309132223,132.36488871303476,133.4194614937464,18356900
2019-07-26,134.28402709960938,134.60705015489464,133.2959523137249,133.3624502382646,19037600
2019-07-29,133.98951721191406,134.44555065411376,132.41238404038137,134.4360550917702,16605900
2019-07-30,133.34347534179688,134.1700387006229,132.82092945522322,133.14395254981704,16846500
2019-07-31,129.4671173095703,133.47644713974273,128.33652230810415,133.3244311990163,38598800
2019-08-01,131.1677703857422,133.90399974876416,130.0941775737431,130.16068999436334,40557500
2019-08-02,130.065673828125,131.41479736032116,128.5075464709125,131.19626898005504,30791600
2019-08-05,125.60982513427734,127.24394603994382,124.25120598685719,126.64540672755082,42749600
2019-08-06,127.96601867675781,128.90658669610247,126.55990718014414,127.12044976701189,32696700
2019-08-07,128.52659606933594,128.87812041442385,125.2488287112021,127.11097413047548,33414500
2019-08-08,131.95632934570312,132.05134294200292,129.14409216147817,129.78065716201593,27496500
2019-08-09,130.8352508544922,132.42187941238987,129.64765332639152,131.69031527590863,23466700
2019-08-12,129.01109313964844,130.97776167863137,128.48856180528975,130.2272063913782,20484300
2019-08-13,131.6808624267578,131.87087519347864,128.26057463760378,129.2581597841941,25154600
2019-08-14,127.71532440185547,130.51785744798295,127.41982178936027,129.9840444002091,32527300
2019-08-15,127.42933654785156,128.28726275840756,126.0662079726949,128.10614451800197,28074400
2019-08-16,129.76480102539062,130.07937254091865,128.42072669867474,128.57324886595762,24449100
2019-08-19,131.9381866455078,132.07163990114665,130.4892551947761,131.40437362295242,24355700
2019-08-20,130.8419952392578,132.22420781307372,130.8229408713694,131.74758680012175,21170800
2019-08-21,132.30043029785156,132.96771123080075,131.54737563437658,132.0716615622725,14970300
2019-08-22,131.337646484375,132.69124801706295,129.91731104777486,132.17650387461558,18697000
2019-08-23,127.1529312133789,131.88101724225697,126.5905220064577,130.77525319300017,38508600
2019-08-26,129.11660766601562,129.22146485294647,127.63907986665058,128.67812455362593,20312600
2019-08-27,129.39308166503906,130.3272548054051,128.36357850113143,130.01268318210114,23102100
2019-08-28,129.2214813232422,129.4121268114203,127.3054701672767,128.57328375437288,17393300
2019-08-29,131.66172790527344,131.96677220543603,130.50831369040154,130.8324123503397,20168700
2019-08-30,131.41392517089844,132.67219687947647,129.8982740839662,132.64360078691675,23940100
2019-09-03,129.67901611328125,130.78478016072393,129.35491737206007,130.22237095472542,18869300
2019-09-04,131.19468688964844,131.25187907619636,130.09844998131734,130.8801153183178,17995900
2019-09-05,133.50152587890625,133.81609743926782,132.2718357297368,132.60547620005508,26101800
2019-09-06,132.59596252441406,133.62545104187993,131.7380360327685,133.48247056593135,20824500
2019-09-09,131.08982849121094,133.21555382845025,130.07939441732992,133.06303163551658,25773900
2019-09-10,129.71713256835938,130.489256019817,128.2205361142983,130.4034677575026,28903400
2019-09-11,129.75526428222656,129.89825927403876,128.7734264287725,129.5550916571305,24726100
2019-09-12,131.08982849121094,131.94774037215828,130.47021253691173,131.4044000596428,27010000
2019-09-13,130.89915466308594,131.60454419827528,130.18422340208244,131.33763769112574,23363100
2019-09-16,129.95547485351562,130.30816971526124,129.31680450196546,129.47885388561392,16731400
2019-09-17,130.9659423828125,131.08986852057757,130.0508234910883,130.55605522762235,17814200
2019-09-18,132.0430450439453,132.1860254815639,130.146088814759,130.93728117531467,23982100
2019-09-19,134.47381591796875,135.71301851307115,133.52057420154273,133.73981572363272,35772100
2019-09-20,132.92002868652344,135.02668475696774,131.78566870460062,134.41661063374636,39167300
2019-09-23,132.63404846191406,133.10114212737344,131.96678218648202,132.7198367233309,17139300
2019-09-24,130.9563446044922,134.11157218868817,130.47972377194745,133.79700069377105,29773200
2019-09-25,132.84378051757812,133.41573142727637,129.66948351391622,131.0707501518926,21382000
2019-09-26,133.015380859375,133.62545515104628,131.96682339776538,132.92006538758417,17456600
2019-09-27,131.29002380371094,133.7970550560127,130.26052064168573,133.59686782506915,22477700
2019-09-30,132.52919006347656,132.71030831055091,131.33763795937043,131.59501728654521,17280900
2019-10-01,130.6608428955078,133.69214442915634,130.59410899675163,133.1297353338412,21466600
2019-10-02,128.35400390625,129.99358098317586,127.33404273305158,129.87919662046988,30521700
2019-10-03,129.9077911376953,130.35581594662156,126.99087356149671,128.63997780023547,24132900
2019-10-04,131.66172790527344,131.78565397037858,130.04122006026986,130.35579154032024,22897700
2019-10-07,130.70849609375,131.71892995956532,130.61318065178122,130.72756500026932,15303700
2019-10-08,129.32630920410156,131.31858101273605,129.27864420653353,130.67038359081894,25550500
2019-10-09,131.77613830566406,132.21462134382335,130.56551726973774,131.03261094068608,19749900
2019-10-10,132.59596252441406,133.1393028783367,131.78570103985734,132.0144843466931,17654600
2019-10-11,133.14881896972656,134.43570132733277,132.97724241288134,133.56824772465944,25446000
2019-10-14,133.02487182617188,133.73026132045834,132.996275741015,133.1583250720082,13304300
2019-10-15,134.9504852294922,135.1601851007085,133.2727698972058,133.51108041187652,19695700
2019-10-16,133.8446807861328,134.39756275969717,133.00582337171582,134.20690276891867,20751600
2019-10-17,133.15834045410156,134.80744458500322,132.51967023629933,134.3594198053739,21460600
2019-10-18,130.98495483398438,133.45384752227076,130.17469351304456,133.22506426163343,32273500
2019-10-21,131.95724487304688,132.02397877547853,130.60364337038945,131.97631378021512,20078200
2019-10-22,129.99356079101562,133.46335985884508,129.88870362638423,132.47199493031385,27431000
2019-10-23,130.82293701171875,131.02310968587426,129.2691479008345,130.479769310705,29844600
2019-10-24,133.3966827392578,133.85423480918533,132.1860613725624,132.8723967501127,37029300
2019-10-25,134.14968872070312,134.54052127464428,132.69123020995957,132.82468345455987,25959700
2019-10-28,137.44793701171875,138.8587307983342,136.79972502631242,137.6481096436757,35280100
2019-10-29,136.15151977539062,137.7434317393278,135.97992869824168,137.34307195306647,20589500
2019-10-30,137.84829711914062,138.22006083889468,136.11339006341132,136.80926704922743,18496600
2019-10-31,136.666259765625,138.15331451095193,136.30403780542628,138.12471842318135,24605100
2019-11-01,136.9999542236328,137.6672207770097,136.28502265673185,137.51469855186073,33128400
2019-11-04,137.79115295410156,138.22010900401543,137.41938910480013,138.05805958717332,16912000
2019-11-05,137.70529174804688,138.23910473157449,137.1810059444705,138.19143974119245,18250200
2019-11-06,137.3240203857422,137.76251804243543,136.50423180217211,137.61952303586924,16575800
2019-11-07,137.51463317871094,138.10565288386815,137.04755408605206,137.114273437012,17786700
2019-11-08,139.1351776123047,139.16377370228574,137.03803404492604,137.2477484016639,16732700
2019-11-11,139.2781524658203,139.5736550806276,137.96267419828877,138.54415224673093,14362600
2019-11-12,140.1932830810547,140.66990399660273,139.23049952264537,139.4402138891118,18641600
2019-11-13,140.42205810546875,140.56505311373206,139.44022013905743,139.8787178009549,16919200
2019-11-14,141.136962890625,141.4706033016606,140.12652902220492,140.14559792877338,19729800
2019-11-15,142.95770263671875,142.97677154923898,141.3371941601436,141.96632282012607,23485700
2019-11-18,143.31036376953125,143.51055094055332,142.01395438451158,143.0529989650508,21534000
2019-11-19,143.35806274414062,144.25411254480335,143.17694443822134,143.825156557021,23935700
2019-11-20,143.10935974121094,144.27627325060902,141.99984762301858,143.7693370893734,25696800
2019-11-21,142.9754638671875,143.28154626569432,142.0381120626815,142.8989432675608,18576100
2019-11-22,143.0806884765625,143.75979972684712,142.34420501581883,143.5398121083661,15901800
2019-11-25,144.64927673339844,144.76406490093095,143.3962832484651,143.47280382855067,22420900
2019-11-26,145.41448974609375,145.78751850819577,144.73539321255925,144.77364621093437,24620100
2019-11-27,145.69189453125,145.8640549348436,144.9267031273835,145.70145413317894,15184400
2019-11-29,144.7928009033203,145.67276594104533,144.69714650136237,145.4814717319421,11977300
2019-12-02,143.0424041748047,145.2231898668877,141.86593113968857,145.20405607104558,27418400
2019-12-03,142.81288146972656,142.92765508655097,140.26862593481647,141.0720850370292,24066000
2019-12-04,143.32931518554688,143.64494246280293,142.70759103943428,143.6066894759497,17574700
2019-12-05,143.40585327148438,143.77889659956955,142.97543774767533,143.52064144736033,17869100
2019-12-06,145.14663696289062,145.26141052277026,143.73104287675065,144.41971342564182,16403500
2019-12-09,144.77365112304688,145.58666966550595,144.34323555137308,144.4962767396872,16687400
2019-12-10,144.55361938476562,145.28054291501272,144.19970992053445,144.70664593152895,16476100
2019-12-11,145.09886169433594,145.26146249394242,143.78848110086415,144.94582049653738,18856600
2019-12-12,146.57186889648438,146.76316311096258,144.44846954770628,145.05104559357198,24612100
2019-12-13,147.80569458007812,148.15002992391166,146.17967224329018,146.34227301748803,23845400
2019-12-16,148.76222229003906,149.1161173347332,148.083125604555,148.3605000405667,24144200
2019-12-17,147.958740234375,148.93435950391483,147.72917846659794,148.68566394012052,25425600
2019-12-18,147.65264892578125,148.71434832081735,147.47091436166016,147.58570253599459,24129200
2019-12-19,148.93435668945312,148.9917434816104,147.05963877505963,147.29876013892152,24958900
2019-12-20,150.56039428710938,151.59340043494885,149.4891205440844,150.5030074891424,53477500
2019-12-23,150.56039428710938,151.23949085613367,150.42648689358268,151.23949085613367,17718200
2019-12-24,150.53164672851562,150.84728859858086,150.28295123372155,150.6272864924467,8989200
2019-12-26,151.76556396484375,151.82295076399654,150.55082320180063,150.70386439608245,14520600
2019-12-27,152.0429229736328,152.60724584710943,151.3351185357547,152.51159147084175,18412800
2019-12-30,150.7324981689453,152.1002795852037,149.90992031859008,152.07158619697785,16348400
2019-12-31,150.83773803710938,150.90469901767713,149.64213133961357,149.9482136596805,18369400
2020-01-02,153.6306915283203,153.7359055138177,151.44034622363324,151.87076176619155,22622100
2020-01-03,151.71774291992188,152.98987053370666,151.18211331302558,151.43080891252185,21116200
2020-01-06,152.10984802246094,152.17680899541645,149.69950110777626,150.2447047053625,20813700
2020-01-07,150.7229766845703,152.72202774210524,150.47429572546002,152.38726659655018,21634100
2020-01-08,153.12374877929688,153.80285985539652,151.07687054565162,152.01422217923997,27746500
2020-01-09,155.03672790527344,155.16107568797648,154.02285563193848,154.7976065353431,21385000
2020-01-10,154.31936645507812,156.11756385828426,154.16632527293072,155.7349754977261,20725900
2020-01-13,156.17494201660156,156.2036354123162,154.24283733456213,154.72108005621874,21626500
2020-01-14,155.07501220703125,156.48104718130796,154.6828496153352,156.28017878720624,23477400
2020-01-15,156.07931518554688,156.80625359146265,155.49587297315352,155.5436855779114,21417900
2020-01-16,158.93917846679688,159.00613945085294,156.89230027784512,157.19838261385726,23865400
2020-01-17,159.82872009277344,160.1826150291029,158.23137659221618,160.1347878389696,34371700
2020-01-21,159.25482177734375,160.87128446568866,159.1878607927097,159.42698214672976,29517200
2020-01-22,158.48963928222656,160.20175644469933,158.47050548630122,160.1156616604403,24138800
2020-01-23,159.4652099609375,159.54173052651444,158.07830937251882,158.95827398444519,19680800
2020-01-24,157.85833740234375,160.23999120302048,157.29401454266323,160.22085740927298,24918100
2020-01-27,155.2184600830078,156.27059993236668,153.22896856455375,154.13762683728552,32078100
2020-01-28,158.2600860595703,158.54702001342997,155.97408646002853,156.65318294390897,24899900
2020-01-29,160.72776794433594,161.4068788637886,158.48003646222753,160.5364738216808,34754500
2020-01-30,165.26150512695312,166.47624536926932,163.3580944003951,166.47624536926932,51597500
2020-01-31,162.82252502441406,164.89809683921658,162.20081527799877,164.71637685112754,36142700
2020-02-03,166.7919464111328,166.90672000096603,162.9851236071452,163.0138170046035,30107000
2020-02-04,172.2821502685547,172.77952677664373,168.63794313049974,169.4318277854927,36433300
2020-02-05,172.07171630859375,176.18460641616042,170.64656241415017,176.0220056507787,39186300
2020-02-06,175.6394500732422,175.8211846669022,172.2247895792593,173.0951949516249,27751400
2020-02-07,175.88809204101562,177.55238181941203,174.53944418239138,174.89335368960715,33529100
2020-02-10,180.4888153076172,180.62272269707182,175.27597212517577,175.59161409920688,35844300
2020-02-11,176.4141845703125,182.4017784312968,175.5150858823938,182.35395123825236,53159900
2020-02-12,176.6724395751953,177.7628324394835,173.9368905163937,177.5045772731281,47062900
2020-02-13,175.71595764160156,178.1262905935422,174.91249872947753,175.11336710621117,35295800
2020-02-14,177.2845916748047,177.34197846912093,174.7020691720906,175.2759663048738,23149500
2020-02-18,179.082763671875,179.53231299331577,177.4280479580581,177.53326193956144,27792200
2020-02-19,179.61984252929688,180.48302473250885,178.84297561947176,180.3679376746597,29997500
2020-02-20,176.8768310546875,179.59107983858217,173.69263367105043,179.3033475447501,36862400
2020-02-21,171.2852783203125,175.99445218818678,170.00009073763545,175.6779481474371,48572600
2020-02-24,163.90025329589844,167.41055541671395,156.5535592532318,160.90787227995017,68311100
2020-02-25,161.1956024169922,167.68868511978565,160.79276839214288,167.07486300599308,68073300
2020-02-26,163.20974731445312,166.1733573922356,161.32992294139177,162.76857031522925,56206100
2020-02-27,151.71011352539062,160.1981366182778,151.51829685370356,156.6398912592596,93174900
2020-02-28,155.38345336914062,157.0139315893412,145.7828881730677,146.17612184427716,97012700
2020-03-02,165.7225341796875,165.8472216006757,155.67119140728485,158.54848535865258,71030800
2020-03-03,157.78118896484375,167.842131121707,155.62321870756466,166.69121657809265,71677000
2020-03-04,163.57412719726562,163.71798600854282,158.84576759279113,161.5983881374826,49814400
2020-03-05,159.46923828125,163.881080569455,158.91295965117035,159.25823553761032,47817300
2020-03-06,154.96145629882812,156.43846064054785,149.61927391701985,155.9589116856856,72821100
2020-03-09,144.45936584472656,151.29774067696266,143.86472964528937,144.82382784292463,70419300
2020-03-10,154.33802795410156,154.44352930550963,146.33915520627133,151.69092309332476,65354400
2020-03-11,147.34622192382812,151.24974294863355,144.96764848406434,150.70306473019772,56371600
2020-03-12,133.37217712402344,147.19278401689266,132.91181414174207,139.35695443238262,93226400
2020-03-13,152.33352661132812,155.28755000416908,134.97384815229282,141.46694526309378,92727400
2020-03-16,129.88107299804688,143.24131817510076,129.47825352103155,134.27374439218084,87905900
2020-03-17,140.57498168945312,141.4669356830153,129.4782123200479,134.27370166523488,81059800
2020-03-18,134.65736389160156,140.02831896608876,129.49742619908784,132.35553436520718,81593200
2020-03-19,136.87289428710938,144.00857175355054,133.3146339489276,136.93043783071911,85922700
2020-03-20,131.7321014404297,141.0833058959737,130.30304031156192,140.02829235994076,84866200
2020-03-23,130.4181365966797,134.8204073585906,127.09966584811548,131.4060063254147,78975200
2020-03-24,142.2725830078125,143.48105576226914,135.49176827257247,137.8703270343081,82516700
2020-03-25,140.91065979003906,148.01757864443326,138.53210112818718,142.81926985349074,75638200
2020-03-26,149.7247772216797,150.2522840058301,142.3013540352876,142.3301258021801,64568100
2020-03-27,143.5769500732422,148.5546704246155,143.09740113202582,145.54310365916368,57042300
2020-03-30,153.67628479003906,154.03116103936838,143.8743010165515,146.20491701450786,63420300
2020-03-31,151.25933837890625,158.0401530173916,150.15636699756618,152.8802015596129,77927200
2020-04-01,145.88839721679688,151.29770934590042,144.65116723731362,146.7419938505405,57969900
2020-04-02,148.90957641601562,149.12057918392097,144.21000124287323,145.6486484960405,49630700
2020-04-03,147.53805541992188,150.9428564389478,145.96513519656827,148.75611404635072,41243300
2020-04-06,158.5101318359375,159.6898182877418,151.13466581491375,153.76259962458812,67111700
2020-04-07,156.80291748046875,163.04663940325247,156.58231443137095,162.65340576060566,62769000
2020-04-08,158.3758544921875,159.8528589455974,156.8125200980229,158.8937609633465,48318200
2020-04-09,158.3854217529297,160.5242059064898,156.64945694882897,159.55552232574263,51385100
2020-04-13,158.7403106689453,158.79786884423166,155.66161416882116,157.62776806954454,41905300
2020-04-14,166.59527587890625,166.64323369323404,161.12842164295435,162.08751939082907,52874300
2020-04-15,164.8497772216797,166.470655264823,162.31775895960413,164.19758293881753,40940800
2020-04-16,169.7987060546875,170.02889484665954,165.82804085988397,167.1707868610428,50479600
2020-04-17,171.29490661621094,172.6376379463687,168.67655857039247,172.15808895207323,52765600
2020-04-20,167.89967346191406,171.43874700027857,167.83254421997154,169.40546416650326,36669600
2020-04-21,160.95582580566406,166.56654006066609,159.3157618636337,166.40349516450433,56203700
2020-04-22,166.4227294921875,166.88309254632972,163.83316718995584,164.37984557274766,34620200
2020-04-23,164.4085693359375,167.89968529923357,163.9194346484231,166.9885451708801,32790800
2020-04-24,167.41058349609375,167.4201692090236,163.72765014570868,165.02242385569852,34277600
2020-04-27,166.93099975585938,169.66442011014558,166.2116762992567,169.36710208963086,33194400
2020-04-28,162.86441040039062,168.48472462259372,162.46159104264981,168.4079950352137,34392700
2020-04-29,170.17276000976562,170.4125345222979,164.84977753928888,166.13496541413994,51286600
2020-04-30,171.8799591064453,173.02127343389805,169.02183652803015,172.63764008757306,53875900
2020-05-01,167.42974853515625,171.3332698702352,166.89264135031937,168.60943500316853,39370500
2020-05-04,171.5251007080078,171.67855991634457,166.69125272280488,167.353032753416,30372900
2020-05-05,173.36656188964844,176.13835472696005,172.5417369639428,173.23228874521612,36839200
2020-05-06,175.07373046875,176.6658365518357,174.20096247098382,174.6325536144371,32139300
2020-05-07,176.0904083251953,177.0015485483026,175.11212421375677,176.63708660518972,28316000
2020-05-08,177.126220703125,177.43313910351554,175.8602188882011,177.41395304482242,30877800
2020-05-11,179.10194396972656,179.8404388027955,175.37105378962218,175.65877144683225,30892700
2020-05-12,175.0449676513672,179.38968034463863,174.8435652703056,179.15950619485398,32038200
2020-05-13,172.3978729248047,176.52199742935665,169.31916177295463,175.08335036739723,44711500
2020-05-14,173.14593505859375,173.2993942281282,168.4943045954499,170.27822719594022,41873900
2020-05-15,175.66836547851562,179.40884123454077,169.7603192182595,171.73605844501492,46610400
2020-05-18,177.3468017578125,178.5840316483205,176.43566165119987,178.15244050673272,35264500
2020-05-19,176.1191864013672,178.96770889057103,175.98491325457232,177.46191786931578,26799100
2020-05-20,178.56207275390625,178.7448112495251,176.90782855994968,177.74456306574825,31261300
2020-05-21,176.4172821044922,179.533418973766,176.28263503038082,178.31196822440754,29119500
2020-05-22,176.4942626953125,177.4079551864606,175.56134538624914,176.1865041788996,20826900
2020-05-26,174.62844848632812,179.36996380985485,174.17641576810772,179.21607720887897,36073600
2020-05-27,174.85926818847656,175.0323942878647,169.84845852269032,173.31081908067463,39517100
2020-05-28,174.46493530273438,177.10980072845376,173.48394123841643,173.8301787538916,33810200
2020-05-29,176.2442169189453,177.2252256734002,173.51279574227843,175.74409279455577,42130400
2020-06-01,175.8402557373047,176.00375473201476,174.52263669583186,175.56133446511552,22622400
2020-06-02,177.8407440185547,177.92729972334317,174.41684805843425,177.20597283257285,30794600
2020-06-03,178.27352905273438,178.83135691709936,176.56158115108394,177.7541801723573,27311000
2020-06-04,175.92681884765625,178.73518312737306,175.33052664472754,177.25406502881575,28761800
2020-06-05,180.04318237304688,180.5529188497244,175.05159812460795,175.63827789452034,39893600
2020-06-08,181.15884399414062,181.34158248707803,177.38871055580884,178.83136433108325,33211600
2020-06-09,182.54379272460938,183.4093791137121,180.10089079685483,180.81260527097092,29783900
2020-06-10,189.31463623046875,190.93041603596888,183.7075203170215,183.82294259447818,43872300
2020-06-11,179.14871215820312,188.27589039348896,178.95636129713398,185.74644795334137,52854700
2020-06-12,180.5625762939453,184.39041405455256,178.100434522734,183.25551863280364,43373600
2020-06-15,181.71665954589844,183.52479018430367,176.97513016181412,177.52334560341097,32770200
2020-06-16,186.16966247558594,188.10281319499808,184.14032897045007,185.51565181861656,42556700
2020-06-17,186.8140106201172,188.8144918452384,186.2850347498205,187.57380165168524,25687800
2020-06-18,188.81451416015625,188.97801314385646,186.58320283462774,186.58320283462774,23061600
2020-06-19,187.689208984375,191.67093194077478,186.9390303603743,190.99769659557288,44441100
2020-06-22,192.90203857421875,193.08476237883318,187.76618034321046,188.30476869991676,32818900
2020-06-23,194.19082641601562,196.15282916442922,193.72916662485534,194.36393783112553,30917400
2020-06-24,190.27639770507812,195.47957212608523,189.04533441504682,193.89265896054812,36740600
2020-06-25,192.68084716796875,192.9405289734381,187.99703563738979,190.23795974099886,27803900
2020-06-26,188.82411193847656,192.24800727406088,187.42954980578259,192.09412070999562,54675800
2020-06-29,190.8534698486328,190.9400255488383,186.15041935684664,188.29516042272184,26701600
2020-06-30,195.7296142578125,196.58558812606262,190.18021740064793,190.3148644807514,34310300
2020-07-01,196.87413024902344,198.46105805649927,194.05615385293052,195.37377281317845,32061200
2020-07-02,198.37449645996094,200.0672195294794,197.16267263327305,197.8166686007271,29315800
2020-07-06,202.64474487304688,203.05831321408388,200.1345269543769,200.84624136604685,31897600
2020-07-07,200.28843688964844,206.46299342310564,200.03838217956888,202.40432620501662,33600700
2020-07-08,204.69332885742188,205.1068825454956,200.71160518480016,202.03885130081824,33600000
2020-07-09,206.1263885498047,208.107630816804,203.38534037237588,208.05953942018644,33121700
2020-07-10,205.501220703125,205.8955495924322,203.01024202753055,205.45312930862335,26177600
2020-07-13,199.1535186767578,207.54975814011112,198.60530328933115,206.2802159852898,38135600
2020-07-14,200.38462829589844,200.86551291895032,194.30623961631412,198.24949939551328,37591800
2020-07-15,200.08644104003906,203.25066965948218,197.19152127528722,201.54833420989735,32179400
2020-07-16,196.1239471435547,197.8358949154313,194.57549835265152,197.54736125912407,29940700
2020-07-17,195.1237030029297,197.20111292778992,193.6906618834324,196.65291221893656,31635300
2020-07-20,203.51034545898438,204.1835808873771,195.2487378166776,197.1626635902949,36884800
2020-07-21,200.76930236816406,205.7608864134345,200.07682743266807,205.4915922357896,37990400
2020-07-22,203.6545867919922,204.18356267978473,200.42304234844087,201.2020728943579,49605700
2020-07-23,194.79669189453125,202.85632102133667,194.42160256174412,199.26892666668755,67457000
2020-07-24,193.6041259765625,195.10448344938112,189.9590128088561,192.757764458385,39827000
2020-07-27,196.05667114257812,196.1720787585936,193.18097574823958,193.76765558870883,30160900
2020-07-28,194.2965850830078,196.87411905954158,194.02729092651714,195.82579433067215,23251400
2020-07-29,196.25863647460938,196.82607682639207,194.2870065200846,194.75827874935055,19632600
2020-07-30,196.10470581054688,196.64330881246136,191.94025868776347,193.3155814017881,25079600
2020-07-31,197.17227172851562,197.2588420981307,191.40165730936522,196.58559200888473,51044000
2020-08-03,208.261474609375,209.31942649032277,202.3946919003363,203.43340429014904,78983000
2020-08-04,205.1357421875,206.5591711418944,202.2696741368333,205.98210376303905,49280100
2020-08-05,204.7991180419922,206.78036007416856,203.48149904835552,206.68417729233335,28806400
2020-08-06,208.0787353515625,208.09796016583763,203.4622410760064,204.22203215193588,32656800
2020-08-07,204.356689453125,207.45358705633134,202.86594444809575,206.63609214581507,27820400
2020-08-10,200.28843688964844,203.77966379903768,198.4610812707926,203.577685808849,36716500
2020-08-11,195.60459899902344,199.7113423793807,195.37376913806946,199.2400849253179,36446500
2020-08-12,201.1925048828125,202.2408298073974,196.9222472106155,197.44159613068345,28013100
2020-08-13,200.7212371826172,203.26993447044543,200.19226116624273,201.432951702415,22588900
2020-08-14,200.91354370117188,201.57716667731273,199.57668534178333,200.77889662452233,17958900
2020-08-17,202.24082946777344,203.11604297601048,200.93282274763425,201.58683344542064,20184800
2020-08-18,203.404541015625,204.24127539030485,201.2117087626888,202.48123627339507,21336200
2020-08-19,202.17050170898438,204.48433605371042,201.73666236650652,203.89623814606952,27627600
2020-08-20,206.87535095214844,207.2802687816684,201.40893818726215,202.01630757608652,26981500
2020-08-21,205.37127685546875,208.4852958841885,205.20738266563137,206.18111216204335,36249300
2020-08-24,206.0172576904297,207.7815515483313,204.80248978546697,207.0777523075201,25460100
2020-08-25,208.69741821289062,208.8323907772471,205.44842631386985,205.44842631386985,23043700
2020-08-26,213.20936584472656,214.1156164888868,209.55545633808472,210.0567892986447,39600800
2020-08-27,218.4444122314453,222.85031399933175,211.5222099169895,214.8869031488626,57602200
2020-08-28,220.69076538085938,222.35864391438022,218.44442455167797,219.98696615526066,26292900
2020-08-31,217.43212890625,220.48830526519728,216.25593299385923,218.84934833001745,28774200
2020-09-01,219.10963439941406,219.28316424780408,216.3715964228205,217.41281964587898,25725500
2020-09-02,223.33236694335938,224.49892714428938,219.186774554264,219.78450812069215,34080800
2020-09-03,209.49765014648438,221.0764149514486,207.2416734909171,221.03785766038192,58400300
2020-09-04,206.55715942382812,210.51958673446717,197.8224692950536,207.37664528723585,59664100
2020-09-08,195.38330078125,202.4886691159838,194.9398110520839,199.08541834725918,52924300
2020-09-09,203.7034454345703,207.12598259167555,199.27825683941433,200.1459503965038,45679000
2020-09-10,197.99595642089844,207.0295261252099,196.7812034219333,205.7376291392442,35461500
2020-09-11,196.7041015625,201.13893993522794,194.0142857217039,199.76027783808615,33620100
2020-09-14,198.03457641601562,201.68848665241032,196.70412182496585,196.90658806265512,30375800
2020-09-15,201.28353881835938,202.24763279285517,199.49995908117953,200.93646439910464,21823900
2020-09-16,197.6875,203.08641818405604,197.2922178846772,203.05749653765767,26328100
2020-09-17,195.62432861328125,196.9933404087499,192.7802540876502,192.86701902215202,34011300
2020-09-18,193.1947784423828,196.3377192996604,189.20343023503287,195.51824830098198,55225300
2020-09-21,195.267578125,195.4314870387103,189.3287706960141,190.1096844256315,39839700
2020-09-22,199.97238159179688,200.62797318073606,194.82412301110935,197.69711909649158,33517100
2020-09-23,193.38760375976562,200.6279588088789,192.8477134963183,200.4351282482994,30803800
2020-09-24,195.89425659179688,198.18880495343612,192.04751634626754,192.674186254827,31202500
2020-09-25,200.3580322265625,201.53421343173295,195.26760211629352,196.2413465202889,29437300
2020-09-28,201.9198760986328,204.93749542043562,200.58942149729197,203.30817399378694,32004900
2020-09-29,199.81814575195312,202.52726263697812,199.3843063320219,201.83311368072455,24221900
2020-09-30,202.7779083251953,204.3686576627396,199.12398354706886,200.27125784873533,33829100
2020-10-01,204.8314208984375,206.30648356450584,203.73235430978056,205.8244365570088,27158400
2020-10-02,198.78656005859375,203.41421456963553,198.15989008209905,200.53156798393945,33154800
2020-10-05,202.82611083984375,202.85503248445593,199.54818224502264,199.77957011282777,21331600
2020-10-06,198.51661682128906,202.63328797753456,197.46575779794253,201.3221341427664,28554300
2020-10-07,202.29583740234375,202.56578253428492,199.2975045981558,199.62529301395486,25681100
2020-10-08,203.01893615722656,203.6070341432271,200.84008879988295,202.9514425093848,19925800
2020-10-09,208.0611572265625,208.109364876492,203.64560423157073,203.64560423157073,26458000
2020-10-12,213.45042419433594,215.82210211245444,209.02523588185895,210.9341380480613,40461400
2020-10-13,214.8579864501953,217.12361320315324,212.51523041299765,214.7230138805025,28950800
2020-10-14,212.92984008789062,216.16919710446325,211.2619612841252,214.99300103404101,23421700
2020-10-15,211.7729034423828,212.44776633803352,208.2539513185699,209.30482501777007,22733100
2020-10-16,211.7729034423828,214.30846080110675,211.44511499462502,212.2453001138844,26057900
2020-10-19,206.5282440185547,214.31812629063617,206.04619695749204,212.5056246335498,27625800
2020-10-20,206.94277954101562,209.5651165033857,205.43879519425494,208.05149651216388,22753500
2020-10-21,207.08740234375,209.13127699720616,205.46771670993172,205.46771670993172,22724900
2020-10-22,207.17416381835938,208.30215205889513,204.09870153414894,206.24862708435433,22351500
2020-10-23,208.46603393554688,208.5142415759788,205.5062731126306,207.30912411971346,18879600
2020-10-26,202.53689575195312,208.57211968468354,200.62799350156,206.17153472596596,37111600
2020-10-27,205.5930633544922,206.96207518807358,202.77791039532232,203.99266364488963,36700300
2020-10-28,195.40255737304688,201.34137971615297,194.84339582006606,200.21339154467412,51195600
2020-10-29,197.3693389892578,199.91454674306794,196.06780611170038,196.74268372874974,31432600
2020-10-30,195.2001495361328,196.9547932916746,192.45247524250388,196.1931653633102,36953700
2020-11-02,195.06512451171875,197.90919863226637,192.93447047667257,196.95474035596692,30842200
2020-11-03,199.01795959472656,200.64728115424933,195.82681013124,196.56916678783827,27512000
2020-11-04,208.6203155517578,210.48102475949912,204.79286091087772,206.3354173097024,42311800
2020-11-05,215.2725372314453,216.07273699610258,213.20937671312765,214.067419762547,36080100
2020-11-06,215.6870880126953,216.30410751890832,210.2013913799596,214.27950444897837,25231900
2020-11-09,210.54852294921875,219.92915500407952,210.05684022369732,216.38129555760702,44395000
2020-11-10,203.4335174560547,208.7264000559414,202.18984237655891,206.79821160276876,44045100
2020-11-11,208.7745819091797,210.21107271428974,204.58076665743485,204.7639468915946,29440800
2020-11-12,207.70440673828125,211.2426298341461,206.75959876906526,209.41085718002645,21593900
2020-11-13,208.7360076904297,209.61333684950637,206.47039538853755,208.59139946021196,18621100
2020-11-16,209.43014526367188,209.92184264157314,206.81745863998765,207.1548827291727,24953300
2020-11-17,206.75962829589844,209.86399778093545,206.39326782839288,208.3407420401576,24154100
2020-11-18,204.0337371826172,207.98720141723928,203.8887356272991,206.51793786998968,28372800
2020-11-19,205.32899475097656,205.91863232371279,202.92211060992148,204.3237185160169,24792700
2020-11-20,203.36679077148438,206.16997748993987,202.9898102852173,205.11636725260652,22843100
2020-11-23,203.09613037109375,205.20335075756918,201.21122801864513,203.90808603839133,25683500
2020-11-24,206.72091674804688,207.0978971610704,201.88782696599156,202.59345394433416,33979700
2020-11-25,206.73060607910156,208.1032019962447,205.36768578248305,207.9292178198591,21012900
2020-11-27,208.04519653320312,209.0504875540624,206.89491870617218,207.67789170776135,14512200
2020-11-30,206.92396545410156,207.59091962355424,203.80177804398457,206.9529628201898,33064800
2020-12-01,208.99249267578125,210.0654392889138,206.2279644946104,207.3492302101503,30904500
2020-12-02,208.18051147460938,208.27717917323255,205.69631091372938,207.70687809984773,23724500
2020-12-03,207.08827209472656,209.15683428910256,206.51795619228346,207.44591608061737,25120900
2020-12-04,207.20425415039062,208.19020873101994,206.06363713565835,207.06892820790594,24666000
2020-12-07,207.13656616210938,208.34483867046168,205.87997455295917,207.21389737257437,24620000
2020-12-08,208.79917907714844,209.70780248850605,205.7833352006613,206.82728456161968,23284100
2020-12-09,204.72972106933594,208.04521414612762,204.1594199175519,207.97755854732677,32440600
2020-12-10,203.4924774169922,205.9670177685375,203.33781495766462,204.7007502253189,26733300
2020-12-11,206.1409454345703,206.19895490297574,202.12948671092505,203.03810997348486,30979400
2020-12-14,207.0496063232422,208.99251825885295,205.77367802543245,205.98633519997117,28798400
2020-12-15,206.98191833496094,208.228849072898,205.15501089368277,207.98719457140925,27000600
2020-12-16,211.96002197265625,212.76231678899637,207.55224566795277,207.58124303184513,35023300
2020-12-17,212.09530639648438,213.51623594670784,210.64537948804565,212.53028151913213,32515800
2020-12-18,211.29306030273438,212.3563461797524,208.80885929831607,211.29306030273438,63354900
2020-12-21,215.15951538085938,216.52245041664673,210.0267757241936,210.28776673623025,37181900
2020-12-22,216.4644317626953,218.09801850096594,214.44420373404742,215.25615929349158,22612200
2020-12-23,213.64195251464844,216.09715618189009,213.42929533684529,215.6621809543556,18699600
2020-12-24,215.31414794921875,216.14543997459992,213.81588717971067,214.02854430825604,10550600
2020-12-28,217.45040893554688,218.48468260749522,215.57516750760578,216.95742427700117,17933500
2020-12-29,216.6674346923828,219.59628626725498,216.11647006166908,218.7553332653871,17403200
2020-12-30,214.27987670898438,218.0980297073903,214.0768951834035,217.71137364772588,20272300
2020-12-31,214.99517822265625,215.55581844414547,212.3466395382597,214.29921206835382,20942100
2021-01-04,210.42311096191406,215.55585106457548,207.6392459234173,215.1015393465035,37130100
2021-01-05,210.62603759765625,211.22535073404586,208.49948113636825,210.00740272256485,23823000
2021-01-06,205.16468811035156,209.26315409193546,204.86503886453832,205.08735689378338,35930700
2021-01-07,211.00308227539062,212.01803434435266,206.57598385928867,206.89495488864898,27694500
2021-01-08,212.28866577148438,213.21662565195786,209.78512839261117,211.38004238315588,22956200
2021-01-11,210.22976684570312,211.60236271879523,209.495127681639,211.17704841316254,23031300
2021-01-12,207.75521850585938,209.85279273562114,206.19897754413532,209.27281598324308,23249300
2021-01-13,209.1181182861328,209.52409604456955,206.7885655477854,206.87557237056535,20087100
2021-01-14,205.90899658203125,210.20078340578132,205.63834468768863,208.70252236604196,29480800
2021-01-15,205.55136108398438,207.34927158503484,204.95206250010878,206.39232897522365,31746500
2021-01-19,209.2147979736328,209.73676519314427,205.53198582934345,206.61459324724566,30480900
2021-01-20,216.85110473632812,218.25269805550175,210.03644406447202,210.4327610321359,37777300
2021-01-21,217.46009826660156,218.7457022462725,214.99521889954593,217.19910722200376,30709400
2021-01-22,218.40736389160156,222.38984062351855,218.26237707162616,219.499647100157,30172700
2021-01-25,221.8678741455078,222.10952869537653,216.73513386620408,221.47155714386156,33152100
2021-01-26,224.57437133789062,226.36260586490377,222.39948074464863,224.12005967845974,49169600
2021-01-27,225.12535095214844,232.4136597299159,222.45749028980077,230.05510919174017,69870600
2021-01-28,230.95407104492188,234.54023092621532,227.242260831807,227.74490640736087,49111200
2021-01-29,224.21673583984375,230.07443903202116,223.6270982223468,228.11220551383425,42503100
2021-02-01,231.6500244140625,234.40489193033207,224.67104047230671,227.21325082419088,33314200
2021-02-02,231.51470947265625,234.2212432621335,230.72209025361812,233.24496423335825,25916300
2021-02-03,234.88821411132812,236.9084425364571,231.27305686418464,231.57272088487053,27158100
2021-02-04,233.93125915527344,235.12021012976894,232.34600593870223,234.55956981849803,25296100
2021-02-05,234.11489868164062,235.15884798981253,232.3943196596781,234.14389604441584,18054800
2021-02-08,234.3759002685547,235.54549995170504,232.77131062531117,235.033193520338,22211900
2021-02-09,235.6324920654297,236.58943451920874,233.3222754581876,233.79590887489155,23565000
2021-02-10,234.7142333984375,237.710740904883,232.848652642521,236.82145394977783,22186700
2021-02-11,236.32846069335938,236.96641741931037,234.06656316698633,236.60877344800525,15751100
2021-02-12,236.81175231933594,237.11140154346458,234.62718617028378,235.7871248360226,16561100
2021-02-16,235.5648193359375,237.91370890204416,234.81085842568626,236.8504231314739,26728500
2021-02-17,236.59178161621094,236.69835508348032,233.43335443328655,233.80152000810648,21653500
2021-02-18,236.1945343017578,236.3301719060533,233.3558277320773,234.26654369665704,16925600
2021-02-19,233.46241760253906,236.26237710355275,232.69702230897636,236.15580363672976,25262600
2021-02-22,227.2036895751953,230.51713557121292,225.15942734796724,230.02303026086193,36446900
2021-02-23,226.0023193359375,227.51371411427684,221.60375783139497,223.15391466134827,30228700
2021-02-24,227.242431640625,227.87217451705584,221.86534286345696,222.84387027633628,26339700
2021-02-25,221.85568237304688,227.28120209153397,220.78026450791478,224.84940799262813,39542200
2021-02-26,225.1400604248047,228.03689564251732,222.38853116648465,224.31653679331382,37819200
2021-03-01,229.5579833984375,230.0714697229306,225.88605502133595,228.55037699247214,25324000
2021-03-02,226.5836639404297,229.90680834281554,226.1767510146385,229.62583515234917,22812500
2021-03-03,220.47021484375,226.30266188870135,220.17955858612814,224.92690470490857,34029500
2021-03-04,219.66607666015625,225.24662961116286,217.27302991856118,219.6757745650853,44727800
2021-03-05,224.38438415527344,226.00235263888283,219.4045241932264,222.3691858927378,41872800
2021-03-08,220.30552673339844,226.09921208523954,220.05363251232438,224.1615232921991,35267400
2021-03-09,226.49642944335938,228.04658630633378,224.45216728721525,225.62447544755597,33080500
2021-03-10,225.1787872314453,229.61609583638315,224.81062167199312,229.61609583638315,29746800
2021-03-11,229.74208068847656,231.71851678891136,227.0099323441836,227.63969008349994,29907600
2021-03-12,228.40505981445312,228.47288601625857,225.9635678671186,226.71926529168064,22653700
2021-03-15,227.49432373046875,227.86248928870114,224.58779088141023,227.63965924295601,26034900
2021-03-16,230.3040008544922,232.58077624562418,228.58914218651876,228.9185457230991,28092200
2021-03-17,229.65484619140625,231.11781054465584,225.96355177657608,228.79257535640232,29562100
2021-03-18,223.5317840576172,226.8936753520087,223.1539353280391,225.314454228786,34833000
2021-03-19,223.1732940673828,225.22723928628108,222.20444975154157,223.8224179849895,46430700
2021-03-22,228.63760375976562,229.51924096109343,222.96985789615292,223.095812403511,30127000
2021-03-23,230.17803955078125,233.53993058565143,229.68393426051932,230.09084710839232,31638400
2021-03-24,228.1240997314453,230.58495790353862,227.9884621122495,230.43963716275442,25620100
2021-03-25,225.10130310058594,229.5579932292461,224.35530356076237,227.9690890133867,34061900
2021-03-26,229.1123046875,229.33514952906452,224.33590920184497,224.33590920184497,25479900
2021-03-29,227.9109649658203,229.42235988429118,224.65564714780902,229.21889605293123,25227500
2021-03-30,224.6265869140625,226.56427577324476,223.89995359186915,226.25423845974706,24792000
2021-03-31,228.4244384765625,231.65069196343762,225.1497398150981,225.65354302072146,43623500
2021-04-01,234.7994384765625,235.27416275546804,230.63340473786727,231.0403175983828,30338000
2021-04-05,241.31008911132812,242.1723600621035,235.13854004373582,235.19666834415327,36910600
2021-04-06,240.13772583007812,241.62973940473668,239.18826264620452,239.89551477823562,22931900
2021-04-07,242.1142120361328,243.11212059531007,239.48865196492017,240.08933076816288,22719800
2021-04-08,245.35984802246094,246.22211896020715,244.1487925040875,244.89480684275546,23625200
2021-04-09,247.87884521484375,248.01448283926808,244.57508226867415,244.99167826390885,24326800
2021-04-12,247.93698120117188,249.6421568563987,246.6871636099301,246.77437084385804,27148700
2021-04-13,250.43655395507812,251.11475679262878,248.82826886707707,249.24489438734588,23837500
2021-04-14,247.62692260742188,250.76596882406537,247.2103266350714,249.45805261165256,23070900
2021-04-15,251.41513061523438,251.83172662581293,249.7002866111502,249.8940377578728,25627500
2021-04-16,252.61642456054688,252.86833351123747,249.57426917961914,251.38600308367032,24878600
2021-04-19,250.67877197265625,253.3334255368657,249.78745174826844,252.08360807501018,23209300
2021-04-20,250.2137451171875,252.0933054751433,248.83797316475645,249.7874512483656,19722900
2021-04-21,252.46148681640625,252.55837717976985,249.235247640591,250.87259721103646,24030400
2021-04-22,249.15769958496094,253.6240575790606,247.67535421747,252.10296494458126,25606200
2021-04-23,253.0137176513672,253.36251702181963,249.2545965223237,249.84560700091777,21462600
2021-04-26,253.40126037597656,254.26354614998954,252.06427983780992,253.50784864285754,19763300
2021-04-27,253.80819702148438,254.9901885042794,252.0158287677756,253.43033347118995,31014200
2021-04-28,246.6290283203125,248.54735087807907,245.06918824357493,248.10166116559355,46903100
2021-04-29,244.6428680419922,248.12103030258325,241.24222988253615,247.50097054402,40589000
2021-04-30,244.32315063476562,245.19511938249752,241.82354532808395,241.9591829399457,30945100
2021-05-03,244.0131378173828,246.42556556334108,243.29618767860939,245.50515160701323,19626600
2021-05-04,240.06993103027344,243.3833916621187,238.10317821481738,243.1508636999251,32756100
2021-05-05,238.79103088378906,241.72662762376322,238.16128806786443,241.30033381090809,21901300
2021-05-06,241.9495086669922,242.07546317009124,237.0665393796536,238.77170020723054,26491100
2021-05-07,244.59445190429688,246.37712196610335,243.3446344100169,244.2940977367673,27032900
2021-05-10,239.4789581298828,243.88720322499447,239.4208298296639,243.0539964272736,29299900
2021-05-11,238.5585174560547,238.91699988414197,235.0125587079232,236.93086619899634,33641600
2021-05-12,231.55381774902344,236.76620549012645,230.6527995291248,234.6250528045745,36684400
2021-05-13,235.45826721191406,237.94820456253723,233.8984270447429,234.26659266910417,29624300
2021-05-14,240.41871643066406,241.41662491559035,237.8416017283623,237.92879417072098,23901100
2021-05-17,237.541259765625,238.90733389963685,235.93298931819714,238.8685866288401,24970200
2021-05-18,235.50668334960938,238.73293676771192,235.33228368148391,238.5972991517883,20168000
2021-05-19,236.0893096923828,236.19612924110453,231.7000323499718,232.3894918591993,25739800
2021-05-20,239.35215759277344,240.7796485451355,236.8079288721816,236.9050429466048,21800700
2021-05-21,238.08004760742188,241.14866867824392,237.66248967828938,240.410652078659,21863100
2021-05-24,243.52781677246094,243.89683248314228,240.35237612653503,240.62427776044936,21411500
2021-05-25,244.44065856933594,245.44087141978872,243.5666910669596,244.4892156122522,17704300
2021-05-26,244.21728515625,245.62535032961603,243.4986795313988,244.15900782110472,17771600
2021-05-27,242.10032653808594,244.20757161623504,242.04206401885574,243.90653872186056,24426200
2021-05-28,242.45960998535156,244.79021436222888,242.34308495264216,243.74144461526313,18270200
2021-06-01,240.2455596923828,244.02306617429545,239.81829627462554,243.96480365448892,23213300
2021-06-02,240.1484832763672,242.06151521881094,238.730697616918,240.95448278459475,19406700
2021-06-03,238.60446166992188,239.2162329897314,235.97282406699287,238.12862636115537,25307700
2021-06-04,243.53750610351562,244.37263672873783,240.35236018813947,240.5951305464305,25281100
2021-06-07,246.47023010253906,246.74213177790864,242.5859035200822,242.75098562173304,23079200
2021-06-08,245.26608276367188,248.60660578316927,245.20780542191213,247.78118050982368,22455000
2021-06-09,246.25656127929688,248.14046181556878,245.8875603743513,246.47020040098926,17937600
2021-06-10,249.80101013183594,250.0146492596862,246.33425667995448,246.9363225034259,24563600
2021-06-11,250.4322509765625,251.01487623532694,249.1892380643745,250.52933542965062,18999700
2021-06-14,252.37437438964844,252.43263690633452,249.37370660504322,250.4419021360454,19150500
2021-06-15,250.88858032226562,252.4714477713821,250.22825207203698,252.25780867453716,18038900
2021-06-16,249.93699645996094,253.0444399171671,247.06258829487396,251.8985706979797,27220000
2021-06-17,253.3551788330078,254.18060410477227,248.606605306954,248.66486783107308,27565500
2021-06-18,251.9276580810547,254.71465715205534,251.26732979535822,252.12188622863812,37202200
2021-06-21,255.03512573242188,255.89937281193914,250.46134040473066,252.30638923110882,26696100
2021-06-22,257.8319396972656,258.1038414174407,254.81185987150826,255.1226131617269,24694100
2021-06-23,257.5987854003906,259.1136702081878,256.7830804758119,258.297965283609,19518700
2021-06-24,258.9776916503906,260.10414959020443,257.7929711994702,258.4630197122478,21446900
2021-06-25,257.35601806640625,259.52154056084777,257.1035570188217,258.53104806250064,25611100
2021-06-28,260.94903564453125,261.12382321134737,258.2202988562477,258.49220050520296,19590000
2021-06-29,263.551513671875,263.79428404733454,260.2304315312195,261.09467865762656,19937800
2021-06-30,263.0660095214844,263.5126987766625,261.8036152474793,262.86209067554256,21656500
2021-07-01,263.7457580566406,263.9788081482054,261.80359493344747,261.81328559722436,16725300
2021-07-02,269.6208190917969,269.9607036024812,264.61975443048965,264.93050767654734,26458000
2021-07-06,269.6304931640625,271.29103423320447,266.3676439099872,269.98978857787716,31565600
2021-07-07,271.8348388671875,272.57287029497894,269.13523346585987,271.3201668544002,23260000
2021-07-08,269.39752197265625,270.66963674085525,266.92124563859437,268.89254047775546,24618600
2021-07-09,269.9024658203125,270.00927058871605,267.35823635944115,267.7466631350974,23916700
2021-07-12,269.3003234863281,271.6794553343017,268.58170303838267,271.0871098555795,18931700
2021-07-13,272.8545227050781,274.6704405825454,269.36834326530374,269.4945589817365,26120100
2021-07-14,274.3402099609375,275.4569476201697,272.43686912019115,274.18483338403666,23113700
2021-07-15,272.9030456542969,274.34025701082527,271.7377359452136,273.84499593920634,22604200
2021-07-16,272.6311340332031,275.8842630199159,271.3784305870248,273.91296873929,26186800
2021-07-19,268.99932861328125,272.262148626484,266.5133620408241,270.8637887250945,32935600
2021-07-20,271.2425231933594,272.84480192743007,268.2710158290657,269.9898196150602,26259700
2021-07-21,273.2623291015625,273.3788541403496,269.2711983478269,270.8346253433129,24364300
2021-07-22,277.86529541015625,278.13719706508346,275.2239523472671,275.631790012129,23384100
2021-07-23,281.2932434082031,281.6039670232928,278.21490144182826,279.05973776218843,22768100
2021-07-26,280.6911315917969,281.31263805604874,278.35085095657047,280.6425893646157,23176100
2021-07-27,278.2536926269531,281.2057589576156,274.7675137069204,281.06010266417087,33604100
2021-07-28,277.9429626464844,281.75930602859256,275.6220635153192,280.63284787349374,33566900
2021-07-29,278.2148742675781,280.27356248739034,277.80700696221055,277.96238357210973,18168300
2021-07-30,276.67083740234375,278.37023004995433,275.6997558894234,276.9233280789209,20944800
2021-08-02,276.58343505859375,278.47702616912403,275.53465046148176,278.0788792049477,16267400
2021-08-03,278.8169250488281,278.9237594277011,275.78715540709163,277.166104223552,17879000
2021-08-04,278.2245788574219,279.27333387120336,276.41835180000385,277.94295691568954,16191300
2021-08-05,281.1474914550781,281.2543258250797,277.8264094832069,278.58385183074364,13900200
2021-08-06,281.0892639160156,281.1281154767647,279.3024773773098,280.16675420239426,16589300
2021-08-09,279.9919128417969,283.11879642354194,279.4869611358521,281.3708615963786,16117600
2021-08-10,278.1565856933594,280.88532232247246,276.9524541232327,280.4483237958657,18616600
2021-08-11,278.65185546875,280.31239657877944,277.59335052758973,278.9043165134262,13955900
2021-08-12,281.4291687011719,281.5845453203221,278.05951421319276,278.34113618759375,14561300
2021-08-13,284.3812255859375,284.4297678073222,280.9338684510055,281.10868564511316,18249000
2021-08-16,286.0806884765625,286.29432764621794,281.63311748148067,284.7114596576432,22507600
2021-08-17,284.60455322265625,284.9444376749565,282.6623902210043,283.9345342513374,20075300
2021-08-18,282.8630676269531,286.84239162860615,282.4154935154264,284.13761760117325,21813000
2021-08-19,288.7395935058594,289.42066385525385,280.8296107571567,280.8782459142021,29850500
2021-08-20,296.1241760253906,297.564138750217,289.99466234438563,291.6097472448316,40817600
2021-08-23,296.4063415527344,297.1360469872275,293.6821198073429,295.04423068003865,22830200
2021-08-24,294.43133544921875,297.379344838527,293.8281169135274,296.76638739361596,18175800
2021-08-25,293.8377380371094,296.34791119047264,292.29076637290643,296.0657501623749,20006100
2021-08-26,290.996826171875,294.24644449964364,290.8606299155867,292.8454075366568,17666100
2021-08-27,291.60968017578125,292.72855562951173,288.7978683383937,290.8994230378494,22605700
2021-08-30,295.375,295.98795725980915,292.91346174627216,292.97183580036943,16348100
2021-08-31,293.7113037109375,296.26040325094897,293.34158154404304,296.182581069819,26285300
2021-09-01,293.6626281738281,296.93172380625083,293.3318319554394,294.67449464241,18983800
2021-09-02,293.00103759765625,295.1512278767317,292.0572840864584,294.02264297943333,16285600
2021-09-03,292.9913330078125,294.4118179045232,292.1351405686588,292.8453681711195,14747900
2021-09-07,292.0572814941406,292.94266094043985,290.1308782453432,292.8648387623403,17180400
2021-09-08,292.08648681640625,292.47565711485584,289.4206390956464,291.6681294878677,15046800
2021-09-09,289.20654296875,293.9642359259953,288.9633078611228,292.67994743169504,19927000
2021-09-10,287.70819091796875,291.8042912881919,287.3871336575543,290.3448807209216,19633400
2021-09-13,288.95361328125,290.4616889949505,286.12235263113655,289.4984576305718,23652900
2021-09-14,291.67779541015625,293.2345059062177,290.0335238457379,291.4540084409443,21853400
2021-09-15,296.5717468261719,297.05821710322084,293.65292516387797,295.0539619371222,28356300
2021-09-16,296.9609069824219,297.04846806628996,292.621600572826,295.5404221355816,19550800
2021-09-17,291.75567626953125,296.26039574034155,291.4248800474828,295.9393384251087,41372500
2021-09-20,286.33636474609375,290.6367746323378,281.68571054723094,288.31143268701317,38278700
2021-09-21,286.8228759765625,289.48875340143735,286.11264834385094,287.68880735952234,22364100
2021-09-22,290.5005798339844,292.0962166071544,286.54073431381653,288.7006635483579,26626300
2021-09-23,291.4541320800781,292.7578691372064,289.4790635223083,290.76335245325697,18604600
2021-09-24,291.249755859375,291.68756128620737,288.8952266940731,290.1600672079849,14999000
2021-09-27,286.2099609375,288.4477125312532,285.01323326207313,288.12665518466116,23571700
2021-09-28,275.84808349609375,282.9116411202936,275.0989299902921,281.95814872871944,43186200
2021-09-29,276.31512451171875,279.01015922724287,275.35192283961766,277.3853650872701,26353700
2021-09-30,274.2914123535156,280.0414648633576,273.99951237404537,277.97883565230666,32343600
2021-10-01,281.27716064453125,282.13335320615363,273.6784961978228,274.4860239096568,30086300
2021-10-04,275.4491882324219,279.96364669177837,272.66659247739665,279.62311155674934,31350700
2021-10-05,280.9462890625,282.5418959336187,276.3637182428957,276.3637182428957,24993000
2021-10-06,285.1786193847656,285.68456752500765,277.7842942055807,278.04697749177325,28002600
2021-10-07,286.87152099609375,288.6130928572029,285.9666934298941,287.1925783063686,20430500
2021-10-08,286.87152099609375,288.6130928572029,285.8110193821949,288.204444770519,17685700
2021-10-11,286.2682800292969,289.90706782029025,284.82831747054786,284.99373041185953,19298600
2021-10-12,284.954833984375,287.4455594253329,284.439176678828,287.3482594316508,17974100
2021-10-13,288.2920227050781,289.2357762613097,285.5483231261215,286.92991182283413,23416300
2021-10-14,294.5577392578125,295.0636576337203,289.7708588865771,291.11352154040367,27262900
2021-10-15,295.978271484375,296.2117974344717,292.3881180539877,294.15887719090676,25384800
2021-10-18,298.974853515625,299.8699420253467,294.49932189166555,295.35551416481405,22729300
2021-10-19,299.8894958496094,300.93051973981215,298.9068163290552,300.00624397248885,17682100
2021-10-20,299.0916442871094,301.31968635787115,297.8268038151897,300.8429253198746,16537100
2021-10-21,302.3509826660156,302.6039269916997,298.0700209478409,298.8581300259759,16918100
2021-10-22,300.79437255859375,302.67214112204863,299.47115766927385,302.0008096141944,17449300
2021-10-25,299.7922058105469,301.02782974112984,298.1673818683796,300.988903801613,17554500
2021-10-26,301.7185974121094,303.9466397160432,300.24947728582384,302.5845288044777,28107300
2021-10-27,314.4251708984375,317.27587922388585,307.44917497156416,307.44917497156416,52588700
2021-10-28,315.57330322265625,316.07922166753383,312.664190512182,315.55382540706614,26297900
2021-10-29,322.6465759277344,323.01629812808585,315.13547286792766,315.3592599080858,34766000
2021-11-01,320.45745849609375,322.5200879321367,317.5386365337403,322.3936008964146,27073200
2021-11-02,324.1156921386719,324.42704024259035,321.070383448009,321.3719926449958,26487100
2021-11-03,324.962158203125,325.83779879884713,321.7028012768014,324.86485820542464,21500100
2021-11-04,327.3361511230469,327.4334511253536,320.59367961745886,323.8822237295986,23992200
2021-11-05,326.9664306640625,329.6225693129886,325.3708234465766,329.35014712015965,22570100
2021-11-08,327.8712158203125,328.5133601255221,325.3902293749106,328.1728250056974,20897000
2021-11-09,326.8594055175781,329.5544402828725,325.4778168051175,327.9879904815941,21307400
2021-11-10,321.84869384765625,325.5750724548764,320.99253117981675,325.51669840233706,25500900
2021-11-11,323.43463134765625,324.73836816774383,321.56660205300165,322.2865685840883,16849800
2021-11-12,327.6084899902344,328.104699091538,324.7577817676302,324.88426876927895,23831000
2021-11-15,326.97613525390625,328.73715526054144,324.9913282334452,328.4063590390961,16723000
2021-11-16,330.32305908203125,331.45167369483414,326.43129684138256,326.596680109208,20886800
2021-11-17,330.5472717285156,333.53967135053256,329.45558932799054,330.37182914545576,19053400
2021-11-18,332.64288330078125,333.79307619801,328.5977988226618,329.63100026296854,22463500
2021-11-19,334.4363708496094,336.3760850713237,333.54940128002426,333.9782807237924,21963400
2021-11-22,331.2392883300781,340.8305652083509,330.96636775198823,335.90820833186706,31031100
2021-11-23,329.1436462402344,330.8689207458857,325.12780211332137,328.5295675006712,30427600
2021-11-24,329.3677673339844,329.61144742910176,325.46888581210635,327.7789683544422,21661300
2021-11-26,321.3458251953125,329.38726876713554,319.8252636996018,325.8977827054679,24217200
2021-11-29,328.1201477050781,330.45947082061525,326.2779117884493,326.47286777562203,28563500
2021-11-30,322.2328796386719,329.24112313353976,320.67332072918714,326.8433187860478,42885600
2021-12-01,321.73577880859375,330.70322067992856,321.0632489270515,326.6581359348588,33337600
2021-12-02,321.1606750488281,325.05955737688157,319.5133948855366,321.95019634057,30766000
2021-12-03,314.8445129394531,324.2895580055808,309.99039360562415,323.59748495707225,41779300
2021-12-06,317.9440612792969,319.17221854695055,311.1600153761909,315.7606970222299,30032600
2021-12-07,326.45343017578125,327.31115930058763,321.75526983487015,323.2563478589764,31021900
2021-12-08,326.50213623046875,327.01873692011065,322.4375385432032,326.83353764022866,24761000
2021-12-09,324.679443359375,327.98373078188104,323.7242064464456,325.95632498751337,22214200
2021-12-10,333.8807678222656,334.32913092258076,326.32668396031227,326.51188323468114,38095700
2021-12-13,330.8201904296875,335.09922846181,330.5082726752952,332.06783170114227,28899400
2021-12-14,320.03973388671875,326.18049104721393,315.91665535379093,324.7963748122244,44438700
2021-12-15,326.19024658203125,326.7166040409797,316.2968383277808,320.30292576159496,35381100
2021-12-16,316.68670654296875,328.24690794556454,314.85422711604616,327.2234335016627,35034800
2021-12-17,315.6145324707031,316.70624457817166,309.23012415414564,312.76836484947194,47750300
2021-12-20,311.8229064941406,314.63983388337704,309.54206359796984,311.9593519258181,28326500
2021-12-21,319.0163269042969,319.4452063660024,311.71564907625043,315.1174443405108,24740600
2021-12-22,324.77691650390625,325.17652577417107,317.5152361201352,320.00076175693624,24831500
2021-12-23,326.229248046875,327.88628500622485,324.3188039526258,324.3382876565064,19617800
2021-12-27,333.7930603027344,333.8223007290445,326.9505030850571,326.97974351136725,19947000
2021-12-28,332.6234436035156,335.11872625129894,331.7169604786969,334.4754070106198,15661500
2021-12-29,333.30572509765625,335.5962947384565,331.0930902713968,332.67213290310735,15042000
2021-12-30,330.7421875,334.4558704532569,330.2548272200859,333.26671018042197,15994500
2021-12-31,327.81805419921875,330.7811835404105,327.3599343065963,329.9526947897241,18000800
2022-01-03,326.2877197265625,329.45556166565535,321.44335717139757,326.87255803377127,28865100
2022-01-04,320.6927795410156,326.72630140776477,317.8758232083439,326.365629860419,32674300
2022-01-05,308.3821105957031,317.82715566315363,307.99222830188074,317.62244291835424,40054300
2022-01-06,305.94525146484375,310.6434110479018,303.61565537319757,305.233694846678,39646100
2022-01-07,306.10125732421875,308.49906160684895,302.2510991592749,306.208462309203,32720000
2022-01-10,306.32537841796875,306.7640145093251,296.98756979933967,301.66621595864194,44289500
2022-01-11,307.01751708984375,308.6062867421379,302.05619261480143,305.45795812071515,29386800
2022-01-12,310.224365234375,315.2344442133843,309.0644451515652,311.58899809376317,34372200
2022-01-13,297.09478759765625,312.7683094257435,296.31502311946934,312.3686704631875,45366000
2022-01-14,302.3583068847656,302.9626288271662,296.07134784685803,296.55870809022736,39846400
2022-01-18,294.9991455078125,301.9683909477129,294.1121463069367,296.3832616691845,42333200
2022-01-19,295.6620178222656,305.97457952025655,295.04796876596794,298.5472125210274,45933900
2022-01-20,293.9757385253906,303.7716686441557,293.5273753788874,301.2569025877284,35380700
2022-01-21,288.5465087890625,296.4222373507072,288.1371130902582,295.03815089678267,57984400
2022-01-24,288.8779602050781,289.59924398211297,269.0716290518468,284.81339166905053,85731500
2022-01-25,281.1971435546875,287.53282761644834,277.9610936871108,284.15054585824845,72848600
2022-01-26,289.2093200683594,300.70128344362456,285.6223556577579,300.2041664546708,90428900
2022-01-27,292.2601623535156,299.53156823813964,290.3984428124213,295.0088810317453,53481300
2022-01-28,300.46734619140625,300.6817858879267,287.00645867474344,292.64034188757194,49743700
2022-01-31,303.11865234375,304.48325536709507,298.6251744732426,301.13997052337095,46444500
2022-02-01,300.9548034667969,302.77752660184353,297.4165622064743,302.563086836184,40950400
2022-02-02,305.5359191894531,307.153958998636,301.07171180931266,301.8027522790337,36636000
2022-02-03,293.63458251953125,303.3623048747538,292.37718460904244,301.6662707931768,43730000
2022-02-04,298.20599365234375,300.99368001825854,292.3869110481771,292.62083445060097,35096500
2022-02-07,293.3421936035156,300.0580034618296,292.3187190660639,298.4302366225692,28533300
2022-02-08,296.8609619140625,297.8356827056758,292.3675133428617,293.63463847351187,32421200
2022-02-09,303.3428039550781,304.0446040101406,299.6193936938848,302.0366818587895,31284700
2022-02-10,294.73602294921875,301.3056303449397,293.0984994627188,296.35406273211004,45386200
2022-02-11,287.5815734863281,296.5977390154296,286.7822954571139,295.52554040869245,39175600
2022-02-14,287.54254150390625,289.2580590668876,283.9848177023169,286.34362460530787,36359500
2022-02-15,292.874267578125,293.1959122523696,289.51146998047835,292.425904480475,27058300
2022-02-16,292.5324401855469,293.87056377377104,286.84782935265383,291.42872370544427,29982100
2022-02-17,283.96649169921875,289.8952570600071,283.2534636289958,289.46549079954667,32461600
2022-02-18,281.2315979003906,287.02363540315076,279.64929030136784,286.23248160363937,34264000
2022-02-22,281.0265197753906,284.757658935988,277.8814282527732,278.3697963164863,41736100
2022-02-23,273.749755859375,284.9138696828372,273.5837274511273,283.4292120602157,37811200
2022-02-24,287.7366638183594,288.2934105099022,265.2033564275611,266.1703453675087,56989700
2022-02-25,290.393310546875,290.7058731483422,284.86498248981576,288.2738106098228,32546700
2022-02-28,291.8389587402344,292.18082230287547,286.1836489356128,287.46317071518655,34627500
2022-03-01,288.0883483886719,292.99155328449973,285.35346919844056,289.50459796595675,31217800
2022-03-02,293.20635986328125,294.4565806556287,286.8673532451619,288.4887086508064,31873000
2022-03-03,289.03570556640625,296.0779631792229,287.2091843638998,295.84355609766686,27314500
2022-03-04,283.11669921875,288.78178623480954,280.4893066480175,287.4436626057288,32356500
2022-03-07,272.4215087890625,282.9507242838141,272.05034424794263,281.8177066663624,43157200
2022-03-08,269.4326171875,277.35393141724774,263.71870593080934,271.3372344013198,48159500
2022-03-09,281.7882995605469,282.8627149831323,274.2478974233293,276.84601842426736,35204500
2022-03-10,278.9460144042969,279.932527245234,274.0525577910819,276.4357958767806,30628000
2022-03-11,273.554443359375,282.77483306779743,272.92931804671525,281.2608744679834,27209300
2022-03-14,270.0088806152344,278.7604261286971,269.4033091129183,273.8181447488476,30660700
2022-03-15,280.4697265625,281.1241527748077,272.2456264243549,273.8279339194195,34245100
2022-03-16,287.54132080078125,287.71712612417315,276.61164274900227,282.3841261870192,37826300
2022-03-17,288.3520202636719,288.7329318263678,282.63810836228123,286.4669268253734,30816600
2022-03-18,293.4407653808594,293.99751200925596,285.91991667914493,288.4984840087681,43390600
2022-03-21,292.20037841796875,293.15759053708035,288.0394730484602,291.9366703988556,28351200
2022-03-22,296.98638916015625,297.9045235188898,291.8194466192192,292.82548365387976,27599700
2022-03-23,292.522705078125,296.1757186114103,290.79389279350517,293.51899504521293,25715400
2022-03-24,297.02545166015625,297.1231312309202,291.379918238393,292.18084898798924,24484500
2022-03-25,296.6151428222656,298.3928092653331,292.32728783883726,298.1291013103075,22566500
2022-03-28,303.47186279296875,303.5695125390462,297.25002993338984,297.25002993338984,29578200
2022-03-29,308.07232666015625,308.47279202478853,301.8602697702275,306.607222558749,30393400
2022-03-30,306.55841064453125,308.5998155413651,304.33145329197225,306.4607608702412,28163600
2022-03-31,301.13751220703125,307.80863663067623,300.7272997269449,306.5974635669247,33422100
2022-04-01,302.22174072265625,302.9152151074411,298.4319993393961,302.1728860260449,27110500
2022-04-04,307.6425476074219,307.77927515123645,302.5049065671156,302.87607102658353,24289600
2022-04-05,303.6477355957031,307.54490325102927,302.66122255708814,305.98211946744385,23156700
2022-04-06,292.5324401855469,299.8579603905272,289.80733832316116,298.09007056566804,40110400
2022-04-07,294.35888671875,296.5858433277945,289.4556833430118,289.75846908051597,31411200
2022-04-08,290.0613098144531,294.114758514282,289.3873595463898,293.45058514528654,24361900
2022-04-11,278.6237487792969,285.80273525157804,278.3697878554464,285.0018343052239,34569300
2022-04-12,275.4981384277344,283.97619928160407,273.9646558393346,282.5110953632232,30966700
2022-04-13,280.9288330078125,281.86649131999866,274.75585368671136,276.1526089669584,21907200
2022-04-14,273.3200378417969,281.6027703397435,272.8219227216766,281.387887214799,28221600
2022-04-18,273.9939880371094,275.88885837270146,271.86471058622556,272.42145729266235,20778000
2022-04-19,278.66278076171875,279.5125661563599,271.93308493466304,272.88052008737515,22297700
2022-04-20,279.6980895996094,282.96041387141395,278.7311305570008,282.66737520470974,22906700
2022-04-21,274.27716064453125,286.47658049334734,273.54460883985246,281.8663866102643,29454600
2022-04-22,267.6549377441406,276.6116190711728,267.0200653700481,275.12696142486067,29405800
2022-04-25,274.1893615722656,274.5702731546205,264.4708253695772,266.93221943989084,35678900
2022-04-26,263.9336242675781,271.88424044488903,263.7187411380498,271.0442617252178,46518400
2022-04-27,276.6311340332031,284.2008370185748,272.6655887893465,275.5371946290514,63477700
2022-04-28,282.8920593261719,284.21065891974973,274.9121128968321,278.5553489961394,33646600
2022-04-29,271.0638122558594,283.1362868654888,270.0675520892039,281.8958128477305,37073900
2022-05-02,277.8520812988281,278.311148394919,269.7940095834317,271.24933663359343,35151100
2022-05-03,275.22467041015625,277.5200059843768,273.63258595213057,277.35394774810663,25978600
2022-05-04,283.23394775390625,284.1130042909022,270.29219430347206,276.01585359728927,33599300
2022-05-05,270.89776611328125,279.6883911046849,267.9577808832732,278.89723724006825,43260400
2022-05-06,268.3387145996094,272.75355096051,264.9591862936349,268.4168403708345,37780300
2022-05-09,258.4248046875,266.02380977876237,257.19413756371176,263.77732884162907,47726000
2022-05-10,263.2303466796875,267.3814745957865,258.9034134409699,265.3694008610631,39336400
2022-05-11,254.48855590820312,265.0470698093577,253.26763589366055,259.49921641710455,48975900
2022-05-12,249.40956115722656,253.83417435707582,244.20355612148884,251.69511998155738,51033800
2022-05-13,255.04530334472656,256.92064960797495,249.40954727163364,251.36301930069266,34925100
2022-05-16,255.4164581298828,259.635964706736,249.82952714597997,253.91227637831992,32550900
2022-05-17,260.6127014160156,262.0875524770811,256.3541170419708,259.91919740852256,28828800
2022-05-18,248.74710083007812,258.06728913926753,247.46459889192343,257.4798766012705,31356000
2022-05-19,247.82681274414062,252.26174575927817,246.5932644172971,248.57085563260682,32692300
2022-05-20,247.2589874267578,253.11348329139824,241.2674455738901,251.84075121106358,39199300
2022-05-23,255.1792449951172,256.0114104308183,248.1107834432073,250.12755891886212,33175400
2022-05-24,254.1708221435547,255.84492252938776,248.1792798135891,252.47715229414266,29043900
2022-05-25,257.00994873046875,259.0267089356945,251.73309514558585,252.72190578456176,28547900
2022-05-26,260.3190002441406,261.5035951035618,255.94282019309284,256.76518578883463,25002100
2022-05-27,267.5048828125,267.6027898610932,261.94410902602965,262.844812045236,26910800
2022-05-31,266.1636962890625,269.0028220056436,263.28540176977856,266.8098470869673,37827700
2022-06-01,266.70220947265625,271.8615870681491,264.37215834016047,269.4238590586785,25292200
2022-06-02,268.81683349609375,268.88537143818104,256.1092895413846,258.89947693179,44008200
2022-06-03,264.3525390625,267.7105694939504,262.77634569587696,264.636460617641,28059000
2022-06-06,263.1091613769531,268.4251830298194,261.611275997498,266.349684844121,22400300
2022-06-07,266.78045654296875,267.3972381586055,260.3581477591067,261.04346730471207,22860700
2022-06-08,264.734375,267.2700099708886,263.9511482533452,266.0070773823765,17372300
2022-06-09,259.2322692871094,266.9860178284431,259.0756239791886,262.1595019189699,26439700
2022-06-10,247.6799774169922,255.11065175767507,247.2296258219551,255.11065175767507,31422800
2022-06-13,237.17518615722656,243.79330970606344,236.4605123501644,239.96537332587806,46135800
2022-06-14,239.3583984375,240.58216215513482,236.44093497892277,238.74161674348503,28651500
2022-06-15,246.47576904296875,249.94147585726012,241.24785462929694,243.0981845594626,33111700
2022-06-16,239.82830810546875,242.22688189014661,237.91923978454233,240.81710376437903,33169200
2022-06-17,242.4520721435547,245.24225951463924,238.90805704586595,239.563992633981,43084800
2022-06-21,248.4142303466797,249.40302597463906,244.27300349723436,245.00726166987803,29928300
2022-06-22,247.81704711914062,251.77225973173523,245.1149673303229,246.60306816050357,25939900
2022-06-23,253.4267578125,253.92606295299717,248.30654971305992,250.2058333285102,25861400
2022-06-24,262.0812683105469,262.3553902076605,256.22677151435016,256.3148789230246,33923200
2022-06-27,259.3301696777344,262.66857001472505,257.7539468477337,262.5804626332274,24615100
2022-06-28,251.0967254638672,261.30780194280726,250.94008013519854,258.4393071868514,27295500
2022-06-29,254.79739379882812,256.47149412090425,250.39182968228573,252.1834214739702,20069800
2022-06-30,251.43939208984375,254.08273384690168,247.59188587569716,251.65477571358215,31730900
2022-07-01,254.1316375732422,254.317652035355,249.26596711884596,251.00862027317996,22837700
2022-07-05,257.3330078125,257.4602840032842,249.39322922409437,250.78342283801058,22941000
2022-07-06,260.62249755859375,262.36513586069475,256.89246821602336,258.2141389786212,23824400
2022-07-07,262.7664489746094,263.4125995802223,259.4573882414858,259.55529528058474,20859900
2022-07-08,262.04205322265625,262.47282039590425,257.7637804982548,259.2322968042255,19658800
2022-07-11,258.9582214355469,260.9358129934743,256.6771089663628,260.07427849234284,19455200
2022-07-12,248.345703125,260.3581715303556,246.74991051396503,260.2994332641739,35868500
2022-07-13,247.41563415527344,248.22821498935272,242.9023933395208,244.93873779025188,29497400
2022-07-14,248.74710083007812,249.78485003382096,240.77795239516902,245.3107778168034,25102800
2022-07-15,251.3317108154297,254.90509507106717,249.42264230983537,250.35269979322516,29774100
2022-07-18,248.91351318359375,255.36519121832876,247.98345584671802,254.2980729574768,20975000
2022-07-19,254.08277893066406,254.26879345130976,248.35555735884643,252.17369511437445,25012600
2022-07-20,256.7651672363281,259.3106014451574,253.4757050910402,254.44491628080533,22788300
2022-07-21,259.28125,259.3302184725148,251.63517705977236,254.33725677559613,22404700
2022-07-22,254.89529418945312,259.7609801417797,253.63239148828063,259.6728727354453,21881300
2022-07-25,253.3974151611328,256.01138779233145,251.41982360963988,255.52188227073998,21056000
2022-07-26,246.6128387451172,254.42535645150633,244.3317565031678,254.40575711227834,39348000
2022-07-27,263.0993957519531,264.38189771901045,253.4169928964786,255.67850582324644,45994000
2022-07-28,270.6084289550781,272.00840748799504,262.2476668083171,264.08821223368335,33459300
2022-07-29,274.8475036621094,276.08106692604906,270.8237833042732,271.871332111681,32152800
2022-08-01,272.1748352050781,275.3761901550991,270.05036836453405,271.98882074026835,21539600
2022-08-02,269.0517578125,272.05732816787753,266.66296904737686,270.20698339711424,22754200
2022-08-03,276.5412292480469,277.54960934972075,270.8042094411222,270.95108498791575,23518900
2022-08-04,277.6964416503906,277.8432873130709,274.28950276803903,275.8852654718878,18098700
2022-08-05,276.9720153808594,277.6964739858007,272.83078794881084,273.2909243301496,16774600
2022-08-08,274.4363098144531,279.9187761737299,273.45729903161936,278.0880009131187,18739200
2022-08-09,276.37481689453125,277.1384443445056,271.78325252319604,273.7706737044744,23405200
2022-08-10,283.0908203125,283.727171478026,280.91741472837924,282.12160899696113,24687800
2022-08-11,280.9956970214844,285.09775507183355,280.4964217801889,284.74532548974264,20065900
2022-08-12,285.7830810546875,285.7830810546875,280.9173955904025,282.4250807717838,22619700
2022-08-15,287.3103942871094,288.0054838160236,284.0209013912146,284.892235628105,18085700
2022-08-16,286.5662536621094,287.86835480614087,284.3243403574002,285.86136466456145,18102900
2022-08-17,285.8108825683594,287.8024922351744,283.99586175307365,284.26074503036756,18253400
2022-08-18,284.6826477050781,286.3897332203987,283.61323419946183,284.70225870922667,17186200
2022-08-19,280.73858642578125,283.77996804372776,280.15974756005085,283.4365809361365,20570000
2022-08-22,272.49749755859375,277.1184188368337,271.9775215331482,276.74560018831363,25061100
2022-08-23,271.21221923828125,273.58643762124234,270.19187839396074,271.21221923828125,17527400
2022-08-24,270.57452392578125,271.98729437780435,269.9073606997729,270.20170534254487,18137000
2022-08-25,273.57666015625,273.74342851137396,269.32852822894,272.0853857878454,16583400
2022-08-26,263.0201416015625,275.03848163152117,262.912236184959,273.8022999332069,27549300
2022-08-29,260.2142333984375,262.34317965664627,258.8603258548237,260.82250375792574,20338500
2022-08-30,257.9969787597656,261.99980875611,255.73066553661042,261.62702008142634,22767100
2022-08-31,256.525390625,262.0587180642204,256.38802376755564,260.37127340738465,24791800
2022-09-01,255.47555541992188,255.95630936272835,250.5799311628272,253.97449053092632,23263400
2022-09-02,251.2176513671875,259.7334968513896,249.65772342258182,256.75100779601735,22855400
2022-09-06,248.46080017089844,252.9541748145987,247.17557591964425,251.3550248242959,21328200
2022-09-07,253.209228515625,253.9352247146791,248.4313304025827,249.8833377709193,24126700
2022-09-08,253.63111877441406,255.50500236667435,249.9716609777116,252.64023923895377,20319900
2022-09-09,259.45880126953125,260.2142589984414,255.36767670573366,255.57369702249932,22084700
2022-09-12,261.6073913574219,262.3922805681885,260.1455782417831,260.7538486673385,18747700
2022-09-13,247.22463989257812,255.47558758569218,246.83219528282993,253.94509103325214,33353300
2022-09-14,247.4502716064453,249.422255129706,245.13490094116702,248.73549581590103,23913000
2022-09-15,240.73960876464844,246.64575340186522,239.40532720812112,245.04658861023827,31530900
2022-09-16,240.11172485351562,240.66113229279696,237.48239857523066,239.6407913596488,39791800
2022-09-19,239.89588928222656,240.5041596788793,236.29529440647048,237.8846538146174,26826900
2022-09-20,237.86502075195312,238.9049726778991,235.10816310707335,237.49221711845522,26660300
2022-09-21,234.4312286376953,242.97652096434368,234.38217119049327,239.6506296391872,28625600
2022-09-22,236.4228057861328,239.24834669054107,233.07730391749354,233.37161861984524,31061200
2022-09-23,233.42068481445312,236.56998697978776,230.75212163137076,235.01004414767513,34176000
2022-09-26,232.95956420898438,236.88391994203184,232.41996230164452,232.56713462377124,27694200
2022-09-27,231.93927001953125,237.22733949406822,230.06538630792042,235.44175020566894,27018700
2022-09-28,236.51112365722656,237.74729036216598,230.29100825019512,232.33167509105272,29029700
2022-09-29,233.00863647460938,235.41230151998565,229.97707507080545,234.37234957979894,27484200
2022-09-30,228.49560546875,235.99112428398234,228.32882214732575,233.78367419476854,35694800
2022-10-03,236.18736267089844,237.04090527942392,230.22233997112195,230.9581566943969,28880400
2022-10-04,244.17343139648438,245.62543890273426,240.34717537254542,240.45509575971312,34888400
2022-10-05,244.4873504638672,245.84125793400293,239.48380606464255,241.3380634836322,20347100
2022-10-06,242.12295532226562,245.60582437562348,241.4263904937324,243.24139621855934,20239900
2022-10-07,229.81028747558594,236.75639923261386,228.76051508396571,236.34432868826758,37769600
2022-10-10,224.9146728515625,230.12425350034638,222.44232416443015,228.64281437052017,29743600
2022-10-11,221.14727783203125,224.72824673845577,219.87185912212996,223.31547616565618,30474000
2022-10-12,221.4808349609375,223.55093328629187,219.72469229166987,221.1374478333713,21903900
2022-10-13,229.81028747558594,231.63511357251895,214.9860324269644,215.69241768837264,42551800
2022-10-14,224.23768615722656,232.7535459571263,224.02184539239812,231.08568277977395,30198600
2022-10-17,233.03807067871094,234.44103574350325,230.69326855035126,231.36041685975584,28142300
2022-10-18,233.98971557617188,239.31702141175575,230.9189023590594,238.64008260835197,26329600
2022-10-19,232.00790405273438,235.07871716866842,229.85931691859707,232.55731145374634,19985700
2022-10-20,231.6841583251953,236.74658109169673,230.42836561927354,231.31135468983817,21811000
2022-10-21,237.54127502441406,238.40463817535837,230.06538128445075,230.30084804477124,26299700
2022-10-24,242.5742645263672,243.15310346564755,236.73678774718022,239.15025839614572,24911200
2022-10-25,245.91978454589844,246.2925882046564,241.18112264413602,242.5840727980999,34775500
2022-10-26,226.94549560546875,233.79349205866856,225.7093139883434,226.79832328569108,82543200
2022-10-27,222.4619140625,229.27067360699243,221.51025660626811,226.67077896987985,40424600
2022-10-28,231.40945434570312,232.12566008407453,221.77516828735477,221.9615775899383,40647700
2022-10-31,227.74020385742188,230.4774356946654,226.7787258187618,229.33936881435187,28357300
2022-11-01,223.85507202148438,231.2819228273095,223.03096086653287,230.1634819826668,30592300
2022-11-02,215.93768310546875,226.9258763118528,215.87880519368812,225.12067624320864,38407000
2022-11-03,210.19833374023438,216.2418460184567,209.93343549904867,215.92789032960977,36633900
2022-11-04,217.2032928466797,217.39950765239473,209.39381782928885,213.43591468412285,36789100
2022-11-07,223.5607452392578,224.09054168163811,217.0953723336888,217.79195210934287,33498000
2022-11-08,224.54183959960938,227.26926588223924,221.56914106156148,224.37505626235279,28192500
2022-11-09,220.2642822265625,224.30637901705902,220.08769339529874,223.0701973172933,27852900
2022-11-10,238.38499450683594,238.72838163553394,230.55590869268073,230.97776976542943,46268000
2022-11-11,242.43692016601562,243.30028333623602,237.3548710098062,238.39483799676765,34620200
2022-11-14,236.9820556640625,239.29742634898736,234.68631095119292,237.41373722789717,31123300
2022-11-15,237.3941192626953,242.3289959998098,235.49080410535458,241.01434026213994,31390100
2022-11-16,237.82701110839844,239.8635959906748,236.5381648360028,238.86989389331643,24093300
2022-11-17,237.7777862548828,239.32244397281602,233.79319025622567,233.94076232565072,23123500
2022-11-18,237.32522583007812,239.80454172439883,235.17058350628665,239.57824453097592,27613500
2022-11-21,238.14181518554688,240.71950733641575,237.29570031743012,237.5318156213768,26394700
2022-11-22,241.07369995117188,241.3491778193643,236.8234592616191,239.65694805051498,19665700
2022-11-23,243.58253479003906,244.27122947352353,240.3259809912339,241.15241461141528,19508500
2022-11-25,243.49398803710938,244.68444275587956,242.7462495237483,243.31688654252778,9200800
2022-11-28,237.8564910888672,242.66753560688645,236.91199984065233,242.1067467430872,24778200
2022-11-29,236.44960021972656,238.86987231087423,234.36383483834427,237.5023160445572,17956300
2022-11-30,251.02047729492188,251.20741193332861,235.98719127226562,236.68573412961413,47594200
2022-12-01,250.57772827148438,251.98463200821257,246.86859521910088,249.77096094454157,26041500
2022-12-02,250.90240478515625,251.92560615006704,245.65846213549597,245.78636793576652,21528500
2022-12-05,246.1602325439453,249.72179372232623,244.0547858859714,247.9410056269265,23435300
2022-12-06,241.16224670410156,247.79342694197786,239.84388617106353,246.77022556127832,22463700
2022-12-07,240.4243621826172,242.18546899324627,238.2992492613639,240.87694156221002,20481500
2022-12-08,243.4054412841797,244.72381687861164,239.13551909397142,240.88677778050695,22611800
2022-12-09,241.45741271972656,244.30074977698516,240.21776225957035,240.74903673894627,20609700
2022-12-12,248.4329376220703,248.46245203745158,243.1791615103396,243.45463939551072,30665100
2022-12-13,252.77174377441406,259.65872070865197,248.9839004556159,257.46471581923214,42196900
2022-12-14,253.06687927246094,258.3501694503851,250.20386107035162,252.97833603216918,35410900
2022-12-15,244.9894561767578,250.09566036022588,243.34642195222244,249.62341468795935,35560400
2022-12-16,240.73919677734375,245.8060380118758,239.5782414480496,244.53687317288268,86102000
2022-12-19,236.56764221191406,241.2507958881521,234.8557462150659,240.9064410546343,29696400
2022-12-20,237.89588928222656,238.98796777259315,234.57045811090094,235.53463078316423,25150800
2022-12-21,240.48336791992188,241.65415629907918,236.2331274731209,237.78761821908952,23690600
2022-12-22,234.34414672851562,238.0827942939146,230.09389096681957,237.36457018736087,28651700
2022-12-23,234.8754425048828,235.01318145341284,230.16278882578723,232.29775003421244,21207000
2022-12-27,233.134033203125,235.07221162835242,232.02227346137494,234.8459294285658,16688600
2022-12-28,230.7432403564453,235.84944419826127,230.38905237283905,233.0651360239934,17457100
2022-12-29,237.1186065673828,238.01391715718688,231.84514942911116,231.84514942911116,19770700
2022-12-30,235.9478302001953,236.08556913442962,232.83884852757203,234.36382495029187,21938500
2023-01-03,235.7117156982422,241.78209237051,233.56690642131554,239.15520429761872,25740000
2023-01-04,225.4009246826172,229.11004291520683,222.31162417160007,228.52957274245693,50623400
2023-01-05,218.72056579589844,223.87596581760184,218.17944312939204,223.53161093552876,39585600
2023-01-06,221.29823303222656,222.11483350618235,215.80834191501188,219.399402361249,43613600
2023-01-09,223.452880859375,227.50636891623878,222.75435303516963,222.7937005835737,27369800
2023-01-10,225.15496826171875,227.5752404191146,223.65950614856146,224.08255611441774,27033900
2023-01-11,231.9632110595703,232.14029753488452,227.37844881914944,227.55553529446362,28669300
2023-01-12,234.65899658203125,236.02655295089104,229.7889226073101,231.4614712939673,27269500
2023-01-13,235.36737060546875,235.50510955466578,231.126962584739,233.17338055310896,21333300
2023-01-17,236.4692840576172,237.02023982375786,233.2619108280689,234.12770703910064,29831300
2023-01-18,232.00259399414062,238.46652155260008,231.7172829584752,237.66960226729296,30028700
2023-01-19,228.18521118164062,231.71725783452027,226.9553938963196,230.00534676888293,28623000
2023-01-20,236.3413848876953,236.85299311880186,230.72357251730264,231.06792738702072,35389800
2023-01-23,238.6632537841797,241.2114314930767,235.7805543777998,237.2071543808696,31934000
2023-01-24,238.13198852539062,240.01115305507722,236.55783131151753,238.58456791948572,40234400
2023-01-25,236.72508239746094,239.3716517336312,227.1718546280861,230.6940533159615,66526600
2023-01-26,243.99575805664062,244.30075035222444,238.0926348778509,239.71598774705066,33454500
2023-01-27,244.1531982421875,245.79623252647838,242.8446706957336,244.9697988168506,26498900
2023-01-30,238.7911834716797,241.63452060404668,238.2894083814615,240.56210845799185,25867400
2023-01-31,243.80882263183594,243.94656157173196,239.02729227198978,239.51921920196398,26541100
2023-02-01,248.6690673828125,251.05982509768327,241.5066123600795,243.99576146760634,31259900
2023-02-02,260.32769775390625,260.4162409848546,253.09636697813588,254.6410245092878,39940400
2023-02-03,254.1786346435547,259.93418536512996,252.9488173964162,255.34942306481736,29077300
2023-02-06,252.62413024902344,254.1294253669874,250.6662707885229,253.28332550812183,22518000
2023-02-07,263.2398681640625,264.4303226192157,255.88063238938153,256.32337852158383,50841400
2023-02-08,262.42333984375,272.2913924433007,261.9117166421838,268.7888752510765,54686000
2023-02-09,259.3635559082031,269.5562977519744,258.55678851794653,269.379181234106,42375100
2023-02-10,258.85198974609375,259.825995584377,256.451383618039,257.3073317819656,25818500
2023-02-13,266.9392395019531,270.1662789980363,262.8365556487046,263.3186644624134,44630900
2023-02-14,267.7755432128906,270.53032226738316,264.9321908808967,268.2674701886814,37047900
2023-02-15,265.63519287109375,267.02590497768625,262.5381396478936,264.6488747898258,28922400
2023-02-16,258.56329345703125,263.09049009144866,258.3167139229124,260.4077035562338,29603600
2023-02-17,254.52926635742188,256.5314910527994,252.49745332073493,255.84108638890078,30000100
2023-02-21,249.2130126953125,251.99443718648416,248.1477872550779,250.9982461928277,28397400
2023-02-22,248.06886291503906,250.8601449778206,246.91487253007625,250.61356544983659,22491100
2023-02-23,251.28427124023438,253.32594191932378,247.0529580842625,252.06345593176604,29219100
2023-02-24,245.81019592285156,247.56584092140017,244.70552447657911,246.54007672843568,24990900
2023-02-27,246.73733520507812,249.36094491732896,245.97786606731717,249.00586980552043,21190000
2023-02-28,246.0074462890625,248.04913187710335,245.3268844263822,245.66224400148405,22491000
2023-03-01,242.90057373046875,247.4968048471562,242.42713018495667,247.32913256854502,27565300
2023-03-02,247.6743621826172,247.96038783673535,242.24961211812996,243.17675362806392,24808200
2023-03-03,251.79714965820312,252.1226364482334,247.95051495788212,248.73957247462036,30760100
2023-03-06,253.3555450439453,256.56107911582933,252.47772246933792,252.92156263851766,24109800
2023-03-07,250.67274475097656,254.16431933176884,249.92314839607042,252.7933226938157,21473200
2023-03-08,250.22891235351562,251.05741598985657,247.37845349394541,250.5642569134602,17340200
2023-03-09,248.8677978515625,256.00873148264196,248.13791701716175,252.31991130747735,26653400
2023-03-10,245.18882751464844,249.33136077212063,244.212382169328,247.64476514837403,28333900
2023-03-13,250.44590759277344,254.38132250393278,242.36795938303734,244.0151089187801,33339700
2023-03-14,257.221923828125,257.4980917115578,252.3593674269289,253.23718999570187,33620300
2023-03-15,261.80828857421875,262.83406786424365,255.66351574748856,256.4229999766593,46028000
2023-03-16,272.42108154296875,272.77614162435196,259.67783796593795,261.58142474678226,54768800
2023-03-17,275.60687255859375,279.4535073114165,272.53943756981755,274.4528971827675,69527400
2023-03-20,268.5054016113281,273.6835719142719,266.1579595913203,273.1904128378011,43466600
2023-03-21,270.0341796875,271.2374890246291,265.83245477095994,271.1191356636067,34558700
2023-03-22,268.5645446777344,277.1948274357684,268.456034042471,269.65934324244984,34873300
2023-03-23,273.8611145019531,277.21459035555193,271.4347801625903,274.137282393425,36610900
2023-03-24,276.73126220703125,276.79043888196287,271.5136313002802,273.44680624813554,28172000
2023-03-27,272.5986328125,277.60911609580637,271.7503834964028,276.66225903833964,26840200
2023-03-28,271.46435546875,272.36190859794345,268.32784087331277,272.0166912251704,21878600
2023-03-29,276.672119140625,277.29350440292745,274.6008449662974,275.1433079190786,25087000
2023-03-30,280.1636962890625,280.5680903971599,277.62888117739845,280.3412564560641,25053400
2023-03-31,284.3554992675781,285.31222903893445,279.12802532101676,279.84804837782394,32766000
2023-04-03,283.3001403808594,284.325889466506,280.0650184260436,282.5998329031126,24883300
2023-04-04,283.25079345703125,286.47607255191673,281.76147375851104,283.30012741660755,25824300
2023-04-05,280.44970703125,283.2212587025445,279.04915207495935,281.9390571115694,22064800
2023-04-06,287.61041259765625,288.08382610165665,278.1713395610663,279.3351878917937,29770300
2023-04-10,285.4306335449219,285.6377519354261,280.8146415705329,285.2530733958761,23103000
2023-04-11,278.9603576660156,282.06728401372465,277.78666672359924,281.84041999626015,27276600
2023-04-12,279.6112976074219,283.0831564477378,278.1022321774105,280.8935291473253,27403400
2023-04-13,285.8744812011719,285.9336578888376,279.2957552552927,279.7099920689529,24222700
2023-04-14,282.22509765625,284.53307857876393,279.8086060822283,283.0733168405744,20987900
2023-04-17,284.8486328125,287.6103413350814,282.2447688855352,285.963176993753,23836200
2023-04-18,284.424560546875,287.7681935286541,283.0831823087849,287.58079067185605,20161800
2023-04-19,284.5034484863281,285.09521522573914,280.6469413676324,282.0770844545925,17150300
2023-04-20,282.1954345703125,285.0754964359553,281.1795282125759,281.34721552018016,23244400
2023-04-21,281.8503112792969,282.3533131161385,279.18723997819416,281.1105725956621,21676400
2023-04-24,277.9148254394531,281.0513397068863,274.90656743425353,278.2304544386979,26611000
2023-04-25,271.65179443359375,277.7472341914708,271.60246045947366,275.6858325943912,45772200
2023-04-26,291.3287353515625,295.47128288503853,288.7248715505481,292.64055511384544,64599200
2023-04-27,300.6593017578125,301.02426470070446,291.21038859131284,291.92053875309836,46462600
2023-04-28,303.05609130859375,304.7032255832107,299.1601230015002,299.85055767112425,36446700
2023-05-01,301.37933349609375,304.37774872194575,300.9749394935909,302.7700455242024,21294100
2023-05-02,301.2314147949219,304.94982319914067,299.7519376436355,303.54926835194516,26404400
2023-05-03,300.2352294921875,304.38762034639154,299.9294732832105,302.42485692101525,22360800
2023-05-04,301.2314147949219,303.54926835194516,299.2489057801854,302.0500455746162,22519900
2023-05-05,306.39971923828125,307.7016663861311,300.10700479038076,301.53717811037285,28181200
2023-05-08,304.42706298828125,305.95587404024616,301.90209116443197,305.8868245520847,21318600
2023-05-09,302.7996826171875,305.79809832583857,302.1191206619338,303.78600080160834,21340800
2023-05-10,308.0370178222656,308.71757975112604,303.4605172760594,304.39750145489603,30078000
2023-05-11,305.8670654296875,306.86325625765073,302.06976514891244,305.8572227175548,31680200
2023-05-12,304.74273681640625,306.3997441757822,302.40516748799325,306.30110633533394,19758100
2023-05-15,305.2260437011719,305.6600261483949,303.38163335049654,304.8709835716503,16336500
2023-05-16,307.47479248046875,309.4178403264206,305.59092131205534,305.59092131205534,26730300
2023-05-17,310.38092041015625,310.805957105948,307.15848464072695,308.69063785690577,24315000
2023-05-18,314.848876953125,315.3629029830604,310.1042115690632,310.9048734755505,27276000
2023-05-19,314.6708679199219,315.07614595501167,312.7235725720135,313.089303193333,27529500
2023-05-22,317.4781494140625,318.8719017134637,314.3447029636588,314.9278991458185,24115700
2023-05-23,311.62640380859375,319.00041331686316,311.6165094129582,316.34141515317293,30797200
2023-05-24,310.232666015625,312.85211688528767,309.0069373671883,311.1025282287602,23384900
2023-05-25,322.1635437011719,323.1322291686583,316.31176281610414,319.5144097615483,43301700
2023-05-26,329.05322265625,329.5573240341025,320.1470596021426,320.285430317253,36630600
2023-05-30,327.39251708984375,331.8703038143698,326.71046750825445,331.36620250707483,29503100
2023-05-31,324.6051330566406,332.06810294851243,323.55732240661854,328.4601773065204,45950600
2023-06-01,328.74676513671875,329.6858277758173,320.97737171957544,322.1734171605526,26773900
2023-06-02,331.53424072265625,333.6100425762987,328.7170832188442,330.397501425564,25864000
2023-06-05,332.06805419921875,334.6578520031515,330.80280831921186,331.3563515063498,21307100
2023-06-06,329.8340759277344,331.50459980034327,328.34150034369713,331.46505238445627,20396200
2023-06-07,319.6528015136719,330.6347357358875,318.7829393642212,327.8274725409219,40717100
2023-06-08,321.5111389160156,322.87523818509703,319.62314950969096,320.20634568769077,23277700
2023-06-09,323.02349853515625,326.186597937057,320.6709250669525,321.2442268411128,22514900
2023-06-12,328.02520751953125,328.2723260983216,321.41231193783307,324.792877202814,24260300
2023-06-13,330.4370422363281,333.0960401950641,326.581998965656,330.6149603490119,22951300
2023-06-14,333.4519348144531,335.1323532818647,328.97414719940065,330.4865117537338,26003800
2023-06-15,344.0879211425781,345.80785682788934,333.31355695255627,333.59032855899534,38899100
2023-06-16,338.3843994140625,347.4190691443298,338.00880451318915,347.27080403005846,46533600
2023-06-20,334.1536865234375,338.1372362865327,331.9889256427497,335.39917365091225,26375400
2023-06-21,329.7154541015625,333.8374048180705,328.24263718607625,332.49306421020054,25117800
2023-06-22,335.7945861816406,336.1998642526837,329.4980099014051,330.2690186262127,23556800
2023-06-23,331.15863037109375,334.06474706177283,329.6067487340244,330.5062337501413,23084700
2023-06-26,324.8126220703125,332.2360426605218,324.70387422411295,329.8736050529999,21520600
2023-06-27,330.7138671875,332.27564337179473,325.5045881093416,328.03508000658053,24354100
2023-06-28,331.97906494140625,334.08451980657236,329.9625691340282,330.8027782342556,20259500
2023-06-29,331.18829345703125,332.2360737742662,328.7863082108704,330.8522158237522,16997000
2023-06-30,336.61505126953125,338.7798124300312,333.3135506813242,333.85719948758003,26823800
2023-07-03,334.09442138671875,336.9708852401349,332.6908047635794,335.28060262151536,12508700
2023-07-05,334.2525634765625,337.7122233709409,330.8719984154976,331.22783466788746,18172400
2023-07-06,337.33660888671875,339.03678586609493,331.6331231134423,333.4123647627666,28161200
2023-07-07,333.33331298828125,337.85064789204796,333.11584743020944,335.40911510335906,21185300
2023-07-10,328.0054016113281,331.3662382401782,323.81428038681094,330.74349462758727,32791400
2023-07-11,328.6380310058594,329.02352027231524,323.23107571915307,327.2442787108393,26698200
2023-07-12,333.31353759765625,337.71223002191914,331.8011731635339,332.7204469994857,29995300
2023-07-13,338.7105712890625,339.77811014672653,335.1125107395489,335.64629525130016,20567200
2023-07-14,341.2608337402344,347.37949164129134,340.3415599455214,343.583754215455,28302200
2023-07-17,341.7452392578125,342.9906963945975,338.25592609703426,341.69579744205475,20363900
2023-07-18,355.3465881347656,362.55257365392396,338.2262375492029,341.84402665294436,64872700
2023-07-19,350.9874572753906,358.28240277063935,348.377900689894,357.5805944318739,39732900
2023-07-20,342.8720703125,353.8441409060029,341.3893588854277,349.4948600864259,33778400
2023-07-21,339.8077697753906,346.2625051878546,335.91317895795135,345.12576587462695,69368900
2023-07-24,341.13232421875,342.92149031284805,338.3646084639406,341.86381565568047,26678100
2023-07-25,346.93475341796875,347.83426873576747,341.0928661337009,343.10933217661227,41637700
2023-07-26,333.8769836425781,340.6974810620042,329.2706893681467,337.50469792458944,58383700
2023-07-27,326.9081726074219,337.39586887577104,325.2574075013641,336.55568997962285,39635300
2023-07-28,334.4700012207031,336.0911133446516,329.32995361861987,329.82419070531085,28484900
2023-07-31,332.0483093261719,333.80779242227305,329.5177872955062,333.036783653551,25446000
2023-08-01,332.46343994140625,334.6380954513858,329.85388349527227,331.32670053812484,18311900
2023-08-02,323.725341796875,329.7846942423864,322.59846658551965,329.7846942423864,27761300
2023-08-03,322.89501953125,326.07790799446406,322.1932112223528,322.24262287118034,18253700
2023-08-04,324.0021057128906,331.2772922665629,323.468321143029,328.05485638688526,23727700
2023-08-07,326.3052062988281,327.2936805067541,323.7450617202006,324.5852708301054,17741500
2023-08-08,322.2920227050781,324.96091529244745,319.27718825691414,323.19153790799385,22327600
2023-08-09,318.51605224609375,323.3397810015837,317.3496297643479,322.7071731999779,22373300
2023-08-10,319.2079772949219,324.47656185747303,317.47814738461386,322.26235905950784,20113700
2023-08-11,317.3101806640625,318.6940388077584,315.53090862287206,316.56882485502774,24342600
2023-08-14,320.3052062988281,320.3249649242418,316.3908265264189,317.685755554102,18836100
2023-08-15,318.1502990722656,321.3430816736335,317.2013722642117,319.27717416657407,16966300
2023-08-16,317.3777160644531,321.35981544543756,316.7833697149334,317.77393688756257,20698900
2023-08-17,313.8908996582031,318.8338196904496,313.22720641667973,317.5163787813706,21257200
2023-08-18,313.4947204589844,315.3767921057712,308.61120115537415,311.52347116144796,24744800
2023-08-21,318.84375,319.72533901894826,314.04940875807927,314.9309977770275,24040000
2023-08-22,319.4182434082031,323.00409130288494,318.42767635532056,322.4295757132843,16102000
2023-08-23,323.9154357910156,326.0946954631443,320.4088198566661,320.76543972560916,21166400
2023-08-24,316.9517517089844,329.8390391710411,316.9418363646179,329.71026061311085,23281400
2023-08-25,319.93341064453125,322.29093522814463,315.7928167026934,318.4376444732823,21684100
2023-08-28,320.64654541015625,323.07341638765513,318.68521189548767,322.5880482380964,14808500
2023-08-29,325.3121643066406,325.87679484238714,318.8437619677204,318.8437619677204,19284600
2023-08-30,325.68853759765625,326.6989050711042,323.3706144081888,325.5696743925102,15222100
2023-08-31,324.6683044433594,327.7885849745621,323.6975377366628,326.0947235827168,26411000
2023-09-01,325.559814453125,328.8583898761106,323.69754330969545,328.184811445848,14931200
2023-09-05,330.4036560058594,331.6914114200369,325.55979843195536,325.89658763051284,18553900
2023-09-06,329.7399597167969,331.3050423323038,327.06541662823025,330.2352432347013,17535800
2023-09-07,326.7979736328125,329.93805420021084,325.926269806624,328.1649609757256,18381000
2023-09-08,331.1168518066406,332.989038125567,326.35222650031665,326.9762886066254,19530100
2023-09-11,334.75225830078125,335.2277414058345,332.26592513119544,334.05884921795905,16583300
2023-09-12,328.6404113769531,333.6130771951455,328.35316870476373,332.65222597060966,17565500
2023-09-13,332.8899841308594,333.672540620453,328.0461266305685,328.1847903080037,16544400
2023-09-14,335.5050964355469,337.6446948177022,333.3951836281645,335.9508335027836,20267000
2023-09-15,327.1051025390625,334.2173677918006,326.5404719789894,333.7419148820228,37666900
2023-09-18,325.9560241699219,327.28338052420895,323.2814807713204,324.7078998866131,16834200
2023-09-19,325.54986572265625,326.2829059201443,321.44893371923223,323.09327870427745,16505900
2023-09-20,317.7441711425781,326.48097948715775,317.4866442743729,326.401747426873,21436500
2023-09-21,316.5158996582031,322.2810073516276,312.02863196954377,316.24845742778143,35529500
2023-09-22,314.01971435546875,318.4178350943652,313.16781085321537,318.2890565230016,21447900
2023-09-25,314.5447082519531,314.67348682106314,312.028659170828,313.60365734669637,17836000
2023-09-26,309.19561767578125,312.900328819341,307.09559010844697,312.157403521801,26297600
2023-09-27,309.8394775390625,311.335213235628,306.7687136232028,309.35407912600334,19410100
2023-09-28,310.68145751953125,312.5040972255242,306.53097924919433,308.05643070863107,19683600
2023-09-29,312.7716064453125,316.456517792194,312.00888055219644,314.75274092794314,24140300
2023-10-02,318.76446533203125,318.853642968879,312.2069162826865,313.2965460861367,20570000
2023-10-03,310.433837890625,318.3583746883624,308.2743786386628,317.8036293011886,21033500
2023-10-04,315.9512939453125,317.02112341032625,311.03808927960966,311.0678050853206,20720100
2023-10-05,316.34747314453125,316.961650097937,311.9295526417263,316.08003092831916,16965600
2023-10-06,324.1729736328125,326.08476073214564,313.316337294931,313.5639790506904,25645500
2023-10-09,326.7088317871094,327.1842846242437,320.13145206281695,321.6866495869274,19891200
2023-10-10,325.2923889160156,327.97681765940507,324.57917929739887,327.83812373619844,20557100
2023-10-11,329.2843322753906,329.6805530737714,326.0352733611334,328.08572430592403,20063200
2023-10-12,328.0362243652344,330.482926459862,325.6192380762212,327.4517933683425,19313100
2023-10-13,324.6385803222656,330.6810157045469,323.28147794480293,329.2447114865088,21072400
2023-10-16,329.50225830078125,332.96924318914955,327.4814929300995,327.927229992207,22158000
2023-10-17,328.9277038574219,330.31449173060963,324.32157295768366,326.4810019480552,18338500
2023-10-18,326.9960632324219,332.4243813643055,325.20313935133987,329.3536175679104,23153600
2023-10-19,328.1946716308594,333.7022218320925,327.7885355259493,329.01682895465837,25052100
2023-10-20,323.58856201171875,328.78903919276047,322.38006896236453,328.5909136844565,25012600
2023-10-23,326.21356201171875,329.59139942320206,321.33007350300215,322.39987266135313,24374700
2023-10-24,327.4121398925781,328.70978036544676,324.5097855665259,328.17486567114935,31153600
2023-10-25,337.4565124511719,342.93434738928164,334.43526461185274,341.76545521871486,55053800
2023-10-26,324.79705810546875,338.40744026763304,323.8560072767667,337.3277257655851,37828500
2023-10-27,326.6989440917969,333.54376661625815,325.3022408050966,327.3130908782091,29856500
2023-10-30,334.1282043457031,336.24803256583084,328.699885458302,330.26499849048633,22828100
2023-10-31,334.9206237792969,335.8022429983136,331.5329012652958,335.6536639809817,20265300
2023-11-01,342.8055725097656,344.1428441756508,336.44611826051886,336.58481216840323,28158800
2023-11-02,345.0343322753906,345.53950092957126,341.5178010064738,343.96450290123875,24348100
2023-11-03,349.4720764160156,351.04710477759244,344.0536729275239,346.3319954972326,23624000
2023-11-06,353.1668701171875,354.167352513998,350.01687414448827,350.1159368957074,23828300
2023-11-07,357.129150390625,359.0409376119259,354.25651188648914,356.0098047464276,25833900
2023-11-08,359.77398681640625,360.4376498521563,357.1489597884209,358.2683054606333,26767800
2023-11-09,357.28765869140625,361.34898994935685,356.9607546115584,358.8824572522027,24847300
2023-11-10,366.1829528808594,366.6088894784068,357.6640697813667,358.0800910344148,28042100
2023-11-13,363.22113037109375,364.99425391218455,362.44848925632533,364.7466121416856,19986500
2023-11-14,366.7772521972656,368.4414278225423,363.88481332825825,367.5102923734174,27683900
2023-11-15,366.9261779785156,370.3604880235156,364.385151432171,368.52421338899586,26860100
2023-11-16,373.3779602050781,373.55661691809644,367.43239928816575,368.2066086689788,27182300
2023-11-17,367.1048278808594,371.59126768484566,364.2759756899048,370.836899022974,40157000
2023-11-20,374.63848876953125,376.0578674563183,368.24628665339475,368.46465493528996,52465100
2023-11-21,370.30096435546875,373.4275780062099,368.36542575254623,372.88167239567645,28423100
2023-11-22,375.04547119140625,376.97107425610585,372.18684271222065,375.1943517807251,23345300
2023-11-24,374.6285705566406,375.164570962539,372.35558957569657,374.5293067346497,10176600
2023-11-27,375.7998046875,377.81476637047604,373.40771923794165,373.9834009394594,22179200
2023-11-28,379.8594665527344,380.15722772173007,375.35315568518746,375.5417478559064,20453100
2023-11-29,376.0379943847656,381.4475236203958,374.63845646571406,380.91155357646585,28963400
2023-11-30,376.09759521484375,377.26882955398304,372.6831257280476,375.6806992801835,30554400
2023-12-01,371.7302551269531,375.3531573911705,368.5539946182593,373.9635547777664,33020400
2023-12-04,366.40008544921875,366.7772394676553,360.2063810389884,366.3603738663603,32063300
2023-12-05,369.7550048828125,370.3108459279077,362.90622534848177,363.7300817378277,23065000
2023-12-06,366.0625915527344,371.40266366541096,365.2983177372751,370.76742977916007,21182100
2023-12-07,368.1966857910156,368.69297460847696,363.60104649475284,365.49687341238314,23118900
2023-12-08,371.45233154296875,371.680605008,365.4968658565483,366.4596673541622,20144800
2023-12-11,368.5440368652344,368.8418283086429,363.3826517145165,365.74499115999953,27708800
2023-12-12,371.6012268066406,371.6409383942837,367.71030907640403,368.09742890102524,24838300
2023-12-13,371.59124755859375,374.83699548980223,368.01796236834986,373.22899443589563,30955500
2023-12-14,363.21392822265625,370.9858281001623,361.4273005886206,370.5391560461205,43277500
2023-12-15,367.97833251953125,369.6359202745136,363.56134974741,364.12712629226513,78478200
2023-12-18,369.884033203125,370.23144141816454,365.9434989554768,366.7078030867766,21802900
2023-12-19,370.489501953125,370.489501953125,367.0948734411933,368.73262032256434,20603700
2023-12-20,367.86907958984375,373.23892766598055,367.7797512470062,372.2165740209788,26316700
2023-12-21,370.7674255371094,371.6309631567769,367.2934041212111,369.7946886358752,17708000
2023-12-22,371.7997131347656,372.3952657674826,369.943597824132,370.9063993312227,17091100
2023-12-26,371.8791198730469,374.1421955445061,370.7277262449622,372.21659261542385,12673100
2023-12-27,371.29351806640625,372.2761602183441,370.042860570438,370.916333723745,14905400
2023-12-28,372.4945373535156,373.66577170460124,371.38285523783674,372.58386570662566,14327000
2023-12-29,373.2489013671875,374.36058346889905,370.7079050515424,373.2091897803934,18723000
2024-01-02,368.11724853515625,373.1099126361841,364.0476743294386,371.08504585690326,25258600
2024-01-03,367.8492736816406,370.4895337976216,365.7747900814552,366.27107889368324,23083500
2024-01-04,365.2090148925781,370.3307190883081,364.4447410237536,367.9187627219721,20901500
2024-01-05,365.0204162597656,369.2984233377166,363.7796942466461,366.23136215621287,20987000
2024-01-08,371.9089050292969,372.41512930069973,366.2710715059576,366.5588972016775,23134000
2024-01-09,373.000732421875,373.19922976065686,368.43486955500396,369.2487904298809,20830000
2024-01-10,379.9289245605469,381.3185574608793,373.5268170885799,373.5764338531353,25514200
2024-01-11,381.7751159667969,387.780198154709,377.5566612901961,383.1349423924486,27850800
2024-01-12,385.5866394042969,385.79507222848605,381.79498552621925,382.6287471140417,21645700
2024-01-16,387.3732604980469,391.10536207750914,384.74293583850687,390.73811320122354,27202300
2024-01-17,386.5792236328125,387.21445758579864,381.9538080881543,385.1002926080357,22234100
2024-01-18,390.9465026855469,391.0656071412946,387.2243369881202,388.81246707723466,23392100
2024-01-19,395.7109069824219,395.7109069824219,390.5792676975653,392.82250266388587,29272000
2024-01-22,393.56695556640625,397.6464349802882,390.6686156338387,397.05088235950694,27016900
2024-01-23,395.9391784667969,396.41562659537493,391.0060668337723,392.8125652438518,20525900
2024-01-24,399.5720520019531,402.6192726240681,397.4777277230109,398.5596337147809,24867000
2024-01-25,401.8648986816406,403.9890293414655,399.54227067121064,401.318993103645,21021200
2024-01-26,400.9318542480469,403.15524862311014,399.4429878794264,401.3685908061273,17803300
2024-01-29,406.6788635253906,406.9369433742504,401.32885614210204,403.046026159944,24510200
2024-01-30,405.5572814941406,409.984169147339,403.4331811629269,409.2000546460513,33477600
2024-01-31,394.6290283203125,412.2373773020663,394.2617794181789,403.9394119853898,47871100
2024-02-01,400.7829895019531,404.97166826278436,398.8176749129533,398.8474510298594,30657700
2024-02-02,408.167724609375,409.58710317790053,400.564577252774,400.8127216301132,28245000
2024-02-05,402.63909912109375,408.1082114138597,400.9914166630484,406.8575539393165,25352300
2024-02-06,402.48028564453125,404.94188902369723,399.9194487371533,402.8674054523912,18382600
2024-02-07,410.9767150878906,411.2248594709387,404.37608055702276,404.41579213980793,22340500
2024-02-08,411.03631591796875,412.47556562625147,409.4680565597391,410.97676368228065,21225300
2024-02-09,417.4284973144531,417.6965126525744,412.0090321031855,412.16784815401843,22032800
2024-02-12,412.1777648925781,417.6170705038726,411.67154064674395,417.4384138139534,21202900
2024-02-13,403.30413818359375,407.0263041880398,400.3958930819754,401.93437624738726,27824900
2024-02-14,407.20220947265625,407.55026012610176,402.309714028661,405.7901598689575,20401200
2024-02-15,404.2886047363281,406.844253795532,402.0312978280853,405.8597944956463,21825500
2024-02-16,401.8025817871094,406.00896040801706,401.1860504791686,405.68078706857665,22281100
2024-02-20,400.5396423339844,402.2301263167616,395.7863491519294,400.98710999983217,24307900
2024-02-21,399.93304443359375,400.0424456526566,395.0007640638113,397.9342947827931,18631100
2024-02-22,409.35015869140625,410.52355890092315,406.2873796052456,407.89832401951116,27009900
2024-02-23,408.0474853515625,413.53663497455545,406.68514420153736,413.34772439674856,16295900
2024-02-26,405.26312255859375,409.8573062169829,405.0841051371281,409.1612049093751,16193500
2024-02-27,405.2034912109375,406.0387946357455,401.5937665324974,405.71062129384273,14835800
2024-02-28,405.442138671875,407.0132981269282,403.0555531345534,405.89956023265023,13183100
2024-02-29,411.3290710449219,411.8859399826613,403.65220029227874,406.35700528147635,31947300
2024-03-01,413.17864990234375,413.54657789991296,408.58446615968444,408.97227149463464,17800300
2024-03-04,412.6018981933594,415.0183147511929,410.01641805524184,411.1301558754575,17596000
2024-03-05,400.40045166015625,411.9356503526025,398.4017018502844,411.647262039844,26919200
2024-03-06,399.84356689453125,402.8964224494763,396.16425656691945,400.71865529372803,22344100
2024-03-07,406.85418701171875,407.4905956100929,399.99271239952117,403.8510400518644,18718500
2024-03-08,403.95050048828125,408.12704774835913,402.07104511712214,405.6807696131603,17971700
2024-03-11,402.2599792480469,403.4135020941874,399.01821315419863,401.50424592249806,16120800
2024-03-12,412.9598693847656,413.2482576798519,404.5173119089149,405.3426614260634,22457000
2024-03-13,412.7809143066406,415.8436935276916,409.15131229350845,415.76415382654346,17115900
2024-03-14,422.8443603515625,425.42984060788893,415.6547423607053,417.89217194553146,34157300
2024-03-15,414.0935363769531,420.23900234731536,410.48381179475484,416.9474972557258,45049800
2024-03-18,414.9884948730469,418.3794472894522,411.4682638941532,411.93563927933707,20106000
2024-03-19,419.0556640625,419.3142212017465,413.2283870161096,415.4956478647297,19837900
2024-03-20,422.85430908203125,423.58021124975613,418.309833763603,419.6423437252515,17860100
2024-03-21,426.97113037109375,428.41304144575804,424.7734860074544,427.42855188114163,21296200
2024-03-22,426.3446960449219,427.45843394827926,423.689629855147,427.29935454529834,17636500
2024-03-25,420.4975280761719,425.0221260957636,419.2545116444842,422.8642362176382,18060500
2024-03-26,419.2943115234375,423.6100610855182,418.9959997080953,423.23217922136354,16725600
2024-03-27,419.0755310058594,422.0786781731288,416.6690681514724,422.0687243304564,16705000
2024-03-28,418.3694763183594,419.5130453021147,416.77840930540117,418.60812574882544,21871200
2024-04-01,422.1979675292969,425.49942622936265,419.8610907281335,421.581436276879,16316000
2024-04-02,419.0854797363281,420.02023052369515,415.5055863322716,417.76289325444293,17912000
2024-04-03,418.1009826660156,420.8952809331748,416.7485651257134,417.38500404987406,16502300
2024-04-04,415.54534912109375,426.2750749166042,415.2370834893159,422.61561166210583,19370900
2024-04-05,423.14263916015625,424.127128736723,415.98288325528824,417.66344377349407,16544300
2024-04-08,422.2178649902344,424.89283872354207,420.9350635621418,422.7946415969465,14272400
2024-04-09,423.8984375,425.35027220569395,419.26446856697675,424.05754724607453,12512300
2024-04-10,420.89532470703125,421.661011916909,417.3552162776753,419.83129534027074,16216600
2024-04-11,425.5392150878906,426.9711724620608,420.00032651884925,423.4410178927454,17966400
2024-04-12,419.54290771484375,422.804581678046,417.42480282053265,421.68088994748047,19232100
2024-04-15,411.3290710449219,424.43542911406485,411.12022243295877,424.21665700659,20273500
2024-04-16,412.2637634277344,416.0624286957439,411.4185365831452,412.2538399328981,16765600
2024-04-17,409.5390930175781,416.53976983372166,408.0375195051445,414.91887160320215,15855500
2024-04-18,402.0113830566406,409.5888365595163,401.6931939204708,408.3358663111444,21029900
2024-04-19,396.8901672363281,403.21465058171344,395.54770342907875,401.77273939113434,30276500
2024-04-22,398.7198791503906,400.5993345281771,393.5389952527112,397.84479074255864,20286900
2024-04-23,405.29296875,405.9194538806366,400.8081557996997,401.98155601580095,15734500
2024-04-24,406.774658203125,410.1656108320905,404.50739733751277,407.2718647995056,15065300
2024-04-25,396.8106384277344,397.6558956886126,385.8621397543202,391.828618752875,40586500
2024-04-26,404.0499572753906,410.6926298157454,403.49308834069507,409.8672802562405,29694700
2024-04-29,400.0026550292969,404.04992348343285,396.95975348095465,402.98589422156016,19582100
2024-04-30,387.15484619140625,399.91318350003166,386.99576679782797,399.24691335771746,28781400
2024-05-01,392.7335205078125,399.4756402555506,388.129382901202,390.41652094109105,23562500
2024-05-02,395.6173095703125,397.6956293365983,392.4451293093816,395.43832249311964,17709400
2024-05-03,404.3880310058594,404.87528370911673,399.61482996343045,400.03249681413615,17446700
2024-05-06,411.2296142578125,411.61741959801225,404.09965876333644,406.4763207105219,16996600
2024-05-07,407.05303955078125,412.3532781707269,406.804436285041,412.3433243290322,20018200
2024-05-08,408.24639892578125,409.9269596422026,404.4377794192568,405.8896445244435,11792300
2024-05-09,410.0164489746094,410.4142081765272,406.81443732648563,408.27622591252214,14689700
2024-05-10,412.4228820800781,413.05932103483843,409.4993051191923,410.6329506272042,13402300
2024-05-13,411.4085998535156,416.01273748411734,408.52480785647384,415.674640662803,15440200
2024-05-14,414.23272705078125,415.1575239695539,409.25070760597373,409.7180829864954,15109300
2024-05-15,421.4751281738281,422.20237002831465,415.68716952908693,416.31478463063036,22239500
2024-05-16,419.3930969238281,423.80631621551015,418.7555403717738,420.20002201107366,17530100
2024-05-17,418.61602783203125,421.31577000047076,416.4443044242217,420.93720657305465,15352200
2024-05-20,423.7265930175781,425.1511614328831,418.396880603077,418.61604731326383,16272100
2024-05-21,427.4125671386719,431.3276525035277,423.23845828138275,425.2109282566258,21453300
2024-05-22,428.8869323730469,430.76977778184096,425.5098071947049,428.4585707536916,18073700
2024-05-23,425.3802795410156,431.9552501295072,423.806286262839,431.3276350167133,17211700
2024-05-24,428.5283203125,429.42490035124973,422.80013121816387,425.5695849033528,11845800
2024-05-28,428.68768310546875,429.18578646553686,424.98179289048926,428.00029803642946,15718000
2024-05-29,427.5420837402344,429.3053588233618,424.0752731477367,424.0752731477367,15517100
2024-05-30,413.0970764160156,422.6905221136095,412.66868439774686,422.6905221136095,28424800
2024-05-31,413.5553283691406,415.16917849985816,402.97561715504287,415.16917849985816,47995300
2024-06-03,411.951416015625,414.85038138867975,407.36888915692555,413.95380136857847,17484700
2024-06-04,414.49176025390625,414.86035189643934,408.1259843675055,410.8655529993055,14348900
2024-06-05,422.4016418457031,422.47135321415044,414.72086576752366,416.22514771727197,16988000
2024-06-06,422.90966796875,423.69667979403914,418.9846110399524,422.40162321221555,14861300
2024-06-07,422.24224853515625,424.6630237069637,421.3954666942958,424.58334054159934,13621700
2024-06-10,426.2469787597656,426.4561736654937,422.28209533796144,423.08902037615866,14003000
2024-06-11,431.0387268066406,431.17821034370814,423.6369179932823,423.8660564891145,14551100
2024-06-12,439.386962890625,441.7180831231833,431.6065903189822,433.6687456637979,22366200
2024-06-13,439.9049987792969,441.70816111194614,437.7033901966821,439.1777872502892,15960600
2024-06-14,440.8912353515625,441.4590805041377,435.06341969503586,436.61749981653395,13582000
2024-06-17,446.6692199707031,449.2294786395013,439.04824433956117,440.91114611586056,20790000
2024-06-18,444.6469421386719,448.4325462425365,443.2024605110735,448.00415421057704,17112500
2024-06-20,444.0093688964844,444.836207137568,439.59614980649565,444.60706863615064,19877400
2024-06-21,448.0738830566406,448.87083631771554,444.8162978396789,445.68299287159783,34486200
2024-06-24,445.971923828125,451.0326411348473,444.7166934969366,448.09381883309726,15913700
2024-06-25,449.23944091796875,449.7076593011684,445.05536045525633,446.54967056310835,16747500
2024-06-26,450.4448547363281,451.87939491079237,446.4899126612236,447.29683770913255,16507000
2024-06-27,451.1322326660156,454.43964637133854,450.0563123513601,450.4647607669407,14806300
2024-06-28,445.254638671875,453.65265464759193,444.7166784906869,451.3514193859445,28362300
2024-07-01,454.9975280761719,455.6350845987226,443.9695118583906,446.9581321622781,17662800
2024-07-02,457.537841796875,457.8466634618686,451.39123268024355,451.48091804269,13979800
2024-07-03,459.0221862792969,459.27123797386463,456.143164499039,456.4519861681576,9932800
2024-07-05,465.78643798828125,466.5734498542255,457.2290254263628,457.8665819543775,16000300
2024-07-08,464.471435546875,465.9259193229851,462.69818870917646,464.7802572139819,12962300
2024-07-09,457.796875,465.55730397446223,456.26270803688647,465.2285691118471,17207200
2024-07-10,464.4814147949219,464.6906097078431,457.1194320404737,459.4704958685422,18196100
2024-07-11,452.9752197265625,463.0169703529818,449.8371441541028,461.22381037027674,23111200
2024-07-12,451.8295593261719,454.6288978616777,448.94056583137933,452.6065993751412,16324300
2024-07-15,452.238037109375,455.52553783912686,449.7176350841416,451.58053696342466,14429400
2024-07-16,447.81488037109375,452.5767477715214,444.9657434486552,452.4970646024392,17175700
2024-07-17,441.8376159667969,443.16258799675774,437.51408223046485,440.91115096654386,21778000
2024-07-18,438.6995849609375,442.9633488615893,432.7522291311158,442.65452718481316,20794800
2024-07-19,435.4519348144531,439.4666773586476,430.36133271708457,431.4571662650149,20940400
2024-07-22,441.25982666015625,442.9135335372959,437.2451146156544,440.11419496144765,15808800
2024-07-23,443.16259765625,446.6891782136702,441.4192357696415,442.2161890427922,13107100
2024-07-24,427.2730712890625,439.80536929637776,425.9680428717,438.7792775544404,26805800
2024-07-25,416.8128967285156,428.1696475602488,415.9262885329197,427.1734408135737,29943800
2024-07-26,423.6568298339844,427.29300876037615,415.6871759053529,416.61367127993725,23583800
2024-07-29,425.111328125,430.51075182155637,423.0890295874203,429.942906663257,15125800
2024-07-30,421.3157958984375,427.4225180835465,415.77685808571965,426.09757640796397,32687600
2024-07-31,416.76312255859375,420.18010460008077,410.64639818879624,418.90496110695756,42891400
2024-08-01,415.5278015136719,425.838547918417,411.52306114392917,419.19386562327855,30296400
2024-08-02,406.94049072265625,413.42580647571236,402.80623873826266,410.9253177730246,29437900
2024-08-05,393.6510925292969,399.51876489974967,384.1173866027343,387.6937956010728,40709200
2024-08-06,398.09417724609375,404.1312183098937,396.9884023118245,398.48271248363807,24946500
2024-08-07,396.9186706542969,408.5244738707381,395.9623206324772,407.08996403891814,20650900
2024-08-08,401.1625061035156,404.32046453514727,398.42293748970286,400.9134544113508,20203000
2024-08-09,404.4798583984375,406.5021569084041,400.73414164807366,402.4974166714437,19276700
2024-08-12,405.2668762207031,407.2094915951495,402.7066175092627,405.5159279147697,16762900
2024-08-13,412.4395751953125,413.3760119926634,408.01641469772835,408.03632788850376,19414300
2024-08-14,415.27874755859375,416.13550120626286,410.88550237176327,413.22656400495976,18267000
2024-08-15,420.1889343261719,420.2687611144248,416.82567123071317,418.9613804533999,20752100
2024-08-16,417.634033203125,420.4982949962473,416.46635708464305,419.7597830235576,22775600
2024-08-19,420.68792724609375,420.90748898024606,415.6280480476388,418.12305390999944,15234000
2024-08-20,423.9513854980469,425.0092655510223,420.7977248783259,420.85760258271205,16387600
2024-08-21,423.292724609375,425.5481891739701,420.87754555991404,423.2328164492432,16067300
2024-08-22,414.7198791503906,425.93744667495105,413.78175447140427,423.51227773093285,19361900
2024-08-23,415.9573974609375,418.4224644213377,411.2667743519609,416.14702033916933,18493800
2024-08-26,412.6639709472656,416.4464082807184,410.51827204332665,415.53822251165116,13152800
2024-08-27,413.0132751464844,413.53222538686055,409.4304504838206,412.03522191159976,13492900
2024-08-28,409.77978515625,414.1709895566114,406.49634878347894,414.05123414353307,14882700
2024-08-29,412.29473876953125,421.2068927223571,409.77978373376925,414.11111041255606,17045200
2024-08-30,416.30670166015625,416.655978106258,411.3067002995332,414.76976956217663,24308300
2024-09-03,408.6220703125,419.04121691819955,406.2168810784247,417.07515113927735,20313600
2024-09-04,408.0831604003906,410.41848227651053,403.5622109113736,405.09914307922884,15135800
2024-09-05,407.5741882324219,412.2747707026805,405.31869320908027,406.80570694219614,14195500
2024-09-06,400.8975524902344,409.82965516660903,399.9993260182044,408.2428350994982,19609500
2024-09-09,404.9095153808594,407.83365496197575,401.34663967543116,406.42646799117773,15295100
2024-09-10,413.3725891113281,415.4983085515719,406.8855737804821,407.3845749597779,19594300
2024-09-11,422.1949157714844,423.14299971452004,408.7617824312734,414.66996964762023,19266900
2024-09-12,426.1470031738281,426.5162591700305,418.91148614101724,422.4643720681856,17418800
2024-09-13,429.7298278808594,430.9673410477323,424.61007095648097,424.97932695262114,15874600
2024-09-16,430.47833251953125,432.663960115382,427.36457004232324,429.7398205223156,13834700
2024-09-17,434.2807312011719,440.96735935499987,431.40647946288897,439.35060036636963,18874200
2024-09-18,429.94940185546875,435.1589754847829,429.5502069957536,434.13103425412396,18898000
2024-09-19,437.81365966796875,440.61804387535744,436.0272269078699,440.3485942013553,21706600
2024-09-20,434.4004821777344,438.3625528190564,433.35259186813613,436.34659898883444,55167100
2024-09-23,432.6440124511719,435.5881011366269,429.53024996375467,433.41246330331813,15128900
2024-09-24,428.31268310546875,432.48432563013114,425.24880857311865,432.1350187153662,17015800
2024-09-25,431.2467956542969,432.25478780854195,427.7138891426906,428.9713514363913,13396400
2024-09-26,430.4483947753906,434.4304144393862,428.27275694361356,434.2208424719693,14492000
2024-09-27,427.1649475097656,430.98731349999593,426.6160584093853,430.6579556744764,14896100
2024-09-30,429.4403991699219,429.5601850355194,424.5202548923187,427.3545779124989,16807300
2024-10-01,419.849609375,427.6240561781871,417.9733600914629,427.59411732607174,19092900
2024-10-02,416.2967224121094,421.9753581830839,415.87754802693416,421.735816910149,16582300
2024-10-03,415.7079162597656,418.7118826868124,413.46241092439135,416.79573518966424,13686400
2024-10-04,415.2288513183594,418.91148239103603,414.141032422096,417.4044891108862,19169700
2024-10-07,408.7218933105469,416.27674799671047,408.1829635105781,415.16898000097916,20919800
2024-10-08,413.8815612792969,414.8296757293512,407.3546475987459,410.0791746223265,19229300
2024-10-09,416.62603759765625,419.5402177563071,413.47234662969106,415.0292278034618,14974300
2024-10-10,415.0093078613281,416.5163012078428,412.3246790108455,414.4005410260384,13848400
2024-10-11,415.48834228515625,416.2967217455578,412.42446778596707,415.30870917320357,14144900
2024-10-14,418.302734375,423.1929399714268,416.6859449273295,416.93544552364324,16653100
2024-10-15,417.90350341796875,421.6360529989684,414.4304746563672,421.33663401346166,18900200
2024-10-16,415.2887268066406,415.5282376209468,409.66000947414466,414.34064286226896,15508900
2024-10-17,415.8875427246094,421.65599512005826,414.7597951900465,421.5162601711392,14820000
2024-10-18,417.3246765136719,418.81169030533886,415.4284780937268,416.30672505621476,17145300
2024-10-21,417.94342041015625,418.1230535224922,412.92346983800354,415.28873052027103,14206100
2024-10-22,426.656005859375,429.719850009177,417.20492213264845,417.65400492824705,25482200
2024-10-23,423.7518005371094,430.2188362215334,421.68592837942305,429.99927448801196,19654400
2024-10-24,423.8815612792969,425.1290642527003,421.55619868116815,424.48033834123805,13581600
2024-10-25,427.2947082519531,431.6559737319955,425.7178779096375,425.9075007963015,16899100
2024-10-28,425.7378234863281,431.0771422085262,425.44839427381163,430.79770276573566,14882400
2024-10-29,431.0871276855469,432.3046917719988,424.94938886176953,427.14500621655657,17644100
2024-10-30,431.66595458984375,437.6240298288107,431.2368208895649,436.566149775902,29749100
2024-10-31,405.53826904296875,415.3286698537771,405.4883506505116,414.53024968400064,53971000
2024-11-01,409.55023193359375,414.669989017628,406.6859699751707,408.1929633155515,24230400
2024-11-04,407.64404296875,409.6001495592508,404.75983193250556,408.98136250106245,19672300
2024-11-05,410.6380310058594,414.0711614645437,407.26477825056725,407.55420745470553,17626000
2024-11-06,419.3406066894531,419.6100868075599,409.6999006422783,411.5961294118678,26681800
2024-11-07,424.58013916015625,425.997315920461,419.041238212776,420.4384354335317,19901800
2024-11-08,421.6959228515625,425.6480036424066,420.9374313170091,424.4703681752109,16891400
2024-11-11,417.1749572753906,423.9613608320793,415.16896287691225,421.67592700377526,24503300
2024-11-12,422.1849365234375,423.59212350380113,416.3665961739424,417.41448646778457,19401200
2024-11-13,424.3506164550781,428.4723406260961,417.37455923502137,420.7977304833057,21502200
2024-11-14,426.0372314453125,427.3146732159619,419.1609807373746,424.1509924128195,30246900
2024-11-15,414.1709899902344,421.95539641463347,412.8137213651046,418.981368798022,28247600
2024-11-18,414.9294738769531,417.56418428856415,411.27678155870234,414.04123715109023,24742000
2024-11-19,416.9554138183594,417.10510808078726,410.727858391825,412.28473963430486,18133500
2024-11-20,414.65997314453125,416.4563955899673,409.7597781109004,416.0372212157148,19191700
2024-11-21,412.8699951171875,419.7799987792969,410.2900085449219,419.5,20780200
2024-11-22,417.0,417.3999938964844,411.05999755859375,411.3699951171875,24814600
2024-11-25,418.7900085449219,421.0799865722656,414.8500061035156,418.3800048828125,27691100
2024-11-26,427.989990234375,429.0400085449219,418.8500061035156,419.5899963378906,23458900
2024-11-27,422.989990234375,427.2300109863281,422.0199890136719,425.1099853515625,18332400
2024-11-29,423.4599914550781,424.8800048828125,417.79998779296875,420.0899963378906,16271900
2024-12-02,430.9800109863281,433.0,421.30999755859375,421.57000732421875,20207200
2024-12-03,431.20001220703125,432.4700012207031,427.739990234375,429.8399963378906,18302000
2024-12-04,437.4200134277344,439.6700134277344,432.6300048828125,433.0299987792969,26009400
2024-12-05,442.6199951171875,444.6600036621094,436.1700134277344,437.9200134277344,21697800
2024-12-06,443.57000732421875,446.1000061035156,441.7699890136719,442.29998779296875,18821000
2024-12-09,446.0199890136719,448.3299865722656,440.5,442.6000061035156,19144400
2024-12-10,443.3299865722656,449.6199951171875,441.6000061035156,444.3900146484375,18469500
2024-12-11,448.989990234375,450.3500061035156,444.04998779296875,444.04998779296875,19200200
2024-12-12,449.55999755859375,456.1600036621094,449.1099853515625,449.1099853515625,20834800
2024-12-13,447.2699890136719,451.42999267578125,445.5799865722656,448.44000244140625,20177800
2024-12-16,451.5899963378906,452.17999267578125,445.2799987792969,447.2699890136719,23598800
2024-12-17,454.4599914550781,455.2900085449219,449.57000732421875,451.010009765625,22733500
2024-12-18,437.3900146484375,452.6499938964844,437.0199890136719,451.32000732421875,24444500
2024-12-19,437.0299987792969,443.17999267578125,436.32000732421875,441.6199951171875,22963700
2024-12-20,436.6000061035156,443.739990234375,428.6300048828125,433.1099853515625,64263700
2024-12-23,435.25,437.6499938964844,432.8299865722656,436.739990234375,19152500
2024-12-24,439.3299865722656,439.6000061035156,434.19000244140625,434.6499938964844,7164500
2024-12-26,438.1099853515625,440.94000244140625,436.6300048828125,439.0799865722656,8194200
2024-12-27,430.5299987792969,435.2200012207031,426.3500061035156,434.6000061035156,18117700
2024-12-30,424.8299865722656,427.54998779296875,421.8999938964844,426.05999755859375,13158700
2024-12-31,421.5,426.7300109863281,420.6600036621094,426.1000061035156,13246500
2025-01-02,418.5799865722656,426.07000732421875,414.8500061035156,425.5299987792969,16896500
2025-01-03,423.3500061035156,424.0299987792969,419.5400085449219,421.0799865722656,16662900
2025-01-06,427.8500061035156,434.32000732421875,425.4800109863281,428.0,20573600
2025-01-07,422.3699951171875,430.6499938964844,420.79998779296875,429.0,18139100
2025-01-08,424.55999755859375,426.9700012207031,421.5400085449219,423.4599914550781,15054600
2025-01-10,418.95001220703125,424.7099914550781,415.0199890136719,424.6300048828125,20201100
2025-01-13,417.19000244140625,418.5,412.2900085449219,415.239990234375,17604800
2025-01-14,415.6700134277344,419.739990234375,410.7200012207031,417.80999755859375,16935900
2025-01-15,426.30999755859375,428.1499938964844,418.2699890136719,419.1300048828125,19637800
2025-01-16,424.5799865722656,429.489990234375,424.3900146484375,428.70001220703125,15300000
2025-01-17,429.0299987792969,434.4800109863281,428.1700134277344,434.0899963378906,26197500
2025-01-21,428.5,430.8999938964844,425.6000061035156,430.20001220703125,26085700
2025-01-22,446.20001220703125,447.2699890136719,436.0,437.55999755859375,27803800
2025-01-23,446.7099914550781,446.75,441.5,442.0,18389300
2025-01-24,444.05999755859375,446.6499938964844,441.3999938964844,445.1600036621094,15549500
2025-01-27,434.55999755859375,435.20001220703125,423.5,424.010009765625,35647800
2025-01-28,447.20001220703125,448.3800048828125,431.3800048828125,434.6000061035156,23491700
2025-01-29,442.3299865722656,446.8800048828125,440.3999938964844,446.69000244140625,23581400
2025-01-30,414.989990234375,422.8599853515625,413.1600036621094,418.7699890136719,54586300
2025-01-31,415.05999755859375,420.69000244140625,414.9100036621094,418.9800109863281,34223400
2025-02-03,410.9200134277344,415.4100036621094,408.6600036621094,411.6000061035156,25679100
2025-02-04,412.3699951171875,413.9200134277344,409.739990234375,412.69000244140625,20532100
2025-02-05,413.2900085449219,413.8299865722656,410.3999938964844,412.3500061035156,16316700
2025-02-06,415.82000732421875,418.20001220703125,414.0,414.0,16309800
2025-02-07,409.75,418.6499938964844,408.1000061035156,416.4800109863281,22886800
2025-02-10,412.2200012207031,415.4599914550781,410.9200134277344,413.7099914550781,20817900
2025-02-11,411.44000244140625,412.489990234375,409.29998779296875,409.6400146484375,18140600
2025-02-12,409.0400085449219,410.75,404.3699951171875,407.2099914550781,19121700
2025-02-13,410.5400085449219,411.0,406.3599853515625,407.0,23891700
2025-02-14,408.42999267578125,408.9100036621094,405.8800048828125,407.7900085449219,22758500
